key,wine_raw,vintage,format_ml,price,source,source_type,fetched,hits
4 monos danza del viento la isilla|2020|750,4 Monos Danza del Viento La Isilla,2020,750,,Insufficient data - no price found (searched),insufficient,2026-10-05,0
4 monos danza del viento molino quemado|2017|750,4 Monos Danza del Viento Molino Quemado,2017,750,,Insufficient data - no price found (searched),insufficient,2026-10-05,0
4 monos danza del viento molino quemado|2020|750,4 Monos Danza del Viento Molino Quemado,2020,750,,Insufficient data - no price found (searched),insufficient,2026-10-05,0
a levasseur brut rose extrait gourmand|NV|750,A. Levasseur Brut Rosé Extrait Gourmand,NV,750,60,"Wine-Searcher average retail (USA), NV product",ws_allvintage,2026-09-07,0
abadia retuerta pago valdebellon|1996|1500,Abadia Retuerta Pago Valdebellon,1996,1500,237.6,"Wine-Searcher average retail $108/750ml (all-vintage, not vintage-tied), scaled x2.2 for 1.5L magnum format",ws_allvintage,2026-09-28,0
abadia retuerta rivola|1997|750,Abadia Retuerta Rívola,1997,750,20,Estimate - no price found in search,estimate,2026-08-24,0
agly brothers b cotes du roussillon|2004|750,Agly Brothers B Cotes du Roussillon,2004,750,,"Stage 2: only 2005 vintage priced ($39.99, sold out) -- rejected as a vintage mismatch",insufficient,2026-09-28,0
aia vecchia sor ugo|2019|750,Aia Vecchia Sor Ugo,2019,750,38,Estimate - no price found in search,estimate,2026-08-24,0
alain chavy bourgogne blanc|2017|750,Alain Chavy Bourgogne Blanc,2017,750,26.99,"Wine.com retail listing, vintage-specific",ws_single_retailer,2026-09-01,0
alain chavy puligny montrachet les folatieres|2017|750,Alain Chavy Puligny-Montrachet Les Folatières,2017,750,134,"Wine-Searcher average retail $134/750ml, vintage-specific (2017)",ws_vintage,2026-09-28,0
alain graillot crozes hermitage|2005|750,Alain Graillot Crozes-Hermitage,2005,750,107,"Wine-Searcher average retail, vintage-specific (conflicting snippets $107-$140 across WS pages; used the lower, more conservative figure)",ws_vintage,2026-09-07,0
alain graillot crozes hermitage|2015|750,Alain Graillot Crozes-Hermitage,2015,750,41,"Wine-Searcher average retail, vintage-specific",ws_vintage,2026-08-24,0
alain graillot crozes hermitage|2017|1500,Alain Graillot Crozes-Hermitage,2017,1500,103.4,"Wine-Searcher average retail, vintage-specific (750ml, scaled to magnum)",ws_vintage,2026-08-24,0
alain hudelot noellat chambolle musigny les charmes|2017|750,Alain Hudelot-Noellat Chambolle-Musigny Les Charmes,2017,750,303,Wine-Searcher average price $303/750ml across vintages (not clearly 2017-specific),ws_allvintage,2026-09-28,0
alain hudelot noellat chambolle musigny|2015|750,Alain Hudelot-Noellat Chambolle-Musigny,2015,750,138,"Wine-Searcher average retail $138/750ml, vintage-specific (2015)",ws_vintage,2026-09-28,0
alain hudelot noellat chambolle musigny|2017|750,Alain Hudelot-Noellat Chambolle-Musigny,2017,750,124,"Wine-Searcher average price (ex-tax) $124/750ml, vintage-specific (2017)",ws_vintage,2026-09-28,0
alain hudelot noellat nuits st georges les murgers|2014|750,Alain Hudelot-Noellat Nuits-St.-Georges Les Murgers,2014,750,165,"Wine-Searcher average retail $165/750ml, vintage-specific (2014), 90pt rating",ws_vintage,2026-09-28,0
alain hudelot noellat nuits st georges les murgers|2018|750,Alain Hudelot-Noellat Nuits-St.-Georges Les Murgers,2018,750,180.58,"Single US retailer, 6-bottle case $1,083.48 = $180.58/btl (search result, 2018 vintage exact)",ws_single_retailer,2026-10-05,0
alain hudelot noellat nuits st georges les murgers|2020|750,Alain Hudelot-Noellat Nuits-St.-Georges Les Murgers,2020,750,189.0,Adjacent vintage: 2019 Les Murgers $189 at Sotheby's Wine (exact 2020 not found),ws_adjacent,2026-10-05,0
alain hudelot noellat romanee st vivant|1999|750,Alain Hudelot-Noellat Romanee St. Vivant,1999,750,,Insufficient data - Grand Cru Liquid Assets price on request; no public price,insufficient,2026-10-05,0
alain hudelot noellat vosne romanee les beaumonts|2022|750,Alain Hudelot-Noellat Vosne-Romanee Les Beaumonts,2022,750,395.0,J.J. Buckley fetched directly: $395 for 2022 750ml (search snippets showed $310-$410 range),ws_single_retailer,2026-10-05,0
alain hudelot noellat vougeot les petits vougeots|2013|750,Alain Hudelot-Noellat Vougeot Les Petits Vougeots,2013,750,197,Wine-Searcher average retail $197/750ml (not clearly vintage-tied to 2013),ws_allvintage,2026-09-28,0
alain hudelot noellat vougeot les petits vougeots|2014|750,Alain Hudelot-Noellat Vougeot Les Petits Vougeots,2014,750,158,"Wine-Searcher average retail $158/750ml, vintage-specific (2014), 90pt rating",ws_vintage,2026-09-28,0
alain hudelot noellat vougeot les petits vougeots|2015|750,Alain Hudelot-Noellat Vougeot Les Petits Vougeots,2015,750,197,"Wine-Searcher average retail $197/750ml, vintage-specific (2015), 90pt rating",ws_vintage,2026-09-28,0
alain hudelot noellat vougeot les petits vougeots|2022|750,Alain Hudelot-Noellat Vougeot Les Petits Vougeots,2022,750,155.0,"Thatchers Wine $155 (2022, search snippet); Saratoga Wine pre-arrival $282 - lowest observed used",ws_single_retailer,2026-10-05,0
alain michelot nuits st georges aux chaignots|2014|750,Alain Michelot Nuits-St.-Georges Aux Chaignots,2014,750,,Insufficient data - no Alain Michelot 2014 price found (searched twice),insufficient,2026-10-05,0
alain michelot nuits st georges aux champs perdrix|2013|750,Alain Michelot Nuits St Georges Aux Champs Perdrix,2013,750,93,"Wine-Searcher average price (ex-tax) $93/750ml, vintage-specific (2013)",ws_vintage,2026-09-28,0
alain michelot nuits st georges les vaucrains|1998|750,Alain Michelot Nuits-St.-Georges Les Vaucrains,1998,750,51.99,"Wine.com retail listing, vintage-specific",ws_single_retailer,2026-09-01,0
alain michelot nuits st georges les vaucrains|2013|750,Alain Michelot Nuits-St.-Georges Les Vaucrains,2013,750,116,"Wine-Searcher listing $116, 90pt rating (not clearly vintage-tied)",ws_allvintage,2026-09-28,0
alain thienot blanc de blancs cuvee stanislas|2008|750,Alain Thienot Blanc De Blancs Cuvee Stanislas,2008,750,114,"Wine-Searcher average retail, vintage-specific",ws_vintage,2026-09-14,0
alain thienot brut vintage|2012|750,Alain Thienot Brut Vintage,2012,750,70,"Wine-Searcher average retail, vintage-specific",ws_vintage,2026-09-14,0
alain thienot brut vintage|2015|750,Alain Thienot Brut Vintage,2015,750,59,"Wine-Searcher average retail, vintage-specific",ws_vintage,2026-09-16,0
alain thienot cuvee alain thienot brut|2008|750,Alain Thienot Cuvee Alain Thiénot Brut,2008,750,127,"Wine-Searcher average retail, vintage-specific",ws_vintage,2026-09-14,0
alain voge cotes du rhone les peyrouses|2006|750,Alain Voge Côtes du Rhône Les Peyrouses,2006,750,26,"Wine-Searcher average retail, all-vintage (base bottling)",ws_allvintage,2026-09-16,0
albert bichot mazis chambertin|2009|750,Albert Bichot Mazis-Chambertin,2009,750,,No reliable price found: only a pre-arrival case listing with no price displayed (Saratoga); no US price for the 2009,insufficient,2026-09-21,0
albert boxler pinot gris sommerberg|2017|750,Albert Boxler Pinot Gris Sommerberg,2017,750,80,"Wine-Searcher average retail, vintage-specific",ws_vintage,2026-08-24,0
albert boxler riesling reserve|2017|750,Albert Boxler Riesling Reserve,2017,750,57,"Single retailer listing (~$57), no Wine-Searcher average in snippet",ws_single_retailer,2026-08-24,0
albert morot beaune les bressandes|1985|750,Albert Morot Beaune Les Bressandes,1985,750,170,"Wine-Searcher $170/750ml, vintage-specific (1985)",ws_vintage,2026-09-28,0
albert morot beaune les bressandes|2015|750,Albert Morot Beaune Les Bressandes,2015,750,82.0,Wine-Searcher average retail Albert Morot Beaune Bressandes $82/750ml (Saratoga lists the 2015 at $73.96; Good Pour $79.99),ws_allvintage,2026-09-21,0
albert morot la bataillere savigny vergelesses|1993|750,Albert Morot La Bataillere Savigny-Vergelesses,1993,750,123,"Wine-Searcher listed price, vintage-specific (La Bataillere Aux Vergelesses)",ws_vintage,2026-09-16,0
albert pic chablis premier cru|1989|750,Albert Pic Chablis Premier Cru,1989,750,,Stage 2: no price figure for this vintage,insufficient,2026-09-28,0
albino rocca barbaresco vigneto brich ronchi|1990|750,Albino Rocca Barbaresco Vigneto Brich Ronchi,1990,750,,No reliable price found: no 1990 listing or price at any source (other vintages only),insufficient,2026-09-21,0
albino rocca barbaresco vigneto brich ronchi|2017|750,Albino Rocca Barbaresco Vigneto Brich Ronchi,2017,750,64,"Wine-Searcher average retail, vintage-specific",ws_vintage,2026-08-24,0
aldo conterno langhe il favot nebbiolo|2018|750,Aldo Conterno Langhe Il Favot Nebbiolo,2018,750,50.0,Wine-Searcher average retail Aldo Conterno Il Favot Langhe Nebbiolo $50/750ml (2018 retailers $53.99-$83.95),ws_allvintage,2026-09-21,0
alejandro fernandez pesquera tinto crianza|2006|750,Alejandro Fernandez Pesquera Tinto Crianza,2006,750,,Insufficient data,insufficient,2026-09-07,0
alessandro rivetto barolo del comune di serralunga d alba|2017|750,Alessandro Rivetto Barolo del Comune di Serralunga d'Alba,2017,750,,Insufficient data - no price found (searched),insufficient,2026-10-05,0
alex gambal beaune champs pimont|2022|750,Alex Gambal Beaune Champs Pimont,2022,750,94,"Wine-Searcher average retail $94/750ml, 95pt rating (not clearly vintage-tied to 2022)",ws_allvintage,2026-09-28,0
alex gambal puligny montrachet|2015|750,Alex Gambal Puligny Montrachet,2015,750,79.94,"Saratoga Wine, 2016 vintage $79.94/750ml, adjacent-vintage substitution (2015 not found)",ws_adjacent,2026-09-28,0
allegrini amarone della valpolicella classico|1996|750,Allegrini Amarone della Valpolicella Classico,1996,750,,"Insufficient data: only WineBid-own sale figures and non-vintage current-release retail (searched once, cluster query)",insufficient,2026-10-05,0
allegrini amarone della valpolicella classico|1997|750,Allegrini Amarone della Valpolicella Classico,1997,750,,Insufficient data - only a WineBid-style latest-sale figure; no independent retail price,insufficient,2026-10-05,0
allegrini amarone della valpolicella classico|1998|750,Allegrini Amarone della Valpolicella Classico,1998,750,,Insufficient data: only WineBid-own $86 sale and GBP case price; current-release retail not vintage-specific (searched once),insufficient,2026-10-05,0
allegrini la grola classico superiore|1995|750,Allegrini La Grola Classico Superiore,1995,750,30,Estimate - no price found in search,estimate,2026-08-24,0
allegrini palazzo della torre|2008|750,Allegrini Palazzo della Torre,2008,750,52,"Wine-Searcher average retail, vintage-specific (distinct from current-release ~$18 average)",ws_vintage,2026-09-07,0
allegrini palazzo della torre|2012|750,Allegrini Palazzo della Torre,2012,750,19,"Wine-Searcher average retail, vintage-specific",ws_vintage,2026-09-14,0
alois kracher grande cuvee trockenbeerenauslese 12|1995|375,Alois Kracher Grande Cuvee Trockenbeerenauslese #12,1995,375,,Insufficient data,insufficient,2026-09-14,0
alphonse mellot sancerre les romains|2021|750,Alphonse Mellot Sancerre Les Romains,2021,750,73,"Wine-Searcher average retail (ex-tax), vintage-specific 2021 page",ws_vintage,2026-09-21,0
alter ego|2008|750,Alter Ego,2008,750,105,"Wine-Searcher average retail, vintage-specific",ws_vintage,2026-09-07,0
alter ego|2020|750,Alter Ego,2020,750,105.85,Laguna Cellar fetched directly: $105.85 for 2020 750ml (US retailer range seen $69-$120),ws_single_retailer,2026-10-05,0
altesino brunello di montalcino montosoli|1995|750,Altesino Brunello di Montalcino Montosoli,1995,750,200.38,Saratoga Wine fetched directly: $200.38/btl pre-arrival (1995 750ml); single retailer,ws_single_retailer,2026-10-05,0
altesino brunello di montalcino montosoli|1997|750,Altesino Brunello di Montalcino Montosoli,1997,750,190,"Wine-Searcher average retail (USA), vintage-specific -- price and format taken from a screenshot of the live page the user provided, not independently viewed",ws_vintage,2026-09-16,0
altesino brunello di montalcino montosoli|2017|750,Altesino Brunello di Montalcino Montosoli,2017,750,134,"Wine-Searcher average retail $134/750ml, vintage-specific (2017), 93pt",ws_vintage,2026-09-28,0
altesino brunello di montalcino montosoli|2018|750,Altesino Brunello di Montalcino Montosoli,2018,750,128,"Wine-Searcher average retail $128/750ml, vintage-specific (2018), 94pt",ws_vintage,2026-09-28,0
altesino brunello di montalcino riserva|2017|750,Altesino Brunello di Montalcino Riserva,2017,750,108,"Wine-Searcher average retail $108/750ml, vintage-specific (2017), 92pt",ws_vintage,2026-09-28,0
altesino brunello di montalcino|1999|750,Altesino Brunello di Montalcino,1999,750,99,"Wine-Searcher average retail, vintage-specific",ws_vintage,2026-09-16,0
altesino brunello di montalcino|2010|750,Altesino Brunello di Montalcino,2010,750,,Insufficient data - wine.com 403; no other source (searched),insufficient,2026-10-05,0
alto landon manchuela|2004|750,Alto Landon Manchuela,2004,750,,"Insufficient data - searched, no price found",insufficient,2026-10-05,0
alvaro palacios les terrasses velles vinyes|2009|750,Alvaro Palacios Les Terrasses Velles Vinyes,2009,750,51,Wine-Searcher average price $51/750ml (not clearly vintage-tied to 2009),ws_allvintage,2026-09-28,0
alzinger steinertal riesling smaragd|2013|750,Alzinger Steinertal Riesling Smaragd,2013,750,,"Stage 2: only recent-vintage range ($70-$85) found, not usable for 2013",insufficient,2026-09-28,0
amiral de beychevelle|1983|750,Amiral de Beychevelle,1983,750,,Insufficient data,insufficient,2026-09-07,0
ampeleia rosato di ampeleia|2021|750,Ampeleia Rosato di Ampeleia,2021,750,24,"Wine-Searcher average retail, vintage-specific",ws_vintage,2026-08-24,0
andre brunel chateauneuf du pape cuvee reservee|2021|750,Andre Brunel Châteauneuf-du-Pape Cuvée Réservée,2021,750,56.0,Wine-Searcher average retail Andre Brunel CdP Cuvee Reservee $56/750ml (Good Pour lists $49.99),ws_allvintage,2026-09-21,0
andre brunel chateauneuf du pape|2019|750,Andre Brunel Châteauneuf-du-Pape,2019,750,56.0,Wine-Searcher average retail Andre Brunel Chateauneuf-du-Pape $56/750ml (Total Wine lists the 2019 at $64.99),ws_allvintage,2026-09-21,0
andre chemin brut premier cru tradition blanc de noirs|NV|750,André Chemin Brut Premier Cru Tradition Blanc de Noirs,NV,750,,"Insufficient data - searched, only different André Chemin cuvées priced",insufficient,2026-10-05,0
andre clouet brut nature silver|NV|750,Andre Clouet Brut Nature Silver,NV,750,52,Wine-Searcher average retail,ws_vintage,2026-08-24,0
andrea oberto barolo rocche|2001|750,Andrea Oberto Barolo Rocche,2001,750,,Insufficient data - no price found (searched),insufficient,2026-10-05,0
antica fratta essence brut rose|2008|750,Antica Fratta Essence Brut Rosé,2008,750,42,"Wine-Searcher average retail (USA), all-vintage",ws_allvintage,2026-09-14,0
antichi vigneti di cantalupo ghemme collis breclemae|2013|750,Antichi Vigneti di Cantalupo Ghemme Collis Breclemae,2013,750,,Insufficient data: only GBP/NOK prices found (searched once),insufficient,2026-10-05,0
antichi vigneti di cantalupo ghemme collis carellae|2008|750,Antichi Vigneti di Cantalupo Ghemme Collis Carellae,2008,750,,Insufficient data: only GBP price found (searched once),insufficient,2026-10-05,0
antichi vigneti di cantalupo ghemme collis carellae|2013|750,Antichi Vigneti di Cantalupo Ghemme Collis Carellae,2013,750,,"Insufficient data - searched, no Collis Carellae 2013 price found",insufficient,2026-10-05,0
antichi vigneti di cantalupo ghemme collis carellae|2016|750,Antichi Vigneti di Cantalupo Ghemme Collis Carellae,2016,750,,Insufficient data: no USD price found (searched once),insufficient,2026-10-05,0
antoine jobard meursault poruzots|2007|750,Antoine Jobard Meursault Poruzots,2007,750,242,"Wine-Searcher average retail, all-vintage",ws_allvintage,2026-09-14,0
antoine ogier lirac lou camine|2018|750,Antoine Ogier Lirac Lou Caminé,2018,750,22,Estimate - no price found in search,estimate,2026-08-24,0
antoine petitprez uliz meursault perrieres|2015|750,Antoine Petitprez Uliz Meursault Perrieres,2015,750,,Stage 2: no price figure returned,insufficient,2026-09-28,0
antoniolo gattinara san francesco riserva|2015|750,Antoniolo Gattinara San Francesco Riserva,2015,750,70,Estimate - no price found in search,estimate,2026-08-24,0
ar pe pe rosso di valtellina|2018|750,AR.PE.PE. Rosso di Valtellina,2018,750,42,"Wine-Searcher average retail, adjacent vintage (2019) used as proxy",ws_adjacent,2026-08-24,0
ar pe pe rosso di valtellina|2019|750,AR.PE.PE. Rosso di Valtellina,2019,750,42,"Wine-Searcher average retail, vintage-specific",ws_vintage,2026-08-24,0
ar pe pe valtellina superiore il pettirosso|2016|750,AR.PE.PE. Valtellina Superiore Il Pettirosso,2016,750,55,Estimate - no price found in search,estimate,2026-08-24,0
ar pe pe valtellina superiore inferno fiamme antiche|2017|750,AR.PE.PE. Valtellina Superiore Inferno Fiamme Antiche,2017,750,,Insufficient data,insufficient,2026-08-24,0
arano ribera del duero moradillo de roa|2018|750,Arano Ribera del Duero Moradillo de Roa,2018,750,24.99,"AllStarWine retail listing (2019 vintage, adjacent)",ws_adjacent,2026-09-01,0
argiano brunello di montalcino|2010|750,Argiano Brunello di Montalcino,2010,750,122,"Wine-Searcher average retail, vintage-specific",ws_vintage,2026-09-07,0
argiano brunello di montalcino|2018|750,Argiano Brunello di Montalcino,2018,750,100,"Wine-Searcher average retail, vintage-specific",ws_vintage,2026-09-14,0
argiano brunello di montalcino|2019|750,Argiano Brunello di Montalcino,2019,750,105,"Wine-Searcher average retail (ex-tax), vintage-specific 2019 page",ws_vintage,2026-09-21,0
argiano brunello di montalcino|2021|750,Argiano Brunello di Montalcino,2021,750,120.0,"Wine.com retail listing, vintage-specific",ws_single_retailer,2026-09-01,0
argiano solengo|1997|750,Argiano Solengo,1997,750,,"Insufficient data - searched, only UK pricing found",insufficient,2026-10-05,0
arianna occhipinti cerasuolo di vittoria grotte alte classico|2014|750,Arianna Occhipinti Cerasuolo di Vittoria Grotte Alte Classico,2014,750,50,"Wine-Searcher average retail, adjacent vintage (2015) used as proxy",ws_adjacent,2026-08-24,0
arianna occhipinti cerasuolo di vittoria grotte alte classico|2015|750,Arianna Occhipinti Cerasuolo di Vittoria Grotte Alte Classico,2015,750,50,"Wine-Searcher average retail, vintage-specific",ws_vintage,2026-08-24,0
arianna occhipinti il frappato|2022|1500,Arianna Occhipinti Il Frappato,2022,1500,114.4,"Wine-Searcher average retail, vintage-specific (750ml, scaled to magnum)",ws_vintage,2026-08-24,0
arianna occhipinti sm vino di contrada sicilia bianco|2020|750,Arianna Occhipinti SM Vino di Contrada Sicilia Bianco,2020,750,52,"Wine-Searcher average retail, vintage-specific",ws_vintage,2026-09-14,0
armand rousseau chambertin|2008|750,Armand Rousseau Chambertin,2008,750,,Insufficient data - no reliable USD retail price (only a UK merchant figure),insufficient,2026-10-05,0
armando parusso barolo mariondino|1998|750,Armando Parusso Barolo Mariondino,1998,750,,"Insufficient data - searched, no 1998 price found",insufficient,2026-10-05,0
artadi rioja el carretil|2021|750,Artadi Rioja El Carretil,2021,750,276,"Wine-Searcher average retail $276/750ml, vintage-specific (2021), 98pt",ws_vintage,2026-09-28,0
artadi rioja pagos viejos|2004|750,Artadi Rioja Pagos Viejos,2004,750,166.0,Wine-Searcher average retail Artadi Pagos Viejos $166/750ml (not tied to 2004; older vintage),ws_allvintage,2026-09-21,0
au pied du mont chauve chassagne montrachet en pimont|2023|750,Au Pied du Mont Chauve Chassagne-Montrachet En Pimont,2023,750,100,"Wine-Searcher average retail (ex-tax), all-vintage average for the wine; 2023 is a current release so vintage drift is small",ws_allvintage,2026-09-21,0
au pied du mont chauve chassagne montrachet les macherelles|2018|750,Au Pied du Mont Chauve Chassagne-Montrachet Les Macherelles,2018,750,110,"Wine-Searcher average retail, all-vintage page for the 1er cru ($110 Indiana / $119 Washington; lower used)",ws_allvintage,2026-09-21,0
aurelio settimo barolo rocche dell annunziata|2007|750,Aurelio Settimo Barolo Rocche dell'Annunziata,2007,750,93,"Wine-Searcher average retail, all-vintage",ws_allvintage,2026-09-14,0
aurelio settimo barolo|2008|750,Aurelio Settimo Barolo,2008,750,49,"Wine-Searcher average retail, vintage-specific",ws_vintage,2026-09-14,0
avignonesi grifi|2012|750,Avignonesi Grifi,2012,750,34,"Wine-Searcher average retail, adjacent vintage (2011; 2012 not listed)",ws_adjacent,2026-09-07,0
avignonesi rosso di montepulciano|2009|750,Avignonesi Rosso di Montepulciano,2009,750,16.5,"Wine-Searcher average retail, all-vintage average (converted from EUR)",ws_allvintage,2026-08-24,0
azelia barolo bricco fiasco|2013|750,Azelia Barolo Bricco Fiasco,2013,750,80,"Wine-Searcher listing $80/750ml, vintage-specific (2013), 92pt",ws_vintage,2026-09-28,0
azelia barolo bricco fiasco|2020|750,Azelia Barolo Bricco Fiasco,2020,750,101,"Wine-Searcher average retail $101/750ml across vintages, not clearly 2020-tied",ws_allvintage,2026-09-28,0
azelia barolo cerretta|2016|750,Azelia Barolo Cerretta,2016,750,141,"Wine-Searcher average retail, vintage-specific",ws_vintage,2026-08-24,0
azelia barolo san rocco|2013|750,Azelia Barolo San Rocco,2013,750,70,"SommPicks, case of 12, $70/750ml, vintage-specific (2013) (a $1400 outlier listing was rejected)",ws_single_retailer,2026-09-28,0
b levet cote rotie|2021|1500,B. Levet Côte-Rôtie,2021,1500,246.4,"Wine-Searcher average retail, adjacent cuvee (parcel not specified on lot)",ws_adjacent,2026-08-24,0
bacci dimarco|2021|750,Bacci Dimarco,2021,750,,"Insufficient data - single-retailer snippet ($124.99) implausibly far above the $25 reserve; unverified, withdrawn from deals",insufficient,2026-09-21,0
bachey legros chassagne montrachet|2023|750,Bachey-Legros Chassagne-Montrachet,2023,750,99.99,Flatiron Wines $99.99 for Bachey-Legros Chassagne-Montrachet 2023 750ml (search snippet),ws_single_retailer,2026-10-05,0
bader mimeur chateau de chassagne montrachet chassagne montrachet rouge|2013|750,Bader-Mimeur Chateau de Chassagne Montrachet Chassagne-Montrachet Rouge,2013,750,,Insufficient data: no 2013 Rouge price; only 2020 vintage found (searched once),insufficient,2026-10-05,0
baron fuente brut rose dolores|NV|750,Baron-Fuente Brut Rose Dolores,NV,750,,"Insufficient data - searched, no price found",insufficient,2026-10-05,0
barone ricasoli casalferro|1999|750,Barone Ricasoli Casalferro,1999,750,,"Insufficient data - searched, no 1999 price found",insufficient,2026-10-05,0
baronne de vignonet|2022|750,Baronne de Vignonet,2022,750,18,"Producer/importer suggested retail (Vignobles Gonfrier), no full Wine-Searcher average found",estimate,2026-09-14,0
barons de lafite rothschild reserve speciale pauillac|1987|750,Barons de Lafite Rothschild Reserve Speciale Pauillac,1987,750,126,"Wine-Searcher average retail (ex-tax) $126/750ml, vintage-specific (1987)",ws_vintage,2026-09-28,0
barons de rothschild blanc de blancs|NV|750,Barons de Rothschild Blanc de Blancs,NV,750,74,Wine-Searcher listings: US retailers $67.50-$80.99 for current NV; midpoint used,ws_allvintage,2026-09-21,0
bartolo mascarello barbera d alba|2019|750,Bartolo Mascarello Barbera d'Alba,2019,750,,"Insufficient data - searched, no Barbera d'Alba 2019 price found",insufficient,2026-10-05,0
bartolo mascarello dolcetto d alba|2020|750,Bartolo Mascarello Dolcetto d'Alba,2020,750,,"Insufficient data - searched, only UK/EU pricing found",insufficient,2026-10-05,0
barton and guestier st julien|1985|750,Barton & Guestier St. Julien,1985,750,69,"Wine-Searcher $69/750ml, vintage-specific (1985)",ws_vintage,2026-09-28,0
beaumont des crayeres grand prestige brut|NV|750,Beaumont des Crayeres Grand Prestige Brut,NV,750,42,"Wine-Searcher average retail, all-vintage (NV)",ws_allvintage,2026-09-14,0
benanti benanti lamoremio brut rosato|2019|750,Benanti Benanti Lamoremio Brut Rosato,2019,750,41,"Wine-Searcher average retail, vintage-specific",ws_vintage,2026-09-14,0
benanti etna bianco superiore pietramarina|2011|750,Benanti Etna Bianco Superiore Pietramarina,2011,750,,Insufficient data,insufficient,2026-09-14,0
benanti etna rossodiversella|2005|750,Benanti Etna RossoDiversella,2005,750,,"Insufficient data - likely 'Rosso di Verzella' (export text concatenation), no average price found",insufficient,2026-09-14,0
benedicte et stephane tissot chardonnay rose massale|2022|750,Benedicte et Stephane Tissot Chardonnay Rose Massale,2022,750,79.99,Flatiron Wines SF 2022 750ml $79.99 (Kensington Wine Market lists $101.99; lower used),ws_single_retailer,2026-10-05,0
beni di batasiolo barolo|2001|750,Beni di Batasiolo Barolo,2001,750,,Insufficient data,insufficient,2026-09-14,0
benjamin rothschild and vega sicilia macan clasico|2018|750,Benjamin Rothschild & Vega Sicilia Macan Clásico,2018,750,55.99,"US retailers $46.40-$57.95/750ml, vintage-specific (2018)",ws_vintage,2026-09-28,0
benjamin rothschild and vega sicilia macan clasico|2019|750,Benjamin Rothschild & Vega Sicilia Macan Clásico,2019,750,78.95,"Saratoga Wine $78.95/750ml, vintage-specific (2019), 91pt",ws_vintage,2026-09-28,0
benjamin rothschild and vega sicilia rioja macan|2012|750,Benjamin Rothschild & Vega Sicilia Rioja Macan,2012,750,119.0,Wine-Searcher average retail Benjamin de Rothschild & Vega Sicilia Macan (not Macan Clasico) $119/750ml (not tied to 2012),ws_allvintage,2026-09-21,0
benjamin rothschild and vega sicilia rioja macan|2020|750,Benjamin Rothschild & Vega Sicilia Rioja Macan,2020,750,109.99,Total Wine lists Vega Sicilia & Rothschild Macan 2020 at $109.99 (single retailer; the $60 Wine-Searcher figure is for Macan Clasico a different wine),ws_single_retailer,2026-09-21,0
benoit ente chassagne montrachet|2022|750,Benoit Ente Chassagne-Montrachet,2022,750,,"Insufficient data - searched, results were a different producer (Benoit Moreau)",insufficient,2026-10-05,0
benoit ente puligny montrachet|2018|750,Benoit Ente Puligny Montrachet,2018,750,246,"Wine-Searcher average price (ex-tax) $246/750ml, price stable over the year",ws_allvintage,2026-09-28,0
benoit lahaye coteaux champenois rouge bouzy|2018|750,Benoit Lahaye Coteaux Champenois Rouge Bouzy,2018,750,72,"Wine-Searcher average retail, all-vintage",ws_allvintage,2026-09-14,0
beppe marino quattrofilari|2004|750,Beppe Marino Quattrofilari,2004,750,,Insufficient data,insufficient,2026-09-14,0
bernard girardin cuvee vibrato blanc de blancs|2004|750,Bernard Girardin Cuvée Vibrato Blanc de Blancs,2004,750,,Stage 2: no price figure returned,insufficient,2026-09-28,0
bernard lonclas blanc de blancs extra brut|NV|750,Bernard Lonclas Blanc de Blancs Extra Brut,NV,750,,"Insufficient data - searched, only GBP/NOK pricing found",insufficient,2026-10-05,0
bernard lonclas brut|2013|750,Bernard Lonclas Brut,2013,750,,Insufficient data,insufficient,2026-09-07,0
bernard lonclas brut|2014|750,Bernard Lonclas Brut,2014,750,37.99,K&L Wine Merchants retail listing (Selection Brut),ws_single_retailer,2026-09-01,0
bertani amarone della valpolicella classico|1999|750,Bertani Amarone della Valpolicella Classico,1999,750,,"Stage 2: only current-release pricing found ($216), not usable for 1999",insufficient,2026-09-28,0
bertani amarone della valpolicella classico|2015|750,Bertani Amarone della Valpolicella Classico,2015,750,149,"Wine-Searcher average retail (ex-tax), vintage-specific 2015 page",ws_vintage,2026-09-21,0
bertrand senecourt beau joie brut nature special cuvee|NV|750,Bertrand Senecourt Beau Joie Brut Nature Special Cuvee,NV,750,59.99,Keg N Bottle lists Beau Joie Brut Nature Special Cuvee at $59.99 (other retailers $54.99; Wine-Searcher avg $74 skewed by copper-bottle editions),ws_single_retailer,2026-09-21,0
bertrand senecourt beau joie special cuvee brut uncaged|NV|750,Bertrand Senecourt Beau Joie Special Cuvee Brut (uncaged),NV,750,39.97,Universal Fine Wine & Spirits retail listing,ws_single_retailer,2026-09-01,0
bertrand senecourt beau joie special cuvee brut|NV|750,Bertrand Senecourt Beau Joie Special Cuvee Brut,NV,750,58.99,"Ace Beverage regular price $58.99 (sale $46.99), fetched directly; bottle size not stated on page, standard 750ml assumed",ws_single_retailer,2026-09-21,0
bessin tremblay chablis valmur|2020|750,Bessin-Tremblay Chablis Valmur,2020,750,108,"Wine-Searcher average retail, vintage-specific",ws_vintage,2026-09-16,0
bibi graetz testamatta grilli del testamatta|2007|750,Bibi Graetz/Testamatta Grilli Del Testamatta,2007,750,130,"Wine-Searcher average retail, vintage-specific",ws_vintage,2026-09-16,0
billaud simon chablis les blanchots vieille vigne|2010|750,Billaud-Simon Chablis Les Blanchots Vieille Vigne,2010,750,125,"Wine-Searcher, Blanchot Vieille Vigne, vintage-specific (2010), 93pt, ~$125",ws_vintage,2026-09-28,0
billecart salmon blanc de blancs|NV|750,Billecart-Salmon Blanc de Blancs,NV,750,105,"Wine-Searcher average retail (ex-tax) $105/750ml, California",ws_vintage,2026-09-28,0
billecart salmon brut reserve|NV|1500,Billecart-Salmon Brut Réserve,NV,1500,149.99,"Plume Ridge Bottle Shop retail listing, 1.5L magnum (size matches, no scaling needed)",ws_single_retailer,2026-09-01,0
billecart salmon brut reserve|NV|375,Billecart-Salmon Brut Réserve,NV,375,36.5,"Wine-Searcher average retail $73/750ml halved for 375ml half-bottle, size mismatch noted",ws_vintage,2026-09-28,0
billecart salmon brut reserve|NV|750,Billecart-Salmon Brut Réserve,NV,750,73,Wine-Searcher average retail $73/750ml,ws_vintage,2026-09-28,0
billecart salmon brut rose|2010|750,Billecart-Salmon Brut Rosé,2010,750,130,"Wine-Searcher average retail, vintage-specific",ws_vintage,2026-09-14,0
billecart salmon brut rose|NV|375,Billecart-Salmon Brut Rosé,NV,375,55.5,"Wine-Searcher average retail $111/750ml halved for 375ml half-bottle, size mismatch noted",ws_vintage,2026-09-28,0
billecart salmon brut rose|NV|750,Billecart-Salmon Brut Rosé,NV,750,114,"Wine-Searcher average retail, NV Brut Rose",ws_allvintage,2026-09-07,0
billecart salmon clos st hilaire|1996|750,Billecart-Salmon Clos St Hilaire,1996,750,,"Insufficient data - searched, no sourced retail price for 1996",insufficient,2026-10-05,0
billecart salmon extra brut le rose|NV|750,Billecart-Salmon Extra Brut Le Rose,NV,750,,"Insufficient data - searched, only the regular Brut Rose was priced",insufficient,2026-10-05,0
bitouzet prieur bourgogne blanc|2021|750,Bitouzet-Prieur Bourgogne Blanc,2021,750,38.0,"Leon & Son $38 (also PlumpJack $39.99, Bottle Barn $30.99), 2021 750ml",ws_single_retailer,2026-10-05,0
bitouzet prieur meursault perrieres|2021|750,Bitouzet-Prieur Meursault Perrières,2021,750,,Insufficient data,insufficient,2026-08-24,0
bodegas aalto ribera del duero|2007|750,Bodegas Aalto Ribera del Duero,2007,750,69,"Wine-Searcher average retail, all-vintage (2007-specific not listed)",ws_allvintage,2026-09-14,0
bodegas el nido clio|2019|750,Bodegas El Nido Clio,2019,750,58,"Wine-Searcher average retail, vintage-specific",ws_vintage,2026-08-24,0
bodegas el nido el nido|2007|750,Bodegas El Nido El Nido,2007,750,239,"Wine-Searcher average retail (ex-tax), vintage-specific 2007 page",ws_vintage,2026-09-21,0
bodegas el nido el nido|2023|750,Bodegas El Nido El Nido,2023,750,158.95,"Retail listing (wine.com CA $158.95) for 2023, via search result; direct fetch blocked (403)",ws_single_retailer,2026-09-21,0
bodegas emilio moro bierzo el zarzal blanco|2019|750,Bodegas Emilio Moro Bierzo El Zarzal Blanco,2019,750,,Insufficient data,insufficient,2026-08-24,0
bodegas morca garnaca touran|2018|750,Bodegas Morca Garnaca Touran,2018,750,140,"Wine-Searcher average retail, vintage-specific 2018 page (Total Wine CA $129.99-$144.99)",ws_vintage,2026-09-21,0
bodegas muga rioja prado enea gran reserva|2000|750,Bodegas Muga Rioja Prado Enea Gran Reserva,2000,750,171,"Wine-Searcher average retail (USA), vintage-specific",ws_vintage,2026-09-14,0
bodegas muga rioja prado enea gran reserva|2011|750,Bodegas Muga Rioja Prado Enea Gran Reserva,2011,750,122,"Wine-Searcher average retail, vintage-specific 2011 page",ws_vintage,2026-09-21,0
bodegas muga rioja prado enea gran reserva|2015|750,Bodegas Muga Rioja Prado Enea Gran Reserva,2015,750,109,"Wine-Searcher average retail (ex-tax), vintage-specific 2015 page",ws_vintage,2026-09-21,0
bodegas muga rioja reserva selection especial|2018|750,Bodegas Muga Rioja Reserva Selection Especial,2018,750,52,"Wine-Searcher average retail, vintage-specific 2018 page",ws_vintage,2026-09-21,0
bodegas muga rioja seleccion especial|2018|750,Bodegas Muga Rioja Seleccion Especial,2018,750,52,"Wine-Searcher average retail, vintage-specific 2018 page",ws_vintage,2026-09-21,0
bodegas muga rioja torre muga|2020|750,Bodegas Muga Rioja Torre Muga,2020,750,123,"Wine-Searcher average retail (ex-tax), vintage-specific 2020 page",ws_vintage,2026-09-21,0
bodegas olarra rioja otonal reserva|2008|750,Bodegas Olarra Rioja Otonal Reserva,2008,750,10,"Wine-Searcher average retail, vintage-specific",ws_vintage,2026-09-16,0
bodegas ondarre ondarre rioja reserva|2015|750,Bodegas Ondarre Ondarre Rioja Reserva,2015,750,17,"Wine-Searcher average retail, vintage-specific",ws_vintage,2026-09-14,0
bodegas pinea korde|2021|750,Bodegas Pinea Korde,2021,750,75,"Wine-Searcher average retail, vintage-specific",ws_vintage,2026-08-24,0
bodegas pinea ribera del duero 17|2019|750,Bodegas Pinea Ribera del Duero 17,2019,750,65,"Wine-Searcher average retail, vintage not confirmed specific to 2019",ws_allvintage,2026-08-24,0
bodegas pintia toro pintia|2020|750,Bodegas Pintia Toro Pintia,2020,750,112,"Wine-Searcher average retail (ex-tax), vintage-specific 2020 page (Vega Sicilia Pintia)",ws_vintage,2026-09-21,0
bodegas ramon bilbao rioja lalomba finca valhonta|2017|750,Bodegas Ramon Bilbao Rioja Lalomba Finca Valhonta,2017,750,127.0,Wine-Searcher average retail Ramon Bilbao Lalomba Finca Valhonta $127/750ml (Craft City lists the 2018 at $146.79),ws_allvintage,2026-09-21,0
bodegas y vinedos maurodos toro san roman|2006|750,Bodegas Y Vinedos Maurodos Toro San Roman,2006,750,,Insufficient data,insufficient,2026-09-07,0
bois de boursan chateauneuf du pape blanc|2020|750,Bois de Boursan Châteauneuf-du-Pape Blanc,2020,750,50.99,"Woodstock Wine & Liquor retail listing, vintage-specific",ws_single_retailer,2026-09-01,0
bois de boursan chateauneuf du pape cuvee des felix selection jean paul versino|2015|1500,Bois de Boursan Chateauneuf du Pape Cuvee des Felix Selection Jean-Paul Versino,2015,1500,143.0,"Wine-Searcher average retail, vintage-specific",ws_vintage,2026-08-24,0
bolla amarone della valpolicella classico|1989|750,Bolla Amarone della Valpolicella Classico,1989,750,,"Insufficient data - searched, only current vintages priced",insufficient,2026-10-05,0
bolla amarone della valpolicella classico|2015|750,Bolla Amarone della Valpolicella Classico,2015,750,55.99,"Wine.com retail listing, vintage-specific",ws_single_retailer,2026-09-01,0
bollinger b13|NV|750,Bollinger B13,NV,750,177,"Wine-Searcher average retail, vintage-specific (2013 base)",ws_vintage,2026-08-24,0
bollinger grande annee|2014|750,Bollinger Grande Annee,2014,750,194,"Wine-Searcher average price $194/750ml, vintage-specific (2014), 98pt Vinous",ws_vintage,2026-09-28,0
bollinger special cuvee|NV|750,Bollinger Special Cuvee,NV,750,64.94,JJ Buckley retail listing,ws_single_retailer,2026-09-01,0
bonneau du martray corton charlemagne|2013|750,Bonneau Du Martray Corton-Charlemagne,2013,750,,"Insufficient data - searched, only NZD/GBP pricing found",insufficient,2026-10-05,0
bosquet des papes chateauneuf du pape chante le merle vieilles vignes|2007|750,Bosquet des Papes Chateauneuf Du Pape Chante Le Merle Vieilles Vignes,2007,750,73,"Wine Spectator listed price, vintage-specific",ws_single_retailer,2026-09-07,0
bosquet des papes chateauneuf du pape cuvee grenache|1998|750,Bosquet des Papes Chateauneuf du Pape Cuvee Grenache,1998,750,,Insufficient data: no 1998 Grenache cuvee price found (searched once),insufficient,2026-10-05,0
bosquet des papes chateauneuf du pape|1998|750,Bosquet des Papes Châteauneuf-du-Pape,1998,750,44.99,K&L Wines $44.99 for 1998 (out of stock); single retailer,ws_single_retailer,2026-10-05,0
bosquet des papes chateauneuf du pape|1999|750,Bosquet des Papes Châteauneuf-du-Pape,1999,750,44,"Wine-Searcher average retail, vintage-specific",ws_vintage,2026-09-14,0
bouchard aine and fils pommard les grands epenots|2019|750,Bouchard Ainé & Fils Pommard Les Grands Épenots,2019,750,,Insufficient data - no reliable price found in search,insufficient,2026-09-01,0
bouchard pere et fils beaune clos de la mousse|1997|750,Bouchard Pere et Fils Beaune Clos de la Mousse,1997,750,,Insufficient data,insufficient,2026-09-14,0
bouchard pere et fils meursault perrieres|2005|750,Bouchard Pere et Fils Meursault Perrières,2005,750,159.99,Saratoga Wine lists the 2005 Bouchard Meursault Perrieres at $159.99 (a $292 Benchmark listing seen for the 2006 is an outlier; single retailer),ws_single_retailer,2026-09-21,0
bouchard pere et fils nuits st georges les cailles|2009|750,Bouchard Pere et Fils Nuits-St.-Georges Les Cailles,2009,750,157.0,Wine-Searcher average retail Bouchard Pere Nuits-St-Georges Les Cailles $157/750ml (not tied to 2009),ws_allvintage,2026-09-21,0
bouchard pere et fils pommard chanlins|1999|750,Bouchard Pere et Fils Pommard Chanlins,1999,750,55,"IdealWine auction hammer price (EUR50.32 incl. commission, converted), vintage-specific -- fetched directly",auction,2026-09-16,0
bouchard pere et fils savigny les beaune les lavieres|2018|750,Bouchard Pere et Fils Savigny les Beaune Les Lavieres,2018,750,68,"Wine-Searcher average retail (ex-tax) for the wine; 2018 product page, vintage tie not fully explicit",ws_allvintage,2026-09-21,0
brancaia il blu|2004|750,Brancaia Il Blu,2004,750,,"Stage 2: only current-release pricing found, not usable for 2004",insufficient,2026-09-28,0
brancaia il blu|2007|750,Brancaia Il Blu,2007,750,,"Insufficient data - searched, no 2007 price found",insufficient,2026-10-05,0
brendan stater west saumur rouge|2020|750,Brendan Stater-West Saumur Rouge,2020,750,53,"Wine-Searcher average retail, vintage-specific",ws_vintage,2026-08-24,0
brendan stater west saumur rouge|2022|750,Brendan Stater-West Saumur Rouge,2022,750,63,"Wine-Searcher average retail, vintage-specific",ws_vintage,2026-08-24,0
broderie des papes chateauneuf du pape|2023|750,Broderie des Papes Chateauneuf-du-Pape,2023,750,33.66,"Dunstable Wines retail listing (£26.50 GBP, converted ~1.27 USD/GBP), vintage-specific",ws_single_retailer,2026-09-01,0
brotte vacqueyras bouvencourt|2018|750,Brotte Vacqueyras Bouvencourt,2018,750,23.51,"Single reputable retailer listing (Vino Alert, USD)",ws_single_retailer,2026-08-24,0
brovia barolo brea vigna ca mia|2010|750,Brovia Barolo Brea Vigna Ca Mia,2010,750,170,"Wine-Searcher average retail $170/750ml, vintage-specific (2010), 91pt",ws_vintage,2026-09-28,0
brovia barolo brea vigna ca mia|2021|750,Brovia Barolo Brea Vigna Ca Mia,2021,750,141,"Wine-Searcher, California listing $141, vintage-specific (2021)",ws_vintage,2026-09-28,0
brovia barolo villero|2016|750,Brovia Barolo Villero,2016,750,196,"Wine-Searcher average retail $196/750ml, vintage-specific (2016), 95pt",ws_vintage,2026-09-28,0
brovia barolo|2013|750,Brovia Barolo,2013,750,109.99,"The Liquor Barn $109.99/750ml, vintage-specific (2013), plain bottling",ws_vintage,2026-09-28,0
brovia barolo|2016|750,Brovia Barolo,2016,750,77,"Wine-Searcher average retail $77/750ml, vintage-specific (2016), plain Barolo DOCG (not a cru bottling)",ws_vintage,2026-09-28,0
bruno clair marsannay les longeroies|2022|750,Bruno Clair Marsannay Les Longeroies,2022,750,112,"Wine-Searcher average retail, vintage-specific",ws_vintage,2026-08-24,0
bruno colin chassagne montrachet les chenevottes|2021|750,Bruno Colin Chassagne-Montrachet Les Chenevottes,2021,750,159,Wine-Searcher average price $159/750ml across vintages (not clearly 2021-specific),ws_allvintage,2026-09-28,0
buisson charles volnay santenots|2018|750,Buisson-Charles Volnay Santenots,2018,750,127,Wine-Searcher listing: WineBank (CA) $127.00 for 2018 (other listings $117-$164),ws_single_retailer,2026-09-21,0
burlotto barolo acclivi|2013|750,Burlotto Barolo Acclivi,2013,750,245,"Wine-Searcher average retail, vintage-specific",ws_vintage,2026-08-24,0
burlotto barolo acclivi|2018|750,Burlotto Barolo Acclivi,2018,750,195.0,Thatchers Wine and The Rare Wine Co. both $195 for 2018 Acclivi 750ml,ws_single_retailer,2026-10-05,0
burlotto barolo|2014|750,Burlotto Barolo,2014,750,85,Reasoned estimate from producer/appellation pricing pattern,estimate,2026-08-24,0
burlotto barolo|2018|750,Burlotto Barolo,2018,750,164.94,Saratoga Wine $164.94/bottle for 2018 Burlotto Barolo 750ml,ws_single_retailer,2026-10-05,0
burlotto barolo|2022|750,Burlotto Barolo,2022,750,104,"Wine-Searcher average retail, vintage-specific",ws_vintage,2026-08-24,0
burlotto langhe nebbiolo|2020|750,Burlotto Langhe Nebbiolo,2020,750,30.0,Thatchers Wine $30 (Verve $37) for 2020 Burlotto Langhe Nebbiolo 750ml,ws_single_retailer,2026-10-05,0
ca brusa barolo bricco san pietro vigna d vai riserva|2012|750,Ca' Brusà Barolo Bricco San Pietro Vigna d'Vai Riserva,2012,750,54.99,"Wine.com retail listing, vintage-specific",ws_single_retailer,2026-09-01,0
ca del bosco pinero|2001|750,Ca' del Bosco Pinero,2001,750,99,"Wine-Searcher average retail, vintage-specific",ws_vintage,2026-09-14,0
ca la bionda amarone della valpolicella classico vigneti di ravazzol|2016|750,Ca' La Bionda Amarone della Valpolicella Classico Vigneti di Ravazzol,2016,750,76,"Wine-Searcher average retail, vintage-specific",ws_vintage,2026-08-24,0
ca rome di romano marengo barbaresco chiaramanti|2020|750,Ca' Romé di Romano Marengo Barbaresco Chiaramanti,2020,750,103.0,"Wine.com retail listing, vintage-specific",ws_single_retailer,2026-09-01,0
ca rome di romano marengo barolo vigna cerretta|2019|750,Ca' Romé di Romano Marengo Barolo Vigna Cerretta,2019,750,107.0,"Wine.com retail listing, vintage-specific",ws_single_retailer,2026-09-01,0
cabreo il borgo|2009|750,Cabreo Il Borgo,2009,750,76,"Wine-Searcher average retail, vintage-specific",ws_vintage,2026-09-16,0
caiarossa toscana|2010|750,Caiarossa Toscana,2010,750,64.99,Total Wine lists the 2010 Caiarossa at $64.99 (Wine Enthusiast lists $65); single retailer confirmed 2010,ws_single_retailer,2026-09-21,0
camille giroud pommard clos de vergers|2011|750,Camille Giroud Pommard Clos de Vergers,2011,750,,No reliable price found: no price shown for the 2011 at any source,insufficient,2026-09-21,0
camille jacquet brut grand cru le mesnil sur oger|NV|750,Camille Jacquet Brut Grand Cru Le Mesnil-Sur-Oger,NV,750,50.0,Retail price $50 (promos ~$32) for Camille Jacquet Grand Cru NV 750ml,ws_single_retailer,2026-10-05,0
canalicchio di sopra brunello di montalcino|2006|750,Canalicchio di Sopra Brunello di Montalcino,2006,750,,"Insufficient data - single $246.67 offer looks like Riserva/case pricing, not corroborated; withdrawn from deals",insufficient,2026-09-21,0
canalicchio di sopra brunello di montalcino|2015|750,Canalicchio di Sopra Brunello di Montalcino,2015,750,150,"Wine-Searcher average retail (ex-tax), vintage-specific 2015 page",ws_vintage,2026-09-21,0
canalicchio di sopra brunello di montalcino|2019|750,Canalicchio di Sopra Brunello di Montalcino,2019,750,67.99,Zachys lists Canalicchio di Sopra Brunello 2019 at $67.99 (Wine-Searcher avg $108 conflicts and is not used; conservative),ws_single_retailer,2026-09-21,0
cantina del glicine barbaresco vigneto cura|2004|750,Cantina Del Glicine Barbaresco Vigneto Cura,2004,750,,"Insufficient data - only this same auction's own reserve price surfaced, no independent market source",insufficient,2026-09-14,0
cantina del pino barbaresco|2010|750,Cantina Del Pino Barbaresco,2010,750,49,"Wine-Searcher average retail, vintage-specific",ws_vintage,2026-09-14,0
cantina terlan terlaner nova domus riserva|2019|750,Cantina Terlan Terlaner Nova Domus Riserva,2019,750,79,"Wine-Searcher average retail (ex-tax), vintage-specific 2019 page",ws_vintage,2026-09-21,0
cantine del castello di conti origini|2023|750,Cantine del Castello di Conti Origini,2023,750,31,"Retail listings (Town Wine & Spirits, Wine-Searcher-listed retailer), vintage-specific",ws_single_retailer,2026-09-07,0
capanna brunello di montalcino riserva|1997|750,Capanna Brunello di Montalcino Riserva,1997,750,141,"Wine-Searcher average retail, all-vintage (Riserva)",ws_allvintage,2026-09-14,0
capanna brunello di montalcino|2004|750,Capanna Brunello di Montalcino,2004,750,50,"Wine-Searcher average retail, vintage-specific",ws_vintage,2026-09-14,0
capanna brunello di montalcino|2008|750,Capanna Brunello di Montalcino,2008,750,57,Estimate interpolated between this producer's sourced 2004 ($50) and 2010 ($63) Wine-Searcher vintage averages,estimate,2026-09-14,0
capanna brunello di montalcino|2010|750,Capanna Brunello di Montalcino,2010,750,63,"Wine-Searcher average retail, vintage-specific",ws_vintage,2026-09-14,0
capanna brunello di montalcino|2013|750,Capanna Brunello di Montalcino,2013,750,65,"Wine-Searcher average retail, vintage-specific",ws_vintage,2026-09-14,0
capitain gagnerot ladoix les grechons et foutieres blanc|2020|750,Capitain-Gagnerot Ladoix Les Grechons et Foutieres Blanc,2020,750,61.95,Saratoga Wine 2022 vintage $61.95; 2020 only EUR 37 on iDealwine; adjacent-vintage substitution,ws_adjacent,2026-10-05,0
cappellano barbera d alba gabutti|2012|750,Cappellano Barbera d'Alba Gabutti,2012,750,,Insufficient data,insufficient,2026-09-14,0
cappellano barbera d alba gabutti|2014|750,Cappellano Barbera d'Alba Gabutti,2014,750,62,"Wine-Searcher average retail, vintage-specific",ws_vintage,2026-09-14,0
carlo boffa barbaresco|2014|750,Carlo Boffa Barbaresco,2014,750,,"Insufficient data - searched, no Carlo Boffa price found",insufficient,2026-10-05,0
caroline morey chassagne montrachet rouge|2020|750,Caroline Morey Chassagne-Montrachet Rouge,2020,750,74.99,"Wine.com retail listing (2021 vintage, adjacent)",ws_adjacent,2026-09-01,0
casanova di neri brunello di montalcino tenuta nuova|2017|750,Casanova di Neri Brunello di Montalcino Tenuta Nuova,2017,750,153,"Wine-Searcher average retail (ex-tax) $153/750ml, vintage-specific (2017), 94pt",ws_vintage,2026-09-28,0
casanova di neri brunello di montalcino tenuta nuova|2020|750,Casanova di Neri Brunello di Montalcino Tenuta Nuova,2020,750,154,Wine-Searcher average retail for Tenuta Nuova (all-vintage page); 2020 is a recent release,ws_allvintage,2026-09-21,0
casanova di neri brunello di montalcino|2008|750,Casanova di Neri Brunello di Montalcino,2008,750,,Insufficient data,insufficient,2026-09-14,0
casanova di neri brunello di montalcino|2020|750,Casanova di Neri Brunello di Montalcino,2020,750,77,"Wine-Searcher average retail, vintage-specific (base/White Label bottling)",ws_vintage,2026-09-07,0
cascina adelaide barolo preda|2011|750,Cascina Adelaide Barolo Preda,2011,750,110.0,Adjacent vintage: 2013 Cascina Adelaide Barolo Preda $110 (2011 not found),ws_adjacent,2026-10-05,0
cascina ballarin barolo bricco rocca|2004|750,Cascina Ballarin Barolo Bricco Rocca,2004,750,,Insufficient data,insufficient,2026-09-14,0
cascina ballarin barolo tre ciabot|2015|375,Cascina Ballarin Barolo Tre Ciabot,2015,375,38,"Estimate: half of this producer's Tre Ciabot 750ml Wine-Searcher average (~$77), scaled for the half bottle format",estimate,2026-09-14,0
cascina ballarin barolo|2006|750,Cascina Ballarin Barolo,2006,750,,Insufficient data,insufficient,2026-09-14,0
cascina ballarin barolo|2007|375,Cascina Ballarin Barolo,2007,375,,Insufficient data,insufficient,2026-09-14,0
cascina ballarin barolo|2010|375,Cascina Ballarin Barolo,2010,375,38,"Estimate: half of this producer's Tre Ciabot 750ml Wine-Searcher average (~$77), scaled for the half bottle format",estimate,2026-09-14,0
cascina longoria barbera d alba vigneto le doti|2005|750,Cascina Longoria Barbera d'Alba Vigneto Le Doti,2005,750,,Stage 2: no price figure returned,insufficient,2026-09-28,0
cascina luisin barbaresco asili|2016|750,Cascina Luisin Barbaresco Asili,2016,750,85,Wine Enthusiast suggested retail price $85 (92pt); no Wine-Searcher figure surfaced in stage 1,estimate,2026-09-28,0
cascina principe vacca barbaresco gaia principe|2019|750,Cascina Principe - Vacca Barbaresco Gaia Principe,2019,750,59.0,"Geraldine's Natural Wines retail listing (2020 vintage, adjacent)",ws_adjacent,2026-09-01,0
castellare di castellina i sodi di san niccolo|2016|750,Castellare di Castellina I Sodi di San Niccolò,2016,750,85.95,Saratoga Wine $85.95 (J.J. Buckley $99.94) for 2016 I Sodi di San Niccolo 750ml,ws_single_retailer,2026-10-05,0
castellare di castellina i sodi di san niccolo|2017|750,Castellare di Castellina I Sodi di San Niccolò,2017,750,74.94,J.J. Buckley $74.94 for 2017 I Sodi di San Niccolo 750ml,ws_single_retailer,2026-10-05,0
castellare di castellina i sodi di san niccolo|2018|750,Castellare di Castellina I Sodi di San Niccolò,2018,750,138,No 2018 page; adjacent 2019 Wine-Searcher average $138 (2020 = $134),ws_adjacent,2026-09-21,0
castellare di castellina i sodi di san niccolo|2019|750,Castellare di Castellina I Sodi di San Niccolò,2019,750,138,"Wine-Searcher average retail (ex-tax), vintage-specific 2019 page",ws_vintage,2026-09-21,0
castellare di castellina i sodi di san niccolo|2020|750,Castellare di Castellina I Sodi di San Niccolò,2020,750,134,"Wine-Searcher average retail (ex-tax), vintage-specific 2020 page",ws_vintage,2026-09-21,0
castello banfi brunello di montalcino poggio all oro riserva|2012|750,Castello Banfi Brunello di Montalcino Poggio all'Oro Riserva,2012,750,140,"Wine-Searcher average retail, vintage-specific",ws_vintage,2026-08-24,0
castello banfi brunello di montalcino poggio alle mura riserva|2015|750,Castello Banfi Brunello di Montalcino Poggio Alle Mura Riserva,2015,750,154.0,Wine-Searcher average retail Castello Banfi Poggio alle Mura Riserva $154/750ml (WHWC list $150 sale $99.95),ws_allvintage,2026-09-21,0
castello banfi brunello di montalcino poggio alle mura|1997|750,Castello Banfi Brunello di Montalcino Poggio alle Mura,1997,750,125.0,"Wine.com retail listing, vintage-specific",ws_single_retailer,2026-09-01,0
castello banfi brunello di montalcino poggio alle mura|2016|750,Castello Banfi Brunello di Montalcino Poggio alle Mura,2016,750,103,"Wine-Searcher listing $103/750ml, vintage-specific (2016), 93pt",ws_vintage,2026-09-28,0
castello banfi brunello di montalcino|1995|750,Castello Banfi Brunello di Montalcino,1995,750,160,"Wine-Searcher average retail, vintage-specific",ws_vintage,2026-09-07,0
castello banfi brunello di montalcino|2000|750,Castello Banfi Brunello di Montalcino,2000,750,71,"Wine-Searcher average retail, all-vintage fallback (no 2000-specific figure surfaced)",ws_allvintage,2026-09-07,0
castello banfi brunello di montalcino|2012|750,Castello Banfi Brunello di Montalcino,2012,750,61,"Wine-Searcher average retail, vintage-specific",ws_vintage,2026-09-07,0
castello banfi brunello di montalcino|2015|1500,Castello Banfi Brunello di Montalcino,2015,1500,173.8,"Wine-Searcher average retail, vintage-specific",ws_vintage,2026-08-24,0
castello banfi brunello di montalcino|2019|750,Castello Banfi Brunello di Montalcino,2019,750,70,"Wine-Searcher average retail $70/750ml, vintage-specific (2019), 91pt",ws_vintage,2026-09-28,0
castello banfi excelsus|1993|750,Castello Banfi Excelsus,1993,750,49.99,"Wine.com retail listing, vintage-specific (dated listing)",ws_single_retailer,2026-09-01,0
castello banfi excelsus|1997|750,Castello Banfi Excelsus,1997,750,74.99,"Wine.com retail listing, vintage-specific",ws_single_retailer,2026-09-01,0
castello banfi summus|1999|750,Castello Banfi Summus,1999,750,64.99,"Wine.com retail listing, vintage-specific",ws_single_retailer,2026-09-01,0
castello banfi summus|2014|750,Castello Banfi Summus,2014,750,87,"Wine-Searcher average retail, vintage-specific",ws_vintage,2026-08-24,0
castello banfi summus|2016|750,Castello Banfi Summus,2016,750,89,"Wine-Searcher average retail, vintage-specific",ws_vintage,2026-08-24,0
castello dei rampolla d alceo|1996|750,Castello dei Rampolla d' Alceo,1996,750,187,"Wine-Searcher average retail, vintage-specific",ws_vintage,2026-09-14,0
castello dei rampolla d alceo|2001|750,Castello dei Rampolla d' Alceo,2001,750,257,"Wine-Searcher average retail $257/750ml, vintage-specific (2001), 94pt",ws_vintage,2026-09-28,0
castello dei rampolla sammarco|1997|750,Castello dei Rampolla Sammarco,1997,750,116,"Wine-Searcher average retail, vintage-specific",ws_vintage,2026-09-14,0
castello dei rampolla sammarco|2018|750,Castello dei Rampolla Sammarco,2018,750,78.5,"Wine-Searcher, California merchant listings ~$78.33-$78.64/750ml, vintage-specific (2018), pre-arrival",ws_vintage,2026-09-28,0
castello di ama chianti classico ama|2010|750,Castello di Ama Chianti Classico Ama,2010,750,28,"Wine Enthusiast review-cited retail price, no full Wine-Searcher average found",ws_single_retailer,2026-09-14,0
castello di ama chianti classico ama|2013|750,Castello di Ama Chianti Classico Ama,2013,750,18,"Wine-Searcher average retail, vintage-specific",ws_vintage,2026-09-16,0
castello di ama chianti classico gran selezione vigneto bellavista|2015|750,Castello di Ama Chianti Classico Gran Selezione Vigneto Bellavista,2015,750,223,"Wine-Searcher average price $223/750ml, vintage-specific (2015), 99pt, only 4200 bottles produced",ws_vintage,2026-09-28,0
castello di ama chianti classico gran selezione vigneto bellavista|2016|750,Castello di Ama Chianti Classico Gran Selezione Vigneto Bellavista,2016,750,212,"Wine-Searcher average retail $212/750ml, vintage-specific (2016)",ws_vintage,2026-09-28,0
castello di monsanto chianti classico il poggio riserva|1997|750,Castello di Monsanto Chianti Classico Il Poggio Riserva,1997,750,,"Insufficient data - searched, only auction estimates and other vintages",insufficient,2026-10-05,0
castello di monsanto chianti classico riserva|2004|750,Castello di Monsanto Chianti Classico Riserva,2004,750,,Insufficient data,insufficient,2026-09-14,0
castello di monsanto chianti classico riserva|2007|750,Castello di Monsanto Chianti Classico Riserva,2007,750,30,"Wine-Searcher average retail, all-vintage (base bottling)",ws_allvintage,2026-09-16,0
castello di monterinaldi chianti classico|2021|750,Castello Di Monterinaldi Chianti Classico,2021,750,,Insufficient data: Costco page shows $25.09 but vintage unconfirmed (searched once),insufficient,2026-10-05,0
castello di neive barbaresco santo stefano|1989|750,Castello di Neive Barbaresco Santo Stefano,1989,750,,No reliable price found: no 1989 price at any source,insufficient,2026-09-21,0
castello di neive barbaresco|2016|750,Castello di Neive Barbaresco,2016,750,65.0,US retailer $65 for 2016 Castello di Neive Barbaresco 750ml (search snippet),ws_single_retailer,2026-10-05,0
castello di verduno barbaresco|2000|750,Castello di Verduno Barbaresco,2000,750,,Insufficient data,insufficient,2026-09-07,0
castello di vicchiomaggio chianti classico agostino petri riserva|2008|750,Castello Di Vicchiomaggio Chianti Classico Agostino Petri Riserva,2008,750,32,"Wine-Searcher average retail, all-vintage (base bottling)",ws_allvintage,2026-09-16,0
castello di vicchiomaggio ripa delle more|2008|750,Castello Di Vicchiomaggio Ripa delle More,2008,750,,Insufficient data,insufficient,2026-09-14,0
castello di volpaia balifico|2020|750,Castello di Volpaia Balifico,2020,750,108,"Wine-Searcher average retail (ex-tax), vintage-specific 2020 page",ws_vintage,2026-09-21,0
castello di volpaia chianti classico riserva|2020|750,Castello di Volpaia Chianti Classico Riserva,2020,750,46,"Wine-Searcher average retail, vintage-specific 2020 page",ws_vintage,2026-09-21,0
castello la leccia chianti classico gran selezione bruciagna riserva|2004|750,Castello La Leccia Chianti Classico Gran Selezione Bruciagna Riserva,2004,750,,Insufficient data,insufficient,2026-09-14,0
castello romitorio brunello di montalcino|2020|750,Castello Romitorio Brunello di Montalcino,2020,750,83,"Wine-Searcher average price $83/750ml, vintage-specific (2020); retailers JJ Buckley/Ferry Plaza ~$69",ws_vintage,2026-09-28,0
castiglion del bosco brunello di montalcino campo del drago|2013|750,Castiglion del Bosco Brunello di Montalcino Campo del Drago,2013,750,152,Wine-Searcher average retail for Campo del Drago (all-vintage page),ws_allvintage,2026-09-21,0
castiglion del bosco brunello di montalcino|2010|750,Castiglion del Bosco Brunello di Montalcino,2010,750,70,"Wine-Searcher average retail, vintage-specific (standard bottling, not Riserva/Campo del Drago)",ws_vintage,2026-09-14,0
cavallotto barolo bricco boschis|2010|750,Cavallotto Barolo Bricco Boschis,2010,750,,"Insufficient data - searched, only GBP/NOK pricing found",insufficient,2026-10-05,0
cavallotto barolo bricco boschis|2013|750,Cavallotto Barolo Bricco Boschis,2013,750,106,"Wine-Searcher average retail $106/750ml, vintage-specific (2013), standard bottling (not Riserva)",ws_vintage,2026-09-28,0
cavallotto barolo bricco boschis|2015|750,Cavallotto Barolo Bricco Boschis,2015,750,74,"Wine.com/retailers $69.99-$74/750ml, vintage-specific (2015), plain bottling (not San Giuseppe Riserva)",ws_vintage,2026-09-28,0
cavallotto barolo bricco boschis|2016|750,Cavallotto Barolo Bricco Boschis,2016,750,133,"Wine-Searcher average retail $133/750ml, vintage-specific (2016), 94pt, standard bottling (not Riserva)",ws_vintage,2026-09-28,0
cavallotto barolo riserva bricco boschis vigna san giuseppe|2013|750,Cavallotto Barolo Riserva Bricco Boschis Vigna San Giuseppe,2013,750,238,"Wine-Searcher average retail (ex-tax) $238/750ml, vintage-specific (2013), 95pt",ws_vintage,2026-09-28,0
cavallotto barolo vignolo riserva|2008|750,Cavallotto Barolo Vignolo Riserva,2008,750,177,Wine-Searcher average retail $177/750ml (single low-stock listing of $99.50 excluded as likely clearance anomaly),ws_allvintage,2026-09-28,0
cavallotto barolo vignolo riserva|2013|750,Cavallotto Barolo Vignolo Riserva,2013,750,118,"Tribeca Wine Merchants (NYC) pre-arrival listings $115.28-$124.59/750ml, vintage-specific (2013), 95pt WA",ws_single_retailer,2026-09-28,0
cecchi val delle rose maremma toscana aurelio|2016|750,Cecchi Val delle Rose Maremma Toscana Aurelio,2016,750,39,"Wine-Searcher average retail, adjacent-vintage (2017) used as substitute",ws_adjacent,2026-08-24,0
cecchi val delle rose maremma toscana aurelio|2017|750,Cecchi Val delle Rose Maremma Toscana Aurelio,2017,750,39,"Wine-Searcher average retail, vintage-specific",ws_vintage,2026-08-24,0
cerbaiola salvioni brunello di montalcino|2015|750,Cerbaiola (Salvioni) Brunello di Montalcino,2015,750,159.95,Saratoga Wine $159.95 for 2015 Salvioni Cerbaiola Brunello 750ml,ws_single_retailer,2026-10-05,0
cerbaiola salvioni rosso di montalcino|2018|750,Cerbaiola (Salvioni) Rosso di Montalcino,2018,750,90,"Wine Enthusiast review-cited retail price, no full Wine-Searcher average found",ws_single_retailer,2026-09-14,0
cerbaiona rosso di montalcino|2015|750,Cerbaiona Rosso di Montalcino,2015,750,80,"Wine-Searcher average retail, vintage-specific",ws_vintage,2026-09-14,0
cerbaiona rosso di montalcino|2016|750,Cerbaiona Rosso di Montalcino,2016,750,56,"Wine-Searcher average retail, vintage-specific",ws_vintage,2026-09-14,0
cerbaiona rosso di montalcino|2017|750,Cerbaiona Rosso di Montalcino,2017,750,78,"Wine-Searcher average retail, vintage-specific",ws_vintage,2026-09-14,0
ceretto barbaresco bricco asili bernardot|2004|750,Ceretto Barbaresco Bricco Asili Bernardot,2004,750,95,"Estimate: Ceretto single-vineyard Barbaresco Bernardot typically retails $70-90 at current release; a mature, well-rated (90pt) 2004 commands a modest age/rarity premium on the secondary market",estimate,2026-08-24,0
ceretto barolo bricco rocche|1998|750,Ceretto Barolo Bricco Rocche,1998,750,250,"Estimate: Ceretto Bricco Rocche (flagship single-hectare cru) retails $300-450 at current release; the 1998 (excellent vintage, 92-93pt) is a sought after but mature collector bottle, typically trading somewhat below current-release price",estimate,2026-08-24,0
ceretto barolo zonchera|2004|750,Ceretto Barolo Zonchera,2004,750,99,"Wine-Searcher average retail, vintage-specific",ws_vintage,2026-09-14,0
chandon de briailles corton bressandes|2017|750,Chandon de Briailles Corton Bressandes,2017,750,,"Insufficient data - searched, only EUR/GBP pricing found",insufficient,2026-10-05,0
chandon de briailles pernand vergelesses ile des vergelesses|2015|750,Chandon de Briailles Pernand-Vergelesses Ile des Vergelesses,2015,750,124,"Wine-Searcher average retail, all-vintage average",ws_allvintage,2026-08-24,0
charles and alphrede prieur grand prieur brut|2008|750,Charles & Alphrede Prieur Grand Prieur Brut,2008,750,,Insufficient data: Last Bottle listing without visible price (searched once),insufficient,2026-10-05,0
charles gardet brut rose chigny les roses|NV|750,Charles Gardet Brut Rose Chigny Les Roses,NV,750,,Insufficient data,insufficient,2026-09-07,0
charles heidsieck brut reserve|NV|750,Charles Heidsieck Brut Réserve,NV,750,67,Wine-Searcher average retail,ws_vintage,2026-08-24,0
charles heidsieck brut rose|2005|750,Charles Heidsieck Brut Rosé,2005,750,148,"Wine-Searcher 2005 Charles Heidsieck Rose Millesime page, $148",ws_vintage,2026-09-21,0
charles heidsieck brut|2012|750,Charles Heidsieck Brut,2012,750,134,"Wine-Searcher average price $134/750ml, vintage-specific (2012 Brut Millesime), 93pt",ws_vintage,2026-09-28,0
charles joguet chinon rose|2018|1500,Charles Joguet Chinon Rosé,2018,1500,,No reliable price found: 2018 rose in magnum; only a 750ml current average ($27) exists and a 2018 rose is past its drinking window,insufficient,2026-09-21,0
charles mignon brut cuvee comte de marne|2015|750,Charles Mignon Brut Cuvee Comte de Marne,2015,750,101.0,Wine-Searcher average retail 2015 Charles Mignon Cuvee Comte de Marne Grand Cru Brut Millesime $101/750ml,ws_vintage,2026-09-21,0
charles mignon brut cuvee comte de marne|NV|1500,Charles Mignon Brut Cuvee Comte de Marne,NV,1500,,"Insufficient data - searched, no USD price found",insufficient,2026-10-05,0
charles mignon brut cuvee comte de marne|NV|3000,Charles Mignon Brut Cuvee Comte de Marne,NV,3000,,"Insufficient data - searched, no USD price found",insufficient,2026-10-05,0
charles mignon brut cuvee comte de marne|NV|750,Charles Mignon Brut Cuvee Comte de Marne,NV,750,,"Insufficient data - searched, no USD price found",insufficient,2026-10-05,0
charles mignon premium reserve rose|NV|750,Charles Mignon Premium Reserve Rose,NV,750,,"Insufficient data - searched, only EUR/SEK prices found",insufficient,2026-10-05,0
charles mignon premium reserve|NV|750,Charles Mignon Premium Reserve,NV,750,,"Insufficient data - searched, only CAD price found",insufficient,2026-10-05,0
charles noellat beaune les cents vignes|2002|750,Charles Noellat Beaune Les Cents Vignes,2002,750,,Insufficient data: no 2002 price found (searched once),insufficient,2026-10-05,0
charles noellat savigny les beaune|2005|750,Charles Noellat Savigny-les-Beaune,2005,750,,Insufficient data: no 2005 price found (searched once),insufficient,2026-10-05,0
charles van canneyt bourgogne rouge|2013|750,Charles Van Canneyt Bourgogne Rouge,2013,750,39,"Wine-Searcher average retail, vintage-specific",ws_vintage,2026-08-24,0
charles van canneyt chablis montee de tonnerre|2020|750,Charles Van Canneyt Chablis Montee de Tonnerre,2020,750,,"Insufficient data - searched, no 2020 price found",insufficient,2026-10-05,0
charlopin tissier marsannay la montagne|2020|750,Charlopin Tissier Marsannay La Montagne,2020,750,,"Insufficient data - searched, only EUR pricing found",insufficient,2026-10-05,0
charlopin tissier marsannay le chapitre|2021|750,Charlopin Tissier Marsannay le Chapitre,2021,750,,"Insufficient data - searched, only EUR pricing found",insufficient,2026-10-05,0
chartogne taillet hors serie|NV|750,Chartogne-Taillet Hors Serie,NV,750,189.99,"Astor Wines $189.99 for Chartogne-Taillet Hors Serie (2022 base; US range $190-$215 across 2020/2022 bases); NV lot, base-year mismatch",ws_allvintage,2026-10-05,0
chateau angludet|2009|1500,Château Angludet,2009,1500,143,"Wine-Searcher average retail, vintage-specific (750ml $65 scaled to magnum at 2.2x)",ws_vintage,2026-09-07,0
chateau angludet|2009|750,Château Angludet,2009,750,65,"Wine-Searcher average retail, vintage-specific",ws_vintage,2026-09-07,0
chateau angludet|2014|1500,Château Angludet,2014,1500,167.2,"Wine-Searcher average retail (USA), vintage-specific (750ml $76 scaled to magnum at 2.2x)",ws_vintage,2026-09-07,0
chateau artigues arnaud|2009|750,Château Artigues Arnaud,2009,750,27,"Wine-Searcher average retail, all-vintage (third label of Grand-Puy-Ducasse, stable-priced)",ws_allvintage,2026-09-16,0
chateau batailley|2016|750,Château Batailley,2016,750,,"Insufficient data - searched, conflicting quotes and a related estate",insufficient,2026-10-05,0
chateau beausejour duffau lagarrosse|2021|750,Château Beausejour (Duffau Lagarrosse),2021,750,140,"Wine-Searcher average retail (ex-tax), vintage-specific 2021 page",ws_vintage,2026-09-21,0
chateau beausejour pomerol|1967|750,Château Beausejour (Pomerol),1967,750,,Stage 2: no price figure returned,insufficient,2026-09-28,0
chateau beausejour pomerol|1969|750,Château Beausejour (Pomerol),1969,750,,Stage 2: no price figure returned,insufficient,2026-09-28,0
chateau belair monange|2014|750,Château Belair-Monange,2014,750,138,"Wine-Searcher average retail, vintage-specific",ws_vintage,2026-09-07,0
chateau bellefont belcier|2022|750,Château Bellefont Belcier,2022,750,60.0,"Wine.com retail listing, vintage-specific (futures pre-sale)",ws_single_retailer,2026-09-01,0
chateau bellevue la foret cotes du frontonnais optimum|2009|750,Chateau Bellevue La Foret Cotes du Frontonnais Optimum,2009,750,21,"Retail listing cited (WineBid marketplace, Feb 2022), no full Wine-Searcher average found",ws_single_retailer,2026-09-14,0
chateau bellevue|2021|750,Château Bellevue,2021,750,70,"Wine-Searcher average retail, all-vintage average",ws_allvintage,2026-08-24,0
chateau bernadotte|2009|1500,Château Bernadotte,2009,1500,94.6,"Wine-Searcher average retail, vintage-specific (750ml $43 scaled to magnum at 2.2x)",ws_vintage,2026-09-07,0
chateau beychevelle les brulieres de beychevelle|1982|750,Château Beychevelle Les Brulieres de Beychevelle,1982,750,,Insufficient data,insufficient,2026-09-07,0
chateau beychevelle les brulieres de beychevelle|1983|750,Château Beychevelle Les Brulieres de Beychevelle,1983,750,,Insufficient data,insufficient,2026-09-07,0
chateau beychevelle|1988|750,Château Beychevelle,1988,750,,No reliable price found: only a single European listing (EUR 167 tax included) for the 1988,insufficient,2026-09-21,0
chateau beychevelle|2021|750,Château Beychevelle,2021,750,97,"Wine-Searcher average retail, vintage-specific",ws_vintage,2026-09-14,0
chateau beychevelle|2022|750,Château Beychevelle,2022,750,99.99,Binnys lists Chateau Beychevelle 2022 at $99.99 (Zachys $129.99); lower used as conservative single-retailer benchmark,ws_single_retailer,2026-09-21,0
chateau billeron bouquey|2021|750,Château Billeron Bouquey,2021,750,,Insufficient data - no reliable price found in search,insufficient,2026-09-01,0
chateau bourgneuf vayron|1982|750,Château Bourgneuf-Vayron,1982,750,106,"Wine-Searcher average retail, vintage-specific",ws_vintage,2026-09-07,0
chateau bourgneuf vayron|1998|750,Château Bourgneuf-Vayron,1998,750,90,"Wine-Searcher average retail, vintage-specific",ws_vintage,2026-09-16,0
chateau branaire ducru|1981|750,Château Branaire-Ducru,1981,750,96,"Wine-Searcher average retail, vintage-specific",ws_vintage,2026-09-07,0
chateau branaire ducru|1982|750,Château Branaire-Ducru,1982,750,263,"Wine-Searcher average retail, vintage-specific",ws_vintage,2026-08-24,0
chateau branaire ducru|1983|750,Château Branaire-Ducru,1983,750,,Insufficient data,insufficient,2026-09-07,0
chateau branaire ducru|1989|750,Château Branaire-Ducru,1989,750,118,"Wine-Searcher average retail, vintage-specific",ws_vintage,2026-09-07,0
chateau branaire ducru|1990|750,Château Branaire-Ducru,1990,750,,Insufficient data,insufficient,2026-09-07,0
chateau branaire ducru|1999|750,Château Branaire-Ducru,1999,750,,Stage 2: no price figure for this vintage,insufficient,2026-09-28,0
chateau branaire ducru|2006|750,Château Branaire-Ducru,2006,750,75,"Wine-Searcher average retail, vintage-specific",ws_vintage,2026-09-07,0
chateau branaire ducru|2010|750,Château Branaire-Ducru,2010,750,136,"Wine-Searcher average retail (ex-tax), vintage-specific 2010 page",ws_vintage,2026-09-21,0
chateau branaire ducru|2015|750,Château Branaire-Ducru,2015,750,86.0,Wine-Searcher average retail 2015 Chateau Branaire-Ducru $86/750ml (Saratoga $67.89 Binnys $79.99),ws_vintage,2026-09-21,0
chateau branaire ducru|2021|1500,Château Branaire-Ducru,2021,1500,118.8,"Wine-Searcher average retail, vintage-specific (scaled from 750ml)",ws_vintage,2026-08-24,0
chateau branaire ducru|2023|750,Château Branaire-Ducru,2023,750,,Insufficient data,insufficient,2026-09-14,0
chateau brane cantenac|1978|750,Château Brane-Cantenac,1978,750,,Insufficient data - no reliable price found in search,insufficient,2026-09-01,0
chateau brane cantenac|2005|750,Château Brane-Cantenac,2005,750,164,"Wine-Searcher average retail (ex-tax), vintage-specific 2005 page",ws_vintage,2026-09-21,0
chateau brane cantenac|2010|750,Château Brane-Cantenac,2010,750,150.0,"Wine.com retail listing, vintage-specific",ws_single_retailer,2026-09-01,0
chateau brane cantenac|2017|750,Château Brane-Cantenac,2017,750,95,"Wine-Searcher average price (ex-tax) $95/750ml, vintage-specific (2017)",ws_vintage,2026-09-28,0
chateau brane cantenac|2018|750,Château Brane-Cantenac,2018,750,92,"Wine-Searcher average price $92/750ml, vintage-specific (2018), 95pt",ws_vintage,2026-09-28,0
chateau brane cantenac|2019|750,Château Brane-Cantenac,2019,750,92,"Wine-Searcher average retail (ex-tax), vintage-specific 2019 page",ws_vintage,2026-09-21,0
chateau brane cantenac|2021|750,Château Brane-Cantenac,2021,750,74,"Wine-Searcher average retail, vintage-specific",ws_vintage,2026-09-07,0
chateau calon segur|1979|750,Château Calon-Segur,1979,750,123,"Wine-Searcher average retail (ex-tax), vintage-specific 1979 page",ws_vintage,2026-09-21,0
chateau calon segur|1995|750,Château Calon-Segur,1995,750,150.0,Fine Wines International $150 (auction est. $150-$200) for 1995 Calon-Segur 750ml,ws_single_retailer,2026-10-05,0
chateau calon segur|1996|750,Château Calon-Segur,1996,750,243,"Wine-Searcher average retail (ex-tax), vintage-specific 1996 page",ws_vintage,2026-09-21,0
chateau calon segur|2000|750,Château Calon-Segur,2000,750,226,"Wine-Searcher average retail (ex-tax), vintage-specific 2000 page",ws_vintage,2026-09-21,0
chateau calon segur|2009|750,Château Calon-Segur,2009,750,217,"Wine-Searcher average retail (ex-tax), vintage-specific 2009 page",ws_vintage,2026-09-21,0
chateau calon segur|2014|750,Château Calon-Segur,2014,750,178,"Wine-Searcher average retail (ex-tax), vintage-specific 2014 page",ws_vintage,2026-09-21,0
chateau calon segur|2016|750,Château Calon-Segur,2016,750,205,"Wine-Searcher average retail (ex-tax), vintage-specific 2016 page",ws_vintage,2026-09-21,0
chateau calon segur|2018|750,Château Calon-Segur,2018,750,159.99,"Wine.com retail listing, vintage-specific",ws_single_retailer,2026-09-01,0
chateau calon segur|2019|750,Château Calon-Segur,2019,750,185,"Wine-Searcher average retail, vintage-specific",ws_vintage,2026-08-24,0
chateau cambon la pelouse|2005|750,Château Cambon la Pelouse,2005,750,37,"Wine-Searcher average retail, vintage-specific",ws_vintage,2026-09-07,0
chateau cambon la pelouse|2009|750,Château Cambon la Pelouse,2009,750,41,"Wine-Searcher average retail, vintage-specific",ws_vintage,2026-09-07,0
chateau canon la gaffeliere|1995|750,Château Canon-La-Gaffeliere,1995,750,,"Insufficient data - searched, price on request only",insufficient,2026-10-05,0
chateau canon la gaffeliere|2022|750,Château Canon-La-Gaffeliere,2022,750,103,"Wine-Searcher average retail (ex-tax), vintage-specific 2022 page",ws_vintage,2026-09-21,0
chateau canon la gaffeliere|2023|750,Château Canon-La-Gaffeliere,2023,750,,No reliable price found: 2023 is a futures/pre-arrival vintage and only an all-vintage average ($102) surfaced,insufficient,2026-09-21,0
chateau canon|1983|750,Château Canon,1983,750,329,"Wine-Searcher average retail, vintage-specific",ws_vintage,2026-08-24,0
chateau canon|2003|750,Château Canon,2003,750,164.99,"Schneiders of Capitol Hill (Washington DC) $164.99/750ml ex-tax, vintage-specific (2003)",ws_single_retailer,2026-09-28,0
chateau canon|2014|750,Château Canon,2014,750,144,"Wine-Searcher average retail (ex-tax), vintage-specific 2014 page",ws_vintage,2026-09-21,0
chateau canon|2020|750,Château Canon,2020,750,230,"Wine-Searcher average retail (ex-tax), vintage-specific 2020 page",ws_vintage,2026-09-21,0
chateau canon|2021|750,Château Canon,2021,750,129,"Wine-Searcher average retail (ex-tax), vintage-specific 2021 page",ws_vintage,2026-09-21,0
chateau cantemerle|1983|750,Château Cantemerle,1983,750,99,"Wine-Searcher average price $99/750ml, vintage-specific (1983)",ws_vintage,2026-09-28,0
chateau cantemerle|1996|750,Château Cantemerle,1996,750,,Insufficient data: only outlier US price ($549.99 Cask Cartel) vs ~GBP60 UK; rejected (searched once),insufficient,2026-10-05,0
chateau cantemerle|2009|750,Château Cantemerle,2009,750,73,"Wine-Searcher average price (ex-tax) $73/750ml, vintage-specific (2009), grand vin",ws_vintage,2026-09-28,0
chateau cantemerle|2010|750,Château Cantemerle,2010,750,74,"Wine-Searcher average price $74/750ml, vintage-specific (2010), 94pt, grand vin",ws_vintage,2026-09-28,0
chateau cantemerle|2017|750,Château Cantemerle,2017,750,38,"Wine-Searcher average retail, vintage-specific",ws_vintage,2026-08-24,0
chateau cantemerle|2022|750,Château Cantemerle,2022,750,37.99,"Wine.com retail listing, vintage-specific",ws_single_retailer,2026-09-01,0
chateau cantenac brown|2010|750,Château Cantenac-Brown,2010,750,121.0,Wine-Searcher average retail 2010 Chateau Cantenac Brown $121/750ml (retailers $86.95-$125),ws_vintage,2026-09-21,0
chateau cantenac brown|2020|750,Château Cantenac-Brown,2020,750,85,"Wine-Searcher average retail (ex-tax), vintage-specific 2020 page",ws_vintage,2026-09-21,0
chateau cantenac brown|2022|750,Château Cantenac-Brown,2022,750,75,"Wine-Searcher average retail, vintage-specific",ws_vintage,2026-08-24,0
chateau carbonnieux blanc|2005|750,Château Carbonnieux (Blanc),2005,750,47,"Wine-Searcher average retail, vintage-specific",ws_vintage,2026-09-14,0
chateau carbonnieux blanc|2009|750,Château Carbonnieux (Blanc),2009,750,41,"Wine-Searcher average retail, vintage-specific",ws_vintage,2026-09-14,0
chateau carbonnieux|2005|375,Château Carbonnieux,2005,375,,Insufficient data: no 2005 375ml price found (searched once),insufficient,2026-10-05,0
chateau carignan cuvee prima|2005|6000,Château Carignan Cuvee Prima,2005,6000,103.04,"Wine-Searcher listing, single retailer (Atlas Fine Wines, London), scaled from 750ml",ws_single_retailer,2026-08-24,0
chateau caronne ste gemme|2018|750,Château Caronne-Ste-Gemme,2018,750,19.99,"K&L Wine Merchants retail listing (2016 vintage, adjacent)",ws_adjacent,2026-09-01,0
chateau charmail|2000|750,Château Charmail,2000,750,,Insufficient data: only EUR prices found (searched once),insufficient,2026-10-05,0
chateau charmail|2018|750,Château Charmail,2018,750,24.99,"Wine.com retail listing (2016 vintage, adjacent)",ws_adjacent,2026-09-01,0
chateau chasse spleen|1995|750,Château Chasse-Spleen,1995,750,85,"Wine-Searcher average retail, vintage-specific",ws_vintage,2026-09-14,0
chateau chasse spleen|1998|750,Château Chasse-Spleen,1998,750,,Insufficient data - no reliable price found in search,insufficient,2026-09-01,0
chateau clerc milon|1989|750,Château Clerc-Milon,1989,750,160,"Wine-Searcher average retail, vintage-specific",ws_vintage,2026-09-07,0
chateau clerc milon|1998|750,Château Clerc-Milon,1998,750,169,"Wine-Searcher 1998 page: 89/100, price $169",ws_vintage,2026-09-21,0
chateau clerc milon|2021|750,Château Clerc-Milon,2021,750,70.99,"Zachys Wine & Liquor $70.99/750ml, vintage-specific (2021)",ws_vintage,2026-09-28,0
chateau climens asphodele|2019|750,Château Climens Asphodele,2019,750,42.99,"Wine-Searcher listing, single retailer (Plucky Wines, NJ)",ws_single_retailer,2026-08-24,0
chateau clos de sarpe|2005|750,Château Clos de Sarpe,2005,750,174.99,Flatiron Wines NYC 2005 750ml $174.99 (Natalie MacLean lists $155); Flatiron listing is an auction-slug page so treat as approximate,ws_single_retailer,2026-10-05,0
chateau clos de sarpe|2019|750,Château Clos de Sarpe,2019,750,90,"Wine-Searcher average retail, all-vintage fallback (no 2019-specific figure surfaced)",ws_allvintage,2026-09-07,0
chateau clos l eglise cotes de castillon|2005|1500,Château Clos L'Eglise (Cotes de Castillon),2005,1500,105.58,"Wine.com retail listing $47.99 (750ml, scaled to magnum x2.2)",ws_single_retailer,2026-09-01,0
chateau corbin|2005|750,Château Corbin,2005,750,62,"Wine-Searcher average retail, vintage-specific",ws_vintage,2026-09-07,0
chateau cordeillan bages|1989|750,Château Cordeillan Bages,1989,750,,Insufficient data,insufficient,2026-09-14,0
chateau cote de baleau|1998|750,Château Cote de Baleau,1998,750,,"Insufficient data: Comptoir des Millesimes 1998 out of stock, no price shown (searched once)",insufficient,2026-10-05,0
chateau coufran|1982|750,Château Coufran,1982,750,,"Stage 2: only current-release average ($39) found, not usable for 1982",insufficient,2026-09-28,0
chateau couhins lurton screwcap|2005|750,Château Couhins-Lurton (Screwcap),2005,750,,Insufficient data,insufficient,2026-09-07,0
chateau croix de labrie|2009|750,Château Croix De Labrie,2009,750,,"Insufficient data - searched, only the 2020 vintage found",insufficient,2026-10-05,0
chateau d aiguilhe cotes de castillon|2016|750,Château d'Aiguilhe Cotes de Castillon,2016,750,37.99,Flatiron Wines NYC 2016 750ml $37.99 (listed sold out; list price shown),ws_single_retailer,2026-10-05,0
chateau d armailhac|1997|750,Château d'Armailhac,1997,750,78,"Wine-Searcher average retail, vintage-specific",ws_vintage,2026-08-24,0
chateau d armailhac|2000|750,Château d'Armailhac,2000,750,140,"Wine-Searcher average retail (ex-tax), vintage-specific 2000 page",ws_vintage,2026-09-21,0
chateau d armailhac|2012|750,Château d'Armailhac,2012,750,77,"Wine-Searcher average retail (ex-tax), vintage-specific 2012 page",ws_vintage,2026-09-21,0
chateau d armailhac|2016|750,Château d'Armailhac,2016,750,97,"Wine-Searcher average retail (ex-tax), vintage-specific 2016 page",ws_vintage,2026-09-21,0
chateau d armailhac|2019|750,Château d'Armailhac,2019,750,75,"Wine-Searcher average retail (ex-tax), vintage-specific 2019 page",ws_vintage,2026-09-21,0
chateau d esclans rose garrus|2014|750,Chateau D'Esclans Rose Garrus,2014,750,105,"Wine-Searcher average retail, vintage-specific",ws_vintage,2026-09-16,0
chateau d esclans rose garrus|2022|750,Chateau D'Esclans Rose Garrus,2022,750,93,"Wine-Searcher 2022 page: 93/100, price $93",ws_vintage,2026-09-21,0
chateau d issan|2000|750,Château d'Issan,2000,750,142,"Wine-Searcher average retail (ex-tax), vintage-specific 2000 page",ws_vintage,2026-09-21,0
chateau d issan|2006|750,Château d'Issan,2006,750,119,"Wine-Searcher average retail (ex-tax), vintage-specific 2006 page",ws_vintage,2026-09-21,0
chateau d issan|2014|750,Château d'Issan,2014,750,83,"Wine-Searcher average price (ex-tax) $83/750ml, vintage-specific (2014)",ws_vintage,2026-09-28,0
chateau d issan|2015|750,Château d'Issan,2015,750,103,"Wine-Searcher average price (ex-tax) $103/750ml, vintage-specific (2015)",ws_vintage,2026-09-28,0
chateau d issan|2016|750,Château d'Issan,2016,750,80,"Wine-Searcher average price $80/750ml, vintage-specific (2016)",ws_vintage,2026-09-28,0
chateau d issan|2020|750,Château d'Issan,2020,750,77,"Wine-Searcher average retail (ex-tax), vintage-specific 2020 page",ws_vintage,2026-09-21,0
chateau dalem|1998|750,Château Dalem,1998,750,,Insufficient data: only EUR 19 iDealwine estimate (searched once),insufficient,2026-10-05,0
chateau dalem|2015|750,Château Dalem,2015,750,35,"Wine-Searcher average retail, vintage-specific",ws_vintage,2026-09-14,0
chateau dassault|2015|750,Château Dassault,2015,750,57,"Wine-Searcher average retail, vintage-specific",ws_vintage,2026-08-24,0
chateau dassault|2016|750,Château Dassault,2016,750,65,"Wine-Searcher average retail, vintage-specific",ws_vintage,2026-08-24,0
chateau dauzac la bastide dauzac|2020|750,Château Dauzac La Bastide Dauzac,2020,750,51.99,"Wine.com retail listing (2012 vintage, adjacent)",ws_adjacent,2026-09-01,0
chateau dauzac|1982|750,Château Dauzac,1982,750,99.99,"K&L Wine Merchants retail listing, vintage-specific",ws_single_retailer,2026-09-01,0
chateau dauzac|1998|750,Château Dauzac,1998,750,65,"Wine-Searcher average retail, vintage-specific",ws_vintage,2026-09-07,0
chateau de beaucastel chateauneuf du pape|1994|750,Chateau de Beaucastel Châteauneuf-du-Pape,1994,750,164,"Wine-Searcher average retail, vintage-specific",ws_vintage,2026-09-14,0
chateau de beaucastel chateauneuf du pape|1995|750,Chateau de Beaucastel Châteauneuf-du-Pape,1995,750,233,"Wine-Searcher average retail, vintage-specific",ws_vintage,2026-09-14,0
chateau de beaucastel chateauneuf du pape|1998|750,Chateau de Beaucastel Châteauneuf-du-Pape,1998,750,,"Insufficient data - searched, only GBP/ZAR pricing found",insufficient,2026-10-05,0
chateau de beaucastel chateauneuf du pape|2001|750,Chateau de Beaucastel Châteauneuf-du-Pape,2001,750,149.99,"K&L Wine Merchants retail listing, vintage-specific",ws_single_retailer,2026-09-01,0
chateau de beaucastel chateauneuf du pape|2003|750,Chateau de Beaucastel Châteauneuf-du-Pape,2003,750,108,"Wine-Searcher average price (ex-tax) $108/750ml, vintage-specific (2003), plain rouge",ws_vintage,2026-09-28,0
chateau de beaucastel chateauneuf du pape|2004|750,Chateau de Beaucastel Châteauneuf-du-Pape,2004,750,98,"Wine-Searcher average retail (ex-tax), vintage-specific",ws_vintage,2026-08-24,0
chateau de beaucastel chateauneuf du pape|2005|750,Chateau de Beaucastel Châteauneuf-du-Pape,2005,750,149,"Wine-Searcher average retail, vintage-specific",ws_vintage,2026-09-07,0
chateau de beaucastel chateauneuf du pape|2006|750,Chateau de Beaucastel Châteauneuf-du-Pape,2006,750,146.5,"Wine-Searcher average retail, adjacent vintages averaged (no 2006-specific listing found)",ws_adjacent,2026-08-24,0
chateau de beaucastel chateauneuf du pape|2009|750,Chateau de Beaucastel Châteauneuf-du-Pape,2009,750,164,"Wine-Searcher average retail, vintage-specific",ws_vintage,2026-09-07,0
chateau de beaucastel chateauneuf du pape|2010|750,Chateau de Beaucastel Châteauneuf-du-Pape,2010,750,122.5,"Wine-Searcher, $110-$135/750ml range, vintage-specific (2010), plain rouge, midpoint used",ws_vintage,2026-09-28,0
chateau de beaucastel chateauneuf du pape|2011|750,Chateau de Beaucastel Châteauneuf-du-Pape,2011,750,89,"Wine-Searcher average retail, vintage-specific",ws_vintage,2026-09-07,0
chateau de beaucastel chateauneuf du pape|2015|750,Chateau de Beaucastel Châteauneuf-du-Pape,2015,750,114,"Wine-Searcher average retail (ex-tax), vintage-specific",ws_vintage,2026-08-24,0
chateau de beaucastel chateauneuf du pape|2016|750,Chateau de Beaucastel Châteauneuf-du-Pape,2016,750,108,"Wine-Searcher average retail, likely all-vintage average page (2016-specific tag not clearly shown in snippet)",ws_allvintage,2026-08-24,0
chateau de beaucastel chateauneuf du pape|2021|750,Chateau de Beaucastel Châteauneuf-du-Pape,2021,750,109.99,"Wine.com retail listing, vintage-specific",ws_single_retailer,2026-09-01,0
chateau de beaucastel chateauneuf du pape|2023|750,Chateau de Beaucastel Châteauneuf-du-Pape,2023,750,108,"Wine-Searcher average retail (ex-tax), vintage-specific 2023 page",ws_vintage,2026-09-21,0
chateau de beaucastel cotes du rhone coudoulet de beaucastel|2002|750,Chateau de Beaucastel Cotes du Rhone Coudoulet de Beaucastel,2002,750,,Insufficient data,insufficient,2026-09-07,0
chateau de chaintres exmuros saumur blanc terre de breze|NV|750,Château de Chaintres EXMuros Saumur Blanc Terre de Breze,NV,750,28.99,"Wine.com retail listing (2021 vintage shown, lot recorded NV)",ws_adjacent,2026-09-01,0
chateau de fosse seche reserve du pigeonnier|2022|750,Château de Fosse-Seche Réserve du Pigeonnier,2022,750,85,"Wine-Searcher listing $85/750ml, 92pt (not clearly vintage-tied to 2022)",ws_allvintage,2026-09-28,0
chateau de la font du loup chateauneuf du pape beatus|2022|750,Chateau de la Font du Loup Châteauneuf-du-Pape Beatus,2022,750,,Insufficient data,insufficient,2026-09-07,0
chateau de la font du loup chateauneuf du pape blanc|2021|750,Chateau de la Font du Loup Châteauneuf-du-Pape Blanc,2021,750,51.95,"Empire Wine retail listing, vintage-specific",ws_single_retailer,2026-09-01,0
chateau de la font du loup chateauneuf du pape legend|2022|750,Chateau de la Font du Loup Chateauneuf-du-Pape Legend,2022,750,104.99,"Vin Chicago retail listing, vintage-specific",ws_single_retailer,2026-09-01,0
chateau de la gardine chateauneuf du pape|1999|750,Chateau de la Gardine Châteauneuf-du-Pape,1999,750,59.99,"Kahn's Fine Wines retailer listing, vintage-specific",ws_single_retailer,2026-09-16,0
chateau de la maltroye bourgogne|2002|750,Chateau de la Maltroye Bourgogne,2002,750,,Insufficient data,insufficient,2026-09-14,0
chateau de la maltroye chassagne montrachet clos st jean rouge|1999|750,Chateau de la Maltroye Chassagne-Montrachet Clos St. Jean Rouge,1999,750,98,"Wine-Searcher average retail, all-vintage",ws_allvintage,2026-09-14,0
chateau de la maltroye chassagne montrachet la boudriotte rouge|2005|375,Chateau de la Maltroye Chassagne-Montrachet La Boudriotte (Rouge),2005,375,,Insufficient data: no 2005 375ml price; only 2017-2022 750ml (searched once),insufficient,2026-10-05,0
chateau de la maltroye chassagne montrachet la boudriotte rouge|2005|750,Chateau de la Maltroye Chassagne-Montrachet La Boudriotte (Rouge),2005,750,,Insufficient data: no 2005 price; only 2017-2022 vintages ($75-$78) (searched once),insufficient,2026-10-05,0
chateau de la maltroye chassagne montrachet la romanee|2005|750,Chateau de la Maltroye Chassagne-Montrachet La Romanee,2005,750,,Insufficient data - no reliable price found in search,insufficient,2026-09-01,0
chateau de la tour clos vougeot|2014|750,Chateau de La Tour Clos Vougeot,2014,750,345,"Wine-Searcher average retail (ex-tax), vintage-specific (Vieilles Vignes Grand Cru bottling)",ws_vintage,2026-08-24,0
chateau de lyde cadillac cotes de bordeaux|2018|750,Château de Lyde Cadillac Cotes de Bordeaux,2018,750,10,"Wine-Searcher average retail (ex-tax), vintage-specific 2018 page",ws_vintage,2026-09-21,0
chateau de malle|1971|750,Château De Malle,1971,750,150,Estimate based on general knowledge of comparable 2nd Cru Classe Sauternes from a strong vintage at this age,estimate,2026-08-24,0
chateau de pibarnon bandol rouge les restanques de pibarnon|2021|750,Chateau de Pibarnon Bandol Rouge Les Restanques de Pibarnon,2021,750,47,"Wine-Searcher average price (ex-tax) $47/750ml, vintage-specific (2021)",ws_vintage,2026-09-28,0
chateau de pibarnon bandol|1990|750,Chateau de Pibarnon Bandol,1990,750,,Insufficient data,insufficient,2026-09-14,0
chateau de pommard pommard clos marey monge|2008|750,Chateau de Pommard Pommard Clos Marey-Monge,2008,750,273,Wine-Searcher average price $273/750ml across vintages (not clearly 2008-specific),ws_allvintage,2026-09-28,0
chateau de pommard pommard clos marey monge|2009|750,Chateau de Pommard Pommard Clos Marey-Monge,2009,750,273,Wine-Searcher average price $273/750ml across vintages (not clearly 2009-specific),ws_allvintage,2026-09-28,0
chateau de pressac|2016|750,Château de Pressac,2016,750,45,"Wine-Searcher average retail (ex-tax), vintage-specific 2016 page (Chap4 Fine+Rare CA $45.00)",ws_vintage,2026-09-21,0
chateau de sarenceau|2005|750,Château de Sarenceau,2005,750,27.99,"K&L Wine Merchants retail listing, vintage-specific",ws_single_retailer,2026-09-01,0
chateau des gondats|1990|750,Chateau des Gondats,1990,750,,Stage 2: no reliable price for this vintage; results confused with unrelated Marquis de Terme 'Les Gondats' bottling,insufficient,2026-09-28,0
chateau des graviers|2009|750,Château des Graviers,2009,750,50,"Wine-Searcher average retail, vintage-specific",ws_vintage,2026-09-07,0
chateau des tours cotes du rhone reserve|2014|750,Chateau des Tours Côtes du Rhône Reserve,2014,750,250,"Wine-Searcher average retail, vintage-specific (91/100 rating tied to average price)",ws_vintage,2026-08-24,0
chateau des tours cotes du rhone reserve|2019|750,Chateau des Tours Côtes du Rhône Reserve,2019,750,89.99,Bottle Barn 2019 Chateau des Tours Cotes-du-Rhone Reserve Rouge 750ml $89.99 (Flask $194.97 not used),ws_single_retailer,2026-10-05,0
chateau du moulin noir|1996|750,Château du Moulin Noir,1996,750,,Insufficient data,insufficient,2026-08-24,0
chateau du nozet pouilly fume baron de l|2018|750,"Chateau du Nozet Pouilly Fume Baron de ""L""",2018,750,68.0,Wine-Searcher average retail 2018 Chateau du Nozet Pouilly-Fume Baron de L $68/750ml US (ex-tax),ws_vintage,2026-09-21,0
chateau du nozet pouilly fume baron de l|2019|750,"Chateau du Nozet Pouilly Fume Baron de ""L""",2019,750,80.0,Wine-Searcher average retail 2019 Chateau du Nozet Pouilly-Fume Baron de L $80/750ml US (ex-tax),ws_vintage,2026-09-21,0
chateau duhart milon rothschild blanc|2023|750,Château Duhart-Milon-Rothschild Blanc,2023,750,94,"Wine-Searcher 2023 page: 93/100, price $94",ws_vintage,2026-09-21,0
chateau duhart milon rothschild|1979|750,Château Duhart-Milon-Rothschild,1979,750,,Insufficient data,insufficient,2026-09-07,0
chateau duhart milon rothschild|1983|750,Château Duhart-Milon-Rothschild,1983,750,60.99,"Wine.com retail listing, vintage-specific",ws_single_retailer,2026-09-01,0
chateau duhart milon rothschild|1985|750,Château Duhart-Milon-Rothschild,1985,750,,Insufficient data,insufficient,2026-09-07,0
chateau duhart milon rothschild|1986|750,Château Duhart-Milon-Rothschild,1986,750,237,"Wine-Searcher average retail, vintage-specific",ws_vintage,2026-09-07,0
chateau duhart milon rothschild|1990|750,Château Duhart-Milon-Rothschild,1990,750,149,"Wine-Searcher average retail, vintage-specific",ws_vintage,2026-09-07,0
chateau duhart milon rothschild|2003|750,Château Duhart-Milon-Rothschild,2003,750,159.97,"Wine.com retail listing, vintage-specific",ws_single_retailer,2026-09-01,0
chateau duhart milon rothschild|2007|750,Château Duhart-Milon-Rothschild,2007,750,144,"Wine-Searcher 2007 page: 89/100, average price $144",ws_vintage,2026-09-21,0
chateau duhart milon rothschild|2008|750,Château Duhart-Milon-Rothschild,2008,750,,Insufficient data,insufficient,2026-09-07,0
chateau duhart milon rothschild|2009|750,Château Duhart-Milon-Rothschild,2009,750,147,"Wine-Searcher average retail (ex-tax), vintage-specific 2009 page",ws_vintage,2026-09-21,0
chateau duhart milon rothschild|2011|750,Château Duhart-Milon-Rothschild,2011,750,92,"Wine-Searcher merchant listings, vintage-specific (midpoint of $90-94 range)",ws_vintage,2026-09-14,0
chateau faugeres|1998|750,Château Faugeres,1998,750,,Insufficient data: only EUR/GBP prices; Faugeres vs Peby-Faugeres ambiguity (searched once),insufficient,2026-10-05,0
chateau faugeres|2000|750,Château Faugeres,2000,750,65,"Wine-Searcher average retail (ex-tax), vintage-specific",ws_vintage,2026-08-24,0
chateau ferriere|2015|750,Château Ferriere,2015,750,60,"Wine-Searcher average retail (ex-tax), vintage-specific",ws_vintage,2026-08-24,0
chateau feytit clinet|2011|750,Château Feytit-Clinet,2011,750,,"Insufficient data - searched, only an auction estimate found",insufficient,2026-10-05,0
chateau fleur cardinale|2014|750,Château Fleur Cardinale,2014,750,65,"Wine-Searcher average retail (ex-tax), vintage-specific",ws_vintage,2026-08-24,0
chateau fleur cardinale|2015|750,Château Fleur Cardinale,2015,750,82,"Wine-Searcher average price $82/750ml, vintage-specific (2015); a second listing showed $62 at 92pt",ws_vintage,2026-09-28,0
chateau fombrauge|2004|750,Château Fombrauge,2004,750,45,"Wine-Searcher average retail, all-vintage",ws_allvintage,2026-09-16,0
chateau fombrauge|2005|750,Château Fombrauge,2005,750,55,"Wine-Searcher average retail, vintage-specific",ws_vintage,2026-09-14,0
chateau fombrauge|2006|750,Château Fombrauge,2006,750,45,"Wine-Searcher average retail, all-vintage",ws_allvintage,2026-09-16,0
chateau fombrauge|2007|750,Château Fombrauge,2007,750,25,"IdealWine auction hammer price (EUR22.64 incl. commission, converted), vintage-specific -- fetched directly",auction,2026-09-16,0
chateau fonbadet|2003|750,Château Fonbadet,2003,750,67,"Wine-Searcher average retail, vintage-specific",ws_vintage,2026-09-14,0
chateau fonbadet|2009|750,Château Fonbadet,2009,750,60,"Wine-Searcher average retail, vintage-specific",ws_vintage,2026-09-14,0
chateau fortia chateauneuf du pape cuvee du baron|2003|750,Chateau Fortia Chateauneuf du Pape Cuvee du Baron,2003,750,,Insufficient data,insufficient,2026-09-07,0
chateau fortia chateauneuf du pape cuvee du baron|2010|750,Chateau Fortia Chateauneuf du Pape Cuvee du Baron,2010,750,42,"Wine-Searcher average retail, vintage-specific",ws_vintage,2026-09-07,0
chateau fortia chateauneuf du pape tete de cru|1977|750,Chateau Fortia Chateauneuf Du Pape Tete De Cru,1977,750,96,"Wine-Searcher average retail, vintage-specific",ws_vintage,2026-09-07,0
chateau fortia chateauneuf du pape tradition|2010|750,Chateau Fortia Châteauneuf-du-Pape Tradition,2010,750,45,"Wine-Searcher average retail, all-vintage fallback (Tradition line; no 2010-specific figure surfaced)",ws_allvintage,2026-09-07,0
chateau gaudin|2010|750,Château Gaudin,2010,750,25,"Wine-Searcher listed price, vintage-specific",ws_vintage,2026-09-16,0
chateau gaudin|2011|750,Château Gaudin,2011,750,49.99,"Winestogo $49.99/750ml ex-tax, vintage-specific (2011), low stock",ws_single_retailer,2026-09-28,0
chateau gazin rocquencourt|2016|750,Château Gazin Rocquencourt,2016,750,,"Insufficient data - searched, only CAD pricing found",insufficient,2026-10-05,0
chateau gazin|2014|750,Château Gazin,2014,750,84.88,"monsieur marcel / Rye Brook Wine $84.88/750ml, vintage-specific (2014)",ws_single_retailer,2026-09-28,0
chateau gazin|2015|750,Château Gazin,2015,750,107,"Wine-Searcher average retail (ex-tax), vintage-specific 2015 page",ws_vintage,2026-09-21,0
chateau giscours|1978|750,Château Giscours,1978,750,,Insufficient data,insufficient,2026-09-07,0
chateau giscours|2000|750,Château Giscours,2000,750,129.0,Wine-Searcher average retail 2000 Chateau Giscours $129/750ml (one retailer $98.99),ws_vintage,2026-09-21,0
chateau giscours|2012|750,Château Giscours,2012,750,81,"Wine-Searcher average retail, vintage-specific",ws_vintage,2026-09-07,0
chateau giscours|2015|750,Château Giscours,2015,750,98,"Wine-Searcher average retail, vintage-specific",ws_vintage,2026-09-07,0
chateau giscours|2020|750,Château Giscours,2020,750,79.97,"Wine.com retail listing, vintage-specific",ws_single_retailer,2026-09-01,0
chateau gloria|1966|750,Château Gloria,1966,750,,Insufficient data - no reliable price found in search,insufficient,2026-09-01,0
chateau gloria|1983|750,Château Gloria,1983,750,86,"Wine-Searcher average price (ex-tax) $86/750ml, vintage-specific (1983)",ws_vintage,2026-09-28,0
chateau gloria|1996|750,Château Gloria,1996,750,88,"Wine-Searcher average retail (ex-tax), vintage-specific",ws_vintage,2026-08-24,0
chateau gloria|2010|750,Château Gloria,2010,750,71,"Wine-Searcher average price (ex-tax) $71/750ml, vintage-specific (2010)",ws_vintage,2026-09-28,0
chateau gloria|2016|750,Château Gloria,2016,750,77,"Wine-Searcher average price $77/750ml, vintage-specific (2016)",ws_vintage,2026-09-28,0
chateau gloria|2020|750,Château Gloria,2020,750,53,"Wine-Searcher average price $53/750ml California, vintage-specific (2020)",ws_vintage,2026-09-28,0
chateau gloria|2022|750,Château Gloria,2022,750,50,"Wine-Searcher-referenced pricing, vintage-specific (approximate)",ws_vintage,2026-08-24,0
chateau gombaude guillot|2000|750,Château Gombaude-Guillot,2000,750,,Insufficient data,insufficient,2026-09-14,0
chateau grand corbin despagne|2020|750,Château Grand Corbin-Despagne,2020,750,,Insufficient data - no reliable price found in search,insufficient,2026-09-01,0
chateau grand mayne|1989|750,Château Grand-Mayne,1989,750,130,"Wine-Searcher average retail, vintage-specific",ws_vintage,2026-08-24,0
chateau grand mayne|2015|750,Château Grand-Mayne,2015,750,71,"Wine-Searcher average retail (ex-tax), vintage-specific",ws_vintage,2026-08-24,0
chateau grand puy lacoste|2016|750,Château Grand-Puy-Lacoste,2016,750,109,"Wine-Searcher average retail (ex-tax), vintage-specific",ws_vintage,2026-08-24,0
chateau gruaud larose|1989|750,Château Gruaud-Larose,1989,750,260,"Wine-Searcher average retail, vintage-specific",ws_vintage,2026-09-07,0
chateau gruaud larose|1998|750,Château Gruaud-Larose,1998,750,58.99,"Wine.com retail listing, vintage-specific",ws_single_retailer,2026-09-01,0
chateau gruaud larose|2015|750,Château Gruaud-Larose,2015,750,121,"Wine-Searcher average retail, vintage-specific",ws_vintage,2026-09-07,0
chateau gruaud larose|2016|750,Château Gruaud-Larose,2016,750,112,"Wine-Searcher average retail, vintage-specific",ws_vintage,2026-09-07,0
chateau gruaud larose|2022|750,Château Gruaud-Larose,2022,750,117.0,Wine-Searcher average retail 2022 Chateau Gruaud-Larose $117/750ml,ws_vintage,2026-09-21,0
chateau gruaud larose|2023|750,Château Gruaud-Larose,2023,750,88,"Wine-Searcher average retail (ex-tax), vintage-specific 2023 page",ws_vintage,2026-09-21,0
chateau guillot clauzel|2019|750,Château Guillot Clauzel,2019,750,99.0,Wine-Searcher average retail Chateau Guillot Clauzel $99/750ml US (not tied to 2019),ws_allvintage,2026-09-21,0
chateau hanteillan|1989|750,Château Hanteillan,1989,750,63.44,"Vintage Wine and Port (UK) retail listing (£49.95 GBP, converted ~1.27 USD/GBP), vintage-specific",ws_single_retailer,2026-09-01,0
chateau haut bages liberal|1982|750,Château Haut-Bages-Liberal,1982,750,,Insufficient data,insufficient,2026-09-07,0
chateau haut bailly|1984|750,Château Haut-Bailly,1984,750,,Stage 2: 1984 listed in Wine-Searcher's catalog but no price figure returned,insufficient,2026-09-28,0
chateau haut bailly|1998|750,Château Haut-Bailly,1998,750,130,"Wine-Searcher average retail, vintage-specific",ws_vintage,2026-09-14,0
chateau haut bailly|2010|750,Château Haut-Bailly,2010,750,246,"Wine-Searcher average retail, vintage-specific",ws_vintage,2026-09-14,0
chateau haut bailly|2016|750,Château Haut-Bailly,2016,750,185,"Wine-Searcher average retail, vintage-specific",ws_vintage,2026-09-14,0
chateau haut bailly|2019|750,Château Haut-Bailly,2019,750,146,"Wine-Searcher average retail (ex-tax), vintage-specific 2019 page",ws_vintage,2026-09-21,0
chateau haut bailly|2021|750,Château Haut-Bailly,2021,750,134,"Wine-Searcher average retail (ex-tax), vintage-specific 2021 page",ws_vintage,2026-09-21,0
chateau haut beausejour|2009|750,Château Haut-Beausejour,2009,750,24,"Wine-Searcher average retail, vintage-specific (converted from GBP 19)",ws_vintage,2026-09-07,0
chateau haut bergey|2006|750,Château Haut-Bergey,2006,750,32,"Wine-Searcher average price (ex-tax) $32/750ml, vintage-specific (2006), 89pt",ws_vintage,2026-09-28,0
chateau haut de la becade|2020|750,Château Haut De La Becade,2020,750,47,"Wine-Searcher average retail (ex-tax), vintage-specific 2020 page (Star Wines CA $39.99)",ws_vintage,2026-09-21,0
chateau haut maillet|1998|750,Château Haut-Maillet,1998,750,,Insufficient data: only EUR prices (searched once),insufficient,2026-10-05,0
chateau haut sarpe|1979|750,Château Haut Sarpe,1979,750,37,"iDealwine retail listing, vintage-specific (converted from EUR 34)",ws_single_retailer,2026-09-07,0
chateau l arrosee|1966|750,Château L'Arrosee,1966,750,218,"Wine-Searcher average retail, vintage-specific",ws_vintage,2026-08-24,0
chateau l eglise clinet|2011|750,Château L'Eglise-Clinet,2011,750,146,"Wine-Searcher average retail, vintage-specific",ws_vintage,2026-09-14,0
chateau l eglise clinet|2014|750,Château L'Eglise-Clinet,2014,750,189,"Wine-Searcher average price $189/750ml, vintage-specific (2014), 94pt",ws_vintage,2026-09-28,0
chateau la couspaude|2016|750,Château La Couspaude,2016,750,49.95,"Napa, California merchant $49.95/750ml, vintage-specific (2016)",ws_single_retailer,2026-09-28,0
chateau la croix de gay|1996|750,Château La Croix de Gay,1996,750,69,"Wine-Searcher average retail, vintage-specific",ws_vintage,2026-09-14,0
chateau la croix de gay|1998|750,Château La Croix de Gay,1998,750,81,"Wine-Searcher average retail, vintage-specific",ws_vintage,2026-09-16,0
chateau la dominique|1986|750,Château La Dominique,1986,750,173,"Wine-Searcher average retail (ex-tax), vintage-specific 1986 page",ws_vintage,2026-09-21,0
chateau la dominique|2009|750,Château La Dominique,2009,750,100,"Wine-Searcher average retail, vintage-specific",ws_vintage,2026-09-07,0
chateau la fleur st georges|2020|750,Château La Fleur St. Georges,2020,750,,"Insufficient data - searched, no price found",insufficient,2026-10-05,0
chateau la gaffeliere|2010|750,Château La Gaffeliere,2010,750,,Insufficient data,insufficient,2026-08-24,0
chateau la gaffeliere|2014|750,Château La Gaffeliere,2014,750,65,Estimate based on producer reputation and vintage quality; Wine-Searcher snippet price appeared to be for a different (second-label) bottling,estimate,2026-08-24,0
chateau la gomerie|2000|750,Château La Gomerie,2000,750,192.0,Fine Wines International $192 for 2000 La Gomerie 750ml,ws_single_retailer,2026-10-05,0
chateau la gomerie|2009|750,Château La Gomerie,2009,750,,Insufficient data - no reliable price found in search,insufficient,2026-09-01,0
chateau la lagune|1984|750,Château La Lagune,1984,750,,Insufficient data,insufficient,2026-09-07,0
chateau la lagune|1985|750,Château La Lagune,1985,750,108,"Wine-Searcher average price (ex-tax) $108/750ml, vintage-specific (1985)",ws_vintage,2026-09-28,0
chateau la lagune|1988|750,Château La Lagune,1988,750,92,"Wine-Searcher average retail (ex-tax), vintage-specific",ws_vintage,2026-08-24,0
chateau la lagune|2010|750,Château La Lagune,2010,750,94,"Wine-Searcher average price (ex-tax) $94/750ml, vintage-specific (2010); Green's Beverages/Millesima ~$79-89",ws_vintage,2026-09-28,0
chateau la louviere|2001|750,Château La Louviere,2001,750,47,"Wine-Searcher average retail, vintage-specific",ws_vintage,2026-09-07,0
chateau la mission haut brion|1990|750,Château La Mission Haut Brion,1990,750,900.0,"Fine Wines International $900-$1,000 (auction $900-$1,200) for 1990 La Mission Haut-Brion 750ml; low end used",ws_single_retailer,2026-10-05,0
chateau la nerthe chateauneuf du pape|2020|750,Chateau la Nerthe Châteauneuf-du-Pape,2020,750,68,"Wine-Searcher average retail (ex-tax), vintage-specific 2020 page",ws_vintage,2026-09-21,0
chateau la rousselle|2009|750,Château La Rousselle,2009,750,,Insufficient data: only historical release price found (searched once),insufficient,2026-10-05,0
chateau la tour l aspic|2010|750,Château La Tour L' Aspic,2010,750,,Insufficient data,insufficient,2026-09-14,0
chateau la vieille cure|2010|750,Château La Vieille-Cure,2010,750,52,"Wine-Searcher average retail, vintage-specific",ws_vintage,2026-09-14,0
chateau lafon rochet|1964|750,Château Lafon-Rochet,1964,750,,Insufficient data - no reliable price found in search,insufficient,2026-09-01,0
chateau lafon rochet|1996|750,Château Lafon-Rochet,1996,750,64,Wine-Searcher average price ~$64/750ml across vintages (no 1996-specific figure),ws_allvintage,2026-09-28,0
chateau lafon rochet|2010|750,Château Lafon-Rochet,2010,750,105,"Wine-Searcher average retail (ex-tax), vintage-specific 2010 page",ws_vintage,2026-09-21,0
chateau lafon rochet|2018|750,Château Lafon-Rochet,2018,750,64,"Wine-Searcher average retail (ex-tax), vintage-specific 2018 page",ws_vintage,2026-09-21,0
chateau lafon rochet|2020|750,Château Lafon-Rochet,2020,750,47.97,"Multiple US retailers $47.94-$47.99/750ml, vintage-specific (2020)",ws_vintage,2026-09-28,0
chateau lagrange|2000|750,Château LaGrange,2000,750,129.99,"K&L Wine Merchants retail listing, vintage-specific",ws_single_retailer,2026-09-01,0
chateau lagrange|2005|750,Château LaGrange,2005,750,136,"Wine-Searcher average retail (ex-tax), vintage-specific 2005 page",ws_vintage,2026-09-21,0
chateau lagrange|2016|750,Château LaGrange,2016,750,93,"Wine-Searcher average retail (ex-tax), vintage-specific",ws_vintage,2026-08-24,0
chateau lagrange|2022|750,Château LaGrange,2022,750,58.99,"K&L Wine Merchants retail listing, vintage-specific",ws_single_retailer,2026-09-01,0
chateau lalande borie|1982|750,Château Lalande Borie,1982,750,100,"Single retailer listing ($99.99), vintage-specific",ws_single_retailer,2026-09-07,0
chateau lalande|2022|750,Château Lalande,2022,750,39,"Wine-Searcher average retail, vintage-specific (Château Lalande, St-Julien)",ws_vintage,2026-08-24,0
chateau lamothe de bergeron|2016|750,Château Lamothe-de-Bergeron,2016,750,25,"Wine-Searcher average retail (USA), vintage-specific",ws_vintage,2026-09-07,0
chateau lanessan|2005|1500,Château Lanessan,2005,1500,105.42,"Grand Cru Direct (California) $47.92/750ml, vintage-specific (2005), scaled x2.2 for 1.5L magnum format",ws_single_retailer,2026-09-28,0
chateau laroque|2020|750,Château Laroque,2020,750,39.99,"Wine.com retail listing, vintage-specific",ws_single_retailer,2026-09-01,0
chateau laroque|2022|750,Château Laroque,2022,750,49.99,"Wine.com retail listing, vintage-specific",ws_single_retailer,2026-09-01,0
chateau larrivet haut brion blanc|2007|750,Château Larrivet-Haut-Brion Blanc,2007,750,73,"Wine-Searcher average retail, vintage-specific",ws_vintage,2026-09-14,0
chateau larrivet haut brion blanc|2009|750,Château Larrivet-Haut-Brion Blanc,2009,750,,"Insufficient data - the only figure found ($1,187) looks like a mismatched listing, implausible for this wine",insufficient,2026-09-14,0
chateau larrivet haut brion|2000|750,Château Larrivet-Haut-Brion,2000,750,78,"Wine-Searcher average retail (ex-tax), vintage-specific 2000 page",ws_vintage,2026-09-21,0
chateau larroque|1990|750,Château Larroque,1990,750,,Insufficient data,insufficient,2026-08-24,0
chateau lascombes|2005|750,Château Lascombes,2005,750,139,"Wine-Searcher average retail (ex-tax), vintage-specific",ws_vintage,2026-08-24,0
chateau lascombes|2006|750,Château Lascombes,2006,750,147,"Wine-Searcher average retail (ex-tax), vintage-specific",ws_vintage,2026-08-24,0
chateau lascombes|2015|750,Château Lascombes,2015,750,106,"Wine-Searcher average price $106/750ml, vintage-specific (2015)",ws_vintage,2026-09-28,0
chateau lassegue|2019|750,Château Lassègue,2019,750,76,"Wine-Searcher average retail (ex-tax), vintage-specific 2019 page",ws_vintage,2026-09-21,0
chateau latour a pomerol|2014|750,Château Latour a Pomerol,2014,750,100,"Wine-Searcher average retail, vintage-specific",ws_vintage,2026-09-07,0
chateau le coteau|2015|750,Château Le Coteau,2015,750,32,"Wine-Searcher average retail, all-vintage fallback (no 2015-specific figure surfaced)",ws_allvintage,2026-09-07,0
chateau le gay|2019|750,Château Le Gay,2019,750,118,"Wine-Searcher average retail (ex-tax), vintage-specific 2019 page",ws_vintage,2026-09-21,0
chateau le rey les rocheuses|2020|750,Château Le Rey Les Rocheuses,2020,750,41,"Retailer average (Kahn's Fine Wines $33.99, Regency Wine & Liquor $48.99), vintage-specific",ws_single_retailer,2026-09-16,0
chateau leoville barton|1979|750,Château Leoville-Barton,1979,750,,Insufficient data,insufficient,2026-09-07,0
chateau leoville barton|1996|750,Château Leoville-Barton,1996,750,210,"Wine-Searcher average retail (USA), vintage-specific",ws_vintage,2026-09-07,0
chateau leoville barton|1998|750,Château Leoville-Barton,1998,750,118,"Wine-Searcher average retail, vintage-specific",ws_vintage,2026-08-24,0
chateau leoville barton|2001|750,Château Leoville-Barton,2001,750,189,"Wine-Searcher average retail (ex-tax), vintage-specific 2001 page",ws_vintage,2026-09-21,0
chateau leoville barton|2005|750,Château Leoville-Barton,2005,750,195,"Wine-Searcher average retail (ex-tax), vintage-specific 2005 page",ws_vintage,2026-09-21,0
chateau leoville barton|2015|750,Château Leoville-Barton,2015,750,106,"Wine-Searcher average retail, vintage-specific",ws_vintage,2026-08-24,0
chateau leoville barton|2016|750,Château Leoville-Barton,2016,750,133,"Wine-Searcher average price (ex-tax) $133/750ml, vintage-specific (2016)",ws_vintage,2026-09-28,0
chateau leoville barton|2019|750,Château Leoville-Barton,2019,750,148,"Wine-Searcher average retail (ex-tax), vintage-specific",ws_vintage,2026-08-24,0
chateau leoville barton|2023|750,Château Leoville-Barton,2023,750,114,"Wine-Searcher average retail, vintage-specific",ws_vintage,2026-09-14,0
chateau leoville las cases|1979|750,Château Leoville-Las-Cases,1979,750,180,Estimate based on producer/appellation/vintage reputation,estimate,2026-08-24,0
chateau leoville las cases|1983|750,Château Leoville-Las-Cases,1983,750,301,"Wine-Searcher average retail, vintage-specific",ws_vintage,2026-09-07,0
chateau leoville las cases|1994|750,Château Leoville-Las-Cases,1994,750,188.0,Wine-Searcher average retail 1994 Chateau Leoville-Las Cases $188/750ml,ws_vintage,2026-09-21,0
chateau leoville las cases|2019|750,Château Leoville-Las-Cases,2019,750,261,"Wine-Searcher average retail (ex-tax), vintage-specific 2019 page (Grand Vin)",ws_vintage,2026-09-21,0
chateau leoville poyferre|1978|750,Château Leoville-Poyferre,1978,750,119.9,"Sodivin (FR) retail listing (€110.00 EUR, converted ~1.09 USD/EUR), vintage-specific",ws_single_retailer,2026-09-01,0
chateau leoville poyferre|2014|750,Château Leoville-Poyferre,2014,750,115,"Wine-Searcher average retail (ex-tax), vintage-specific 2014 page",ws_vintage,2026-09-21,0
chateau leoville poyferre|2015|750,Château Leoville-Poyferre,2015,750,150,"Wine-Searcher average retail (ex-tax), vintage-specific 2015 page",ws_vintage,2026-09-21,0
chateau leoville poyferre|2016|750,Château Leoville-Poyferre,2016,750,146,"Wine-Searcher average price (ex-tax) $146/750ml, vintage-specific (2016)",ws_vintage,2026-09-28,0
chateau leoville poyferre|2023|750,Château Leoville-Poyferre,2023,750,115,"Wine-Searcher average retail (ex-tax), vintage-specific 2023 page",ws_vintage,2026-09-21,0
chateau les carmes haut brion|1998|750,Château Les Carmes Haut Brion,1998,750,98,"Wine-Searcher average price $98/750ml, vintage-specific (1998)",ws_vintage,2026-09-28,0
chateau les carmes haut brion|2000|750,Château Les Carmes Haut Brion,2000,750,160.0,Wine-Searcher average retail 2000 Chateau Les Carmes Haut-Brion $160/750ml,ws_vintage,2026-09-21,0
chateau les carmes haut brion|2019|750,Château Les Carmes Haut Brion,2019,750,239,"Wine-Searcher average retail (ex-tax), vintage-specific 2019 page",ws_vintage,2026-09-21,0
chateau les grandes murailles|2018|750,Château Les Grandes-Murailles,2018,750,40,"Wine-Searcher average retail, vintage-specific",ws_vintage,2026-08-24,0
chateau les ormes de pez|2009|750,Château Les Ormes-de-Pez,2009,750,82,"Wine-Searcher average retail (ex-tax), vintage-specific 2009 page",ws_vintage,2026-09-21,0
chateau les ormes sorbet|2000|750,Château Les Ormes-Sorbet,2000,750,24,"Retailer average ($19-$29.97 across listings), vintage-specific",ws_single_retailer,2026-09-16,0
chateau lestours clocher vacqueyras|2019|750,Château Lestours Clocher Vacqueyras,2019,750,39.99,"The Wine Cellar Group retail listing (2015 vintage, adjacent)",ws_adjacent,2026-09-01,0
chateau lilian ladouys|2011|750,Château Lilian Ladouys,2011,750,,No reliable price found: only a EUR all-vintage average; no 2011 USD price,insufficient,2026-09-21,0
chateau lilian ladouys|2020|750,Château Lilian Ladouys,2020,750,27.0,Wine-Searcher average retail 2020 Chateau Lilian Ladouys $27/750ml,ws_vintage,2026-09-21,0
chateau liversan|2016|750,Château Liversan,2016,750,17,"Wine-Searcher average retail, vintage-specific",ws_vintage,2026-09-07,0
chateau loudenne|2005|750,Château Loudenne,2005,750,,No reliable price found: only an all-vintage average ($39) not applicable to a 2005 Cru Bourgeois,insufficient,2026-09-21,0
chateau louvie|2009|750,Château Louvie,2009,750,38,"Wine-Searcher average retail, vintage-specific",ws_vintage,2026-09-14,0
chateau lynch bages blanc de lynch bages|2024|750,Château Lynch-Bages Blanc de Lynch-Bages,2024,750,109,"Wine-Searcher average retail, vintage-specific",ws_vintage,2026-09-14,0
chateau lynch bages|2001|750,Château Lynch-Bages,2001,750,158,"Wine-Searcher average retail (ex-tax), vintage-specific 2001 page",ws_vintage,2026-09-21,0
chateau lynch bages|2002|750,Château Lynch-Bages,2002,750,155.0,Cask Fine & Rare lists 2002 Chateau Lynch-Bages at $155 (single retailer),ws_single_retailer,2026-09-21,0
chateau lynch bages|2014|750,Château Lynch-Bages,2014,750,181,"Wine-Searcher average retail, vintage-specific",ws_vintage,2026-09-14,0
chateau lynch bages|2015|750,Château Lynch-Bages,2015,750,207,"Wine-Searcher average retail, vintage-specific",ws_vintage,2026-09-14,0
chateau lynch bages|2021|750,Château Lynch-Bages,2021,750,75,Estimate based on producer/appellation/vintage reputation,estimate,2026-08-24,0
chateau lynch bages|2023|750,Château Lynch-Bages,2023,750,147,"Wine-Searcher average retail, vintage-specific",ws_vintage,2026-09-14,0
chateau malartic lagraviere|2020|750,Château Malartic-Lagraviere,2020,750,66,"Wine-Searcher average retail (ex-tax), vintage-specific 2020 page",ws_vintage,2026-09-21,0
chateau malescot st exupery|2005|750,Château Malescot-St Exupery,2005,750,81,"Wine-Searcher average price (ex-tax) $81/750ml, vintage-specific (2005)",ws_vintage,2026-09-28,0
chateau malescot st exupery|2010|750,Château Malescot-St Exupery,2010,750,123.0,Wine-Searcher average retail 2010 Chateau Malescot-St-Exupery $123/750ml,ws_vintage,2026-09-21,0
chateau malescot st exupery|2015|750,Château Malescot-St Exupery,2015,750,123,"Wine-Searcher average retail (ex-tax), vintage-specific 2015 page",ws_vintage,2026-09-21,0
chateau malescot st exupery|2018|750,Château Malescot-St Exupery,2018,750,75,"Wine-Searcher average price (ex-tax) $75/750ml USA, vintage-specific (2018), plain bottling (excluded La Dame de Malescot)",ws_vintage,2026-09-28,0
chateau margaux|1983|750,Château Margaux,1983,750,875.0,"Wine Library $875 (Fine Wines Intl $850-$925; Zachys $1,300; Pogo's $2,500) for 1983 Chateau Margaux 750ml; lowest used",ws_single_retailer,2026-10-05,0
chateau marjosse blanc|2005|750,Château Marjosse Blanc,2005,750,30,"Wine-Searcher average retail, vintage-specific",ws_vintage,2026-09-14,0
chateau marquis d alesme becker|1990|750,Château Marquis d'Alesme-Becker,1990,750,44.45,"Vintage Wine and Port (UK) retail listing (£35.00 GBP, converted ~1.27 USD/GBP), vintage-specific",ws_single_retailer,2026-09-01,0
chateau marquis de terme|2016|750,Château Marquis-de-Terme,2016,750,60,"Wine-Searcher average retail, vintage-specific (cross-source range $58-61)",ws_vintage,2026-09-07,0
chateau maucaillou|1966|750,Château Maucaillou,1966,750,152.0,"Wine Consigners retail listing, vintage-specific",ws_single_retailer,2026-09-01,0
chateau meyney|1982|750,Château Meyney,1982,750,189,"Wine-Searcher average retail (ex-tax), vintage-specific 1982 page",ws_vintage,2026-09-21,0
chateau meyney|1989|750,Château Meyney,1989,750,115,"Wine-Searcher average retail, vintage-specific (midpoint of $96/$135 regional listings)",ws_vintage,2026-09-14,0
chateau meyney|2006|1500,Château Meyney,2006,1500,,No reliable price found: magnum 2006; the only figure surfaced ($142) has no confirmed format and no magnum listing was found,insufficient,2026-09-21,0
chateau meyney|2014|750,Château Meyney,2014,750,62,"Wine-Searcher average retail (ex-tax), vintage-specific 2014 page",ws_vintage,2026-09-21,0
chateau meyney|2018|750,Château Meyney,2018,750,51,"Wine-Searcher average retail (ex-tax), vintage-specific",ws_vintage,2026-08-24,0
chateau monbousquet blanc|2007|750,Château Monbousquet Blanc,2007,750,77,"Retailer average ($75-$78), vintage-specific listing match",ws_single_retailer,2026-09-16,0
chateau monbousquet|2005|750,Château Monbousquet,2005,750,109.98,Wine House 2005 Monbousquet 750ml $109.98 list price (out of stock); Saratoga pre-arrival $136.85; lower used,ws_single_retailer,2026-10-05,0
chateau mongravey|2020|750,Château Mongravey,2020,750,55,"Wine-Searcher average retail (ex-tax), vintage-specific",ws_vintage,2026-08-24,0
chateau mongravey|2021|750,Château Mongravey,2021,750,43,"Wine-Searcher average retail, vintage-specific",ws_vintage,2026-08-24,0
chateau mongravey|2022|750,Château Mongravey,2022,750,46,Estimate based on same-producer adjacent-vintage Wine-Searcher averages,estimate,2026-08-24,0
chateau montrose|2006|750,Château Montrose,2006,750,210,"Wine-Searcher average retail (ex-tax), vintage-specific 2006 page",ws_vintage,2026-09-21,0
chateau montrose|2008|750,Château Montrose,2008,750,149,"Wine-Searcher average retail (ex-tax), vintage-specific 2008 page",ws_vintage,2026-09-21,0
chateau montrose|2012|750,Château Montrose,2012,750,142.0,Wine-Searcher average retail 2012 Chateau Montrose $142/750ml,ws_vintage,2026-09-21,0
chateau montrose|2014|750,Château Montrose,2014,750,189,"Wine-Searcher average retail (ex-tax), vintage-specific 2014 page",ws_vintage,2026-09-21,0
chateau montrose|2017|750,Château Montrose,2017,750,182.0,Wine-Searcher average retail 2017 Chateau Montrose $182/750ml (Saratoga-type sale $157.50; an earlier $210 figure not vintage-tied and not used),ws_vintage,2026-09-21,0
chateau montrose|2019|750,Château Montrose,2019,750,207,"Wine-Searcher average retail (ex-tax), vintage-specific 2019 page",ws_vintage,2026-09-21,0
chateau montviel|1994|750,Château Montviel,1994,750,35,Estimate based on producer/appellation/vintage reputation,estimate,2026-08-24,0
chateau nairac|1975|750,Château Nairac,1975,750,70,Estimate based on producer/appellation/vintage reputation,estimate,2026-08-24,0
chateau nenin|2009|750,Château Nenin,2009,750,110,"Wine-Searcher average retail, vintage-specific",ws_vintage,2026-09-14,0
chateau ollieux romanis boutenac cuvee prestige|2022|750,Chateau Ollieux Romanis Boutenac Cuvee Prestige,2022,750,26.97,"Wine.com retail listing, vintage-specific",ws_single_retailer,2026-09-01,0
chateau palmer historical xixth century wine l 20 19|NV|750,Château Palmer Historical XIXth Century Wine (L.20.19),NV,750,325.0,Sotheby's Wine $325 for Palmer Historical XIXth Century Wine batch L.20.20 (lot is another batch; Vivino avg ~$300),ws_adjacent,2026-10-05,0
chateau pape clement|1998|750,Château Pape-Clement,1998,750,,"Insufficient data - searched, conflicting USD/EUR/GBP quotes",insufficient,2026-10-05,0
chateau pape clement|2015|750,Château Pape-Clement,2015,750,141.0,Wine-Searcher average retail 2015 Chateau Pape-Clement $141/750ml (retailers $145-$157),ws_vintage,2026-09-21,0
chateau pape clement|2020|750,Château Pape-Clement,2020,750,104,"Wine-Searcher average retail (ex-tax), vintage-specific 2020 page (red)",ws_vintage,2026-09-21,0
chateau pape clement|2022|750,Château Pape-Clement,2022,750,119,"Wine-Searcher average retail (ex-tax), vintage-specific 2022 page (red)",ws_vintage,2026-09-21,0
chateau pape clement|2023|750,Château Pape-Clement,2023,750,77,"Wine-Searcher average retail (ex-tax), vintage-specific 2023 page (red)",ws_vintage,2026-09-21,0
chateau pavie decesse|1999|375,Château Pavie-Decesse,1999,375,,Insufficient data: no 375ml 1999 price found (searched once),insufficient,2026-10-05,0
chateau pavie macquin|1998|750,Château Pavie-Macquin,1998,750,,"Insufficient data - searched, only GBP case pricing found",insufficient,2026-10-05,0
chateau pavie macquin|2000|750,Château Pavie-Macquin,2000,750,213,"Wine-Searcher average retail, vintage-specific",ws_vintage,2026-08-24,0
chateau pavie macquin|2005|750,Château Pavie-Macquin,2005,750,212,"Wine-Searcher average retail (ex-tax), vintage-specific 2005 page",ws_vintage,2026-09-21,0
chateau pavie macquin|2010|750,Château Pavie-Macquin,2010,750,196,"Wine-Searcher average retail (ex-tax), vintage-specific 2010 page",ws_vintage,2026-09-21,0
chateau pavie macquin|2011|750,Château Pavie-Macquin,2011,750,104.0,Wine-Searcher average retail 2011 Chateau Pavie Macquin US $104/750ml,ws_vintage,2026-09-21,0
chateau pavie macquin|2016|750,Château Pavie-Macquin,2016,750,139.0,US retailer $139 for 2016 Pavie-Macquin 750ml (search snippet),ws_single_retailer,2026-10-05,0
chateau pavie macquin|2019|750,Château Pavie-Macquin,2019,750,101,"Wine-Searcher average retail (ex-tax), vintage-specific 2019 page",ws_vintage,2026-09-21,0
chateau peby faugeres|1998|750,Château Peby-Faugeres,1998,750,,"Insufficient data - searched, price on request only",insufficient,2026-10-05,0
chateau peby faugeres|2010|750,Château Peby-Faugeres,2010,750,221.45,Saratoga Wine $221.45 (another $226.21) for 2010 Peby-Faugeres 750ml,ws_single_retailer,2026-10-05,0
chateau pegau cuvee maclura cotes du rhone|2021|750,Château Pegau Cuvee Maclura Cotes du Rhone,2021,750,19.99,"Marketview Liquor retail listing (2023 vintage, adjacent)",ws_adjacent,2026-09-01,0
chateau pey la tour|2022|750,Château Pey La Tour,2022,750,31,"Wine-Searcher average retail (ex-tax), vintage-specific",ws_vintage,2026-08-24,0
chateau peyrabon|1996|750,Château Peyrabon,1996,750,,Insufficient data - no reliable price found in search,insufficient,2026-09-01,0
chateau peyrabon|2005|750,Château Peyrabon,2005,750,25,"Wine-Searcher average retail (ex-tax), vintage-specific 2005 page",ws_vintage,2026-09-21,0
chateau phelan segur|2016|750,Château Phelan-Segur,2016,750,78,"Wine-Searcher average retail (ex-tax), vintage-specific 2016 page",ws_vintage,2026-09-21,0
chateau pibran|2005|750,Château Pibran,2005,750,79,"Wine-Searcher average retail, vintage-specific",ws_vintage,2026-09-07,0
chateau pichon longueville baron|1975|750,Château Pichon-Longueville Baron,1975,750,140.0,Fine Wines International lists 1975 Pichon-Longueville Baron at $140 (single retailer),ws_single_retailer,2026-09-21,0
chateau pichon longueville baron|2014|750,Château Pichon-Longueville Baron,2014,750,109.0,"Wine.com retail listing, vintage-specific",ws_single_retailer,2026-09-01,0
chateau pichon longueville comtesse de lalande|1988|750,Château Pichon-Longueville-Comtesse-de-Lalande,1988,750,,Insufficient data - no reliable price found in search,insufficient,2026-09-01,0
chateau pichon longueville comtesse de lalande|1996|375,Château Pichon-Longueville-Comtesse-de-Lalande,1996,375,179.5,"Maison du Prix Wines retail listing $359.00 (750ml, halved for the 375ml half-bottle -- size mismatch noted)",ws_single_retailer,2026-09-01,0
chateau pichon longueville comtesse de lalande|2003|750,Château Pichon-Longueville-Comtesse-de-Lalande,2003,750,198.79,Saratoga Wine lists 2003 Pichon Comtesse de Lalande at $198.79 (single retailer),ws_single_retailer,2026-09-21,0
chateau picque caillou|2021|750,Château Picque Caillou,2021,750,55.0,"Wine.com retail listing, vintage-specific",ws_single_retailer,2026-09-01,0
chateau plagnac|1982|750,Château Plagnac,1982,750,,Stage 2: Wine-Searcher shows no price data for 1982 ('–'); nearby vintages 1983/1976 priced but not this one,insufficient,2026-09-28,0
chateau poesia|2020|750,Château Poesia,2020,750,43,"Wine-Searcher average retail, vintage-specific",ws_vintage,2026-09-07,0
chateau pontet canet|2000|750,Château Pontet-Canet,2000,750,272.0,Wine-Searcher average retail 2000 Chateau Pontet-Canet $272/750ml (Total Wine lists $279.97; a pre-arrival listing $185),ws_vintage,2026-09-21,0
chateau pontet canet|2004|750,Château Pontet-Canet,2004,750,156,"Wine-Searcher average retail (USA), vintage-specific",ws_vintage,2026-09-14,0
chateau pontet canet|2011|750,Château Pontet-Canet,2011,750,158,"Wine-Searcher average price (ex-tax) $158/750ml, vintage-specific (2011)",ws_vintage,2026-09-28,0
chateau pontet canet|2021|750,Château Pontet-Canet,2021,750,103,"Wine-Searcher average retail (ex-tax), vintage-specific 2021 page",ws_vintage,2026-09-21,0
chateau potensac|2009|750,Château Potensac,2009,750,69,"Wine-Searcher average retail, vintage-specific",ws_vintage,2026-09-07,0
chateau poujeaux|2010|750,Château Poujeaux,2010,750,53,"Wine-Searcher average retail (ex-tax), vintage-specific",ws_vintage,2026-08-24,0
chateau pradeaux bandol|1985|750,Chateau Pradeaux Bandol,1985,750,,No reliable price found: no 1985 price at any source,insufficient,2026-09-21,0
chateau prieure lichine confidences de prieure lichine|2010|750,Château Prieure-Lichine Confidences de Prieuré-Lichine,2010,750,50,"Wine-Searcher average price $50/750ml, vintage-specific (2010), 89pt",ws_vintage,2026-09-28,0
chateau prieure lichine|1970|750,Château Prieure-Lichine,1970,750,,Stage 2: no price figure returned for 1970 vintage,insufficient,2026-09-28,0
chateau prieure lichine|2005|750,Château Prieure-Lichine,2005,750,84,"Wine-Searcher average retail, vintage-specific",ws_vintage,2026-09-07,0
chateau prieure lichine|2009|1500,Château Prieure-Lichine,2009,1500,178.2,"James Suckling listed average price (ex-tax) $81 for 2009 Prieure-Lichine 750ml, scaled x2.2 for 1.5L magnum (size mismatch; not an observed magnum price)",ws_vintage,2026-10-05,0
chateau prieure lichine|2015|750,Château Prieure-Lichine,2015,750,71,"Wine-Searcher average retail, vintage-specific",ws_vintage,2026-09-07,0
chateau puech haut saint drezery recantou|2009|750,Chateau Puech-Haut Saint Drezery Recantou,2009,750,,Stage 2: no price found specifically for the Recantou cuvee; only Tete de Belier ($38) and Quercus ($69) priced -- rejected as cuvee mismatch,insufficient,2026-09-28,0
chateau puy blanquet|2015|750,Château Puy Blanquet,2015,750,,Stage 2: conflicting price figures ($28-$216/750ml) with no clear vintage-specific resolution -- too unreliable to use,insufficient,2026-09-28,0
chateau quinault l enclos|1998|750,Château Quinault L'Enclos,1998,750,89.99,Flatiron Wines NYC 1998 750ml $89.99 (another Flatiron listing $109.99; lower used; sold out; Flatiron auction-slug pages so approximate),ws_single_retailer,2026-10-05,0
chateau quinault l enclos|2005|750,Château Quinault L'Enclos,2005,750,,Insufficient data: only GBP price for 2005 (searched once),insufficient,2026-10-05,0
chateau rauzan gassies|1966|750,Château Rauzan-Gassies,1966,750,79.95,"K&L Wine Merchants retail listing, vintage-specific",ws_single_retailer,2026-09-01,0
chateau rauzan segla|1970|750,Château Rauzan-Segla,1970,750,,Insufficient data - no reliable price found in search,insufficient,2026-09-01,0
chateau rauzan segla|2001|750,Château Rauzan-Segla,2001,750,159.99,The Wine Buyer (NJ) lists 2001 Chateau Rauzan-Segla at $159.99; other listings $245-$277; lowest observed retail used,ws_single_retailer,2026-09-21,0
chateau rauzan segla|2010|750,Château Rauzan-Segla,2010,750,179,"Wine-Searcher average retail (ex-tax), vintage-specific 2010 page (another listing $151; higher average used)",ws_vintage,2026-09-21,0
chateau rauzan segla|2014|750,Château Rauzan-Segla,2014,750,116,"Wine-Searcher average price $116/750ml, California, vintage-specific (2014)",ws_vintage,2026-09-28,0
chateau rauzan segla|2016|750,Château Rauzan-Segla,2016,750,160,"Wine-Searcher average retail (USA), vintage-specific",ws_vintage,2026-09-07,0
chateau reignac|2005|750,Château Reignac,2005,750,58,"Wine-Searcher average retail, vintage-specific",ws_vintage,2026-09-07,0
chateau rouget|2013|750,Château Rouget,2013,750,,Insufficient data: only non-vintage-specific Costco range and implausible outlier (searched once),insufficient,2026-10-05,0
chateau rouget|2014|750,Château Rouget,2014,750,44,"Wine-Searcher average retail, vintage-specific (cross-source range $44-60)",ws_vintage,2026-09-07,0
chateau saint cosme cotes du rhone les deux albion|2011|750,Chateau Saint Cosme Cotes du Rhone Les Deux Albion,2011,750,,Stage 2: 2011 vintage rated (89pt) but no price figure found for this vintage specifically,insufficient,2026-09-28,0
chateau saint cosme cotes du rhone|2012|750,Chateau Saint Cosme Côtes du Rhône,2012,750,,Stage 2: search results kept returning the 'Les Deux Albion' single-vineyard cuvee instead of the plain Cotes du Rhone -- rejected as cuvee mismatch,insufficient,2026-09-28,0
chateau saint cosme gigondas valbelle|2005|750,Chateau Saint Cosme Gigondas Valbelle,2005,750,127,"Wine-Searcher, $127/750ml, vintage-specific (2005), 92pt",ws_vintage,2026-09-28,0
chateau saint cosme gigondas|2000|750,Chateau Saint Cosme Gigondas,2000,750,,"Insufficient data - only this same auction's own listing price surfaced, no independent market source",insufficient,2026-09-14,0
chateau saint cosme gigondas|2003|750,Chateau Saint Cosme Gigondas,2003,750,,Stage 2: 2003 vintage rated (90pt) but no price figure found for this vintage,insufficient,2026-09-28,0
chateau saint cosme gigondas|2019|750,Chateau Saint Cosme Gigondas,2019,750,57,"Wine-Searcher average retail, vintage-specific",ws_vintage,2026-09-07,0
chateau simard|1966|750,Château Simard,1966,750,,Insufficient data - no reliable price found in search,insufficient,2026-09-01,0
chateau simone graves blanc|2019|750,Chateau Simone Graves Blanc,2019,750,,Insufficient data,insufficient,2026-08-24,0
chateau siran|1983|750,Château Siran,1983,750,84,"Wine-Searcher average retail, vintage-specific",ws_vintage,2026-08-24,0
chateau smith haut lafitte le petit haut lafitte|2022|750,Château Smith-Haut-Lafitte Le Petit Haut Lafitte,2022,750,51,"Wine-Searcher average retail (ex-tax), vintage-specific 2022 page",ws_vintage,2026-09-21,0
chateau smith haut lafitte|1998|750,Château Smith-Haut-Lafitte,1998,750,,"Insufficient data - searched, only GBP case pricing found",insufficient,2026-10-05,0
chateau smith haut lafitte|2000|750,Château Smith-Haut-Lafitte,2000,750,188.0,Wine-Searcher average retail 2000 Chateau Smith Haut Lafitte rouge $188/750ml,ws_vintage,2026-09-21,0
chateau smith haut lafitte|2001|750,Château Smith-Haut-Lafitte,2001,750,171.0,Wine-Searcher average retail Chateau Smith Haut Lafitte rouge $171/750ml (not tied to 2001),ws_allvintage,2026-09-21,0
chateau smith haut lafitte|2006|750,Château Smith-Haut-Lafitte,2006,750,167,"Wine-Searcher average retail, vintage-specific",ws_vintage,2026-09-14,0
chateau smith haut lafitte|2015|750,Château Smith-Haut-Lafitte,2015,750,187,"Wine-Searcher average retail, vintage-specific (Red)",ws_vintage,2026-09-07,0
chateau smith haut lafitte|2019|750,Château Smith-Haut-Lafitte,2019,750,166,"Wine-Searcher average retail (ex-tax), vintage-specific 2019 page",ws_vintage,2026-09-21,0
chateau sociando mallet|1986|750,Château Sociando-Mallet,1986,750,116.0,Wine-Searcher average retail 1986 Chateau Sociando-Mallet $116/750ml (PJ Wine lists $179.97 so avg is conservative),ws_vintage,2026-09-21,0
chateau sociando mallet|1989|750,Château Sociando-Mallet,1989,750,,Insufficient data,insufficient,2026-08-24,0
chateau sociando mallet|1999|750,Château Sociando-Mallet,1999,750,,Insufficient data,insufficient,2026-09-14,0
chateau sociando mallet|2000|750,Château Sociando-Mallet,2000,750,132,"Wine-Searcher average price $132/750ml, vintage-specific (2000), 91pt",ws_vintage,2026-09-28,0
chateau sociando mallet|2005|750,Château Sociando-Mallet,2005,750,93,"Wine-Searcher average retail, vintage-specific",ws_vintage,2026-09-07,0
chateau sociando mallet|2020|750,Château Sociando-Mallet,2020,750,54.95,Wine-Searcher listing: Hi-Time Wine Cellars (CA) $54.95 for 2020 (Woodland Hills half-bottle equiv. $53.90/750ml),ws_single_retailer,2026-09-21,0
chateau soleil|2012|750,Chateau Soleil,2012,750,,Insufficient data,insufficient,2026-08-24,0
chateau st georges st emilion|1981|750,Château St.-Georges (St.-Emilion),1981,750,,Stage 2: listed in retailer catalogs but no price figure shown for 1981,insufficient,2026-09-28,0
chateau suduiraut|1996|750,Château Suduiraut,1996,750,,Insufficient data,insufficient,2026-08-24,0
chateau suduiraut|2017|375,Château Suduiraut,2017,375,50,"Wine-Searcher average retail, vintage-specific (scaled from 750ml)",ws_vintage,2026-08-24,0
chateau talbot|1989|750,Château Talbot,1989,750,176,"Wine-Searcher average retail, vintage-specific",ws_vintage,2026-09-07,0
chateau talbot|2018|750,Château Talbot,2018,750,107,"Wine-Searcher average retail (ex-tax), vintage-specific 2018 page",ws_vintage,2026-09-21,0
chateau talbot|2019|750,Château Talbot,2019,750,,"Insufficient data - searched, vintage-unclear conflicting quotes",insufficient,2026-10-05,0
chateau teyssier les asteries|2009|750,Château Teyssier Les Asteries,2009,750,,Insufficient data: only GBP/EUR and WineBid-own figures; Teyssier/Les Asteries cuvee ambiguity (searched once),insufficient,2026-10-05,0
chateau thivin brouilly reverdon|2020|750,Chateau Thivin Brouilly Reverdon,2020,750,25,"Wine-Searcher average retail, vintage-specific",ws_vintage,2026-08-24,0
chateau thomas francs cotes de bordeaux|2018|750,Chateau Thomas Francs Cotes de Bordeaux,2018,750,,No reliable price found: conflicting figures (Costco $4.97-$7.49 vs a $13 release price); no dependable current retail price,insufficient,2026-09-21,0
chateau tournefeuille|2012|750,Château Tournefeuille,2012,750,25.0,Wine-Searcher average retail 2012 Chateau Tournefeuille Lalande de Pomerol ~$25/750ml (retailers $34-$40),ws_vintage,2026-09-21,0
chateau tournefeuille|2019|750,Château Tournefeuille,2019,750,39,"Wine-Searcher average retail, adjacent vintage (2020) used as proxy",ws_adjacent,2026-08-24,0
chateau tournefeuille|2020|750,Château Tournefeuille,2020,750,39,"Wine-Searcher average retail, vintage-specific",ws_vintage,2026-08-24,0
chateau tronquoy|2022|750,Château Tronquoy,2022,750,39.99,"wine.com listing, exact vintage match",ws_vintage,2026-09-01,0
chateau troplong mondot|1994|750,Château Troplong-Mondot,1994,750,,No reliable price found: no 1994 price at any source,insufficient,2026-09-21,0
chateau troplong mondot|1995|750,Château Troplong-Mondot,1995,750,85,"Wine-Searcher average retail, vintage-specific (EUR79 converted to USD)",ws_vintage,2026-09-14,0
chateau troplong mondot|2009|750,Château Troplong-Mondot,2009,750,,"Insufficient data - searched, only GBP pricing found",insufficient,2026-10-05,0
chateau troplong mondot|2010|750,Château Troplong-Mondot,2010,750,189.99,Zachys $189.99 (Saratoga $237.50) for 2010 Troplong-Mondot 750ml,ws_single_retailer,2026-10-05,0
chateau troplong mondot|2014|750,Château Troplong-Mondot,2014,750,123,"Wine-Searcher average retail (ex-tax), vintage-specific 2014 page",ws_vintage,2026-09-21,0
chateau troplong mondot|2015|750,Château Troplong-Mondot,2015,750,159.99,"wine.com listing, exact vintage match (page shows out-of-stock but lists current price; 2010 vintage substitute at $233.99 not used)",ws_vintage,2026-09-01,0
chateau valandraud|2021|750,Château Valandraud,2021,750,148,"Wine-Searcher average retail (ex-tax), vintage-specific 2021 page",ws_vintage,2026-09-21,0
chateau vannieres bandol|1998|750,Chateau Vannieres Bandol,1998,750,55,"Single retailer listing (Flask Fine Wine & Whisky), no full Wine-Searcher average found",ws_single_retailer,2026-09-14,0
chaudron brut grains de nature b73 zero dosage|NV|750,Chaudron Brut Grains de Nature B73 Zero Dosage,NV,750,,Insufficient data: no price found (searched once),insufficient,2026-10-05,0
chevillon chezeaux nuits st georges aux champs perdrix|2016|750,Chevillon-Chezeaux Nuits St. Georges Aux Champs Perdrix,2016,750,,Insufficient data,insufficient,2026-09-07,0
chevillon chezeaux nuits st georges les bousselots|2022|750,Chevillon-Chezeaux Nuits-St.-Georges Les Bousselots,2022,750,130,Wine-Searcher average retail for Domaine Chevillon-Chezeaux Les Bousselots (all-vintage page),ws_allvintage,2026-09-21,0
chevillon chezeaux nuits st georges les porets saint georges|2020|750,Chevillon-Chezeaux Nuits St. Georges Les Porêts Saint-Georges,2020,750,130,Wine-Searcher average retail for Domaine Chevillon-Chezeaux Les Porets (all-vintage page),ws_allvintage,2026-09-21,0
chiara condello le lucciole riserva|2018|750,Chiara Condello Le Lucciole Riserva,2018,750,59.97,Flask Fine Wines 2018 750ml $59.97 (SommSelect $60.00),ws_single_retailer,2026-10-05,0
christian moreau chablis valmur|2007|750,Christian Moreau Chablis Valmur,2007,750,148,"Wine-Searcher average retail, all-vintage average (current pricing, not 2007-specific)",ws_allvintage,2026-08-24,0
ciacci piccolomini d aragona brunello di montalcino vigna pianrosso riserva|2004|750,Ciacci Piccolomini d'Aragona Brunello di Montalcino Vigna Pianrosso Riserva,2004,750,,Insufficient data,insufficient,2026-09-14,0
ciacci piccolomini d aragona brunello di montalcino vigna pianrosso|1997|750,Ciacci Piccolomini d'Aragona Brunello di Montalcino Vigna Pianrosso,1997,750,,"Insufficient data - searched, only auction/UK figures found",insufficient,2026-10-05,0
ciacci piccolomini d aragona brunello di montalcino vigna pianrosso|1999|750,Ciacci Piccolomini d'Aragona Brunello di Montalcino Vigna Pianrosso,1999,750,,No reliable price found: only a current-vintage Pianrosso average ($92); no 1999 price,insufficient,2026-09-21,0
ciacci piccolomini d aragona sant antimo fabius|1999|750,Ciacci Piccolomini d'Aragona Sant'Antimo Fabius,1999,750,,"Insufficient data - searched, no 1999 Fabius price found",insufficient,2026-10-05,0
cigliano di sopra chianti classico|2021|750,Cigliano di Sopra Chianti Classico,2021,750,,no working product page found (404),insufficient,2026-09-01,0
cigliuti barbaresco serraboella|2011|750,Cigliuti Barbaresco Serraboella,2011,750,58.99,"retailer listing, exact vintage match",ws_vintage,2026-09-01,0
claire naudin clematis vitalba|2019|750,Claire Naudin Clematis Vitalba,2019,750,,Insufficient data,insufficient,2026-09-14,0
claire naudin le clou 34|2019|750,Claire Naudin Le Clou 34,2019,750,48,"Wine-Searcher average retail, vintage-specific",ws_vintage,2026-09-14,0
claude manciat pouilly fuisse courtelong|2020|750,Claude Manciat Pouilly-Fuisse Courtelong,2020,750,29.99,"Single reputable retailer listing (CostcoWineBlog / H-E-B pricing), vintage-specific",ws_single_retailer,2026-08-24,0
clerico barolo ciabot mentin ginestra|1998|750,Clerico Barolo Ciabot Mentin Ginestra,1998,750,,Insufficient data,insufficient,2026-08-24,0
clerico barolo ciabot mentin ginestra|2001|750,Clerico Barolo Ciabot Mentin Ginestra,2001,750,116,No 2001 page found; adjacent 2000 vintage Wine-Searcher average $116 (Domenico Clerico Ciabot Mentin Ginestra),ws_adjacent,2026-09-21,0
clerico barolo ciabot mentin ginestra|2004|750,Clerico Barolo Ciabot Mentin Ginestra,2004,750,113.54,"Saratoga Wine $113.54 (Flatiron $119.99, sold out) for 2004 Clerico Ciabot Mentin Ginestra 750ml",ws_single_retailer,2026-10-05,0
clerico barolo ciabot mentin ginestra|2017|750,Clerico Barolo Ciabot Mentin Ginestra,2017,750,121,"Wine-Searcher average price (ex-tax) $121/750ml, vintage-specific (2017), 93pt",ws_vintage,2026-09-28,0
clerico barolo pajana|2005|750,Clerico Barolo Pajana,2005,750,89.99,"retailer listing, exact vintage match",ws_vintage,2026-09-01,0
clos de l oratoire des papes chateauneuf du pape|2001|750,Clos de l'Oratoire Des Papes Châteauneuf-du-Pape,2001,750,79,Wine-Searcher average price $79/750ml across vintages (not clearly 2001-specific),ws_allvintage,2026-09-28,0
clos de l oratoire des papes chateauneuf du pape|2021|750,Clos de l'Oratoire Des Papes Châteauneuf-du-Pape,2021,750,76,"Wine-Searcher average retail (ex-tax), vintage-specific 2021 page (regular cuvee, not Les Choregies)",ws_vintage,2026-09-21,0
clos de l oratoire|1998|750,Clos de l'Oratoire,1998,750,99.99,Flatiron Wines NYC 1998 750ml $99.99 (Cask Cartel $390 rejected as outlier; UK GBP 89.95 consistent),ws_single_retailer,2026-10-05,0
clos des brusquieres chateauneuf du pape cuvee reserve|2007|750,Clos des Brusquieres Châteauneuf-du-Pape Cuvee Reserve,2007,750,,Insufficient data,insufficient,2026-09-07,0
clos des lunes lune d argent|2018|750,Clos des Lunes Lune d'Argent,2018,750,,product page found but no price displayed,insufficient,2026-09-01,0
clos des papes chateauneuf du pape|1999|750,Clos des Papes Châteauneuf-du-Pape,1999,750,116,"Wine-Searcher average retail, vintage-specific",ws_vintage,2026-09-14,0
clos des papes chateauneuf du pape|2000|750,Clos des Papes Châteauneuf-du-Pape,2000,750,132,"Wine-Searcher average retail, vintage-specific",ws_vintage,2026-09-16,0
clos des papes chateauneuf du pape|2004|750,Clos des Papes Châteauneuf-du-Pape,2004,750,119,"Wine-Searcher average retail, vintage-specific",ws_vintage,2026-09-07,0
clos des papes chateauneuf du pape|2005|750,Clos des Papes Châteauneuf-du-Pape,2005,750,189,"Wine-Searcher average retail, vintage-specific",ws_vintage,2026-09-14,0
clos des papes chateauneuf du pape|2008|1500,Clos des Papes Châteauneuf-du-Pape,2008,1500,250.8,"Wine-Searcher average retail, vintage-specific (scaled to magnum)",ws_vintage,2026-08-24,0
clos des papes chateauneuf du pape|2011|750,Clos des Papes Châteauneuf-du-Pape,2011,750,154,"Wine-Searcher average retail, vintage-specific",ws_vintage,2026-09-14,0
clos des papes chateauneuf du pape|2017|750,Clos des Papes Châteauneuf-du-Pape,2017,750,86,"Wine-Searcher average retail (ex-tax), vintage-specific 2017 page (Paul Avril Clos des Papes)",ws_vintage,2026-09-21,0
clos du joncuas gigondas|2010|750,Clos du Joncuas Gigondas,2010,750,,Insufficient data: no 2010 price found (searched once),insufficient,2026-10-05,0
clos du mont olivet chateauneuf du pape cuvee du papet|2015|750,Clos du Mont Olivet Chateauneuf du Pape Cuvee du Papet,2015,750,117,"Wine-Searcher average retail, vintage-specific",ws_vintage,2026-09-14,0
clos du mont olivet chateauneuf du pape cuvee unique reserve|1994|750,Clos du Mont Olivet Chateauneuf du Pape Cuvee Unique Reserve,1994,750,,No reliable price found: only a current-release Cuvee Unique price (~$53); no 1994 price,insufficient,2026-09-21,0
clos du mont olivet chateauneuf du pape cuvee unique reserve|1995|750,Clos du Mont Olivet Chateauneuf du Pape Cuvee Unique Reserve,1995,750,,No reliable price found: only a current-release Cuvee Unique price (~$53); no 1995 price,insufficient,2026-09-21,0
clos du mont olivet chateauneuf du pape cuvee unique reserve|1996|750,Clos du Mont Olivet Chateauneuf du Pape Cuvee Unique Reserve,1996,750,,Insufficient data,insufficient,2026-09-07,0
clos du mont olivet chateauneuf du pape cuvee unique reserve|1998|750,Clos du Mont Olivet Chateauneuf du Pape Cuvee Unique Reserve,1998,750,,No reliable price found: only a current-release Cuvee Unique price (~$53); no 1998 price,insufficient,2026-09-21,0
clos du mont olivet chateauneuf du pape|1995|750,Clos du Mont Olivet Châteauneuf-du-Pape,1995,750,,Insufficient data,insufficient,2026-09-14,0
clos du mont olivet chateauneuf du pape|1999|750,Clos du Mont Olivet Châteauneuf-du-Pape,1999,750,,Insufficient data,insufficient,2026-09-14,0
clos du mont olivet chateauneuf du pape|2001|750,Clos du Mont Olivet Châteauneuf-du-Pape,2001,750,,Insufficient data,insufficient,2026-09-14,0
clos du moulin aux moines pommard clos orgelot|2018|750,Clos Du Moulin aux Moines Pommard Clos Orgelot,2018,750,98,"Wine-Searcher average retail, all-vintage average (vintage not specified in listing)",ws_allvintage,2026-08-24,0
clos dufourg|2019|750,Clos Dufourg,2019,750,68,"Wine-Searcher average retail, vintage-specific",ws_vintage,2026-09-07,0
clos fourtet|2019|750,Clos Fourtet,2019,750,159,"Wine-Searcher average retail (ex-tax), vintage-specific 2019 page",ws_vintage,2026-09-21,0
clos fourtet|2020|750,Clos Fourtet,2020,750,145,"Wine-Searcher average retail (ex-tax), vintage-specific 2020 page",ws_vintage,2026-09-21,0
clos marsalette blanc|2022|750,Clos Marsalette Blanc,2022,750,34.2,Saratoga Wine $34.20 (Costco $24-$28) for 2022 Clos Marsalette Blanc 750ml,ws_single_retailer,2026-10-05,0
clos marsalette|2017|750,Clos Marsalette,2017,750,32.88,"retailer listing for 2018 vintage ($32.88), our lot is 2017",ws_adjacent,2026-09-01,0
clos mogador priorat gratallops|2022|750,Clos Mogador Priorat Gratallops,2022,750,114.0,Wine-Searcher average retail 2022 Clos Mogador Priorat $114/750ml (PJ Wine $98.97-$118.99),ws_vintage,2026-09-21,0
clos mogador|1998|750,Clos Mogador,1998,750,,"Insufficient data - searched, only an auction sale price found",insufficient,2026-10-05,0
clos mogador|2002|750,Clos Mogador,2002,750,,Insufficient data,insufficient,2026-09-07,0
clos mogador|2009|750,Clos Mogador,2009,750,117,"Wine-Searcher average retail, vintage-specific (cross-source range $117-179)",ws_vintage,2026-09-07,0
clos mogador|2013|750,Clos Mogador,2013,750,119,"Wine-Searcher average price (ex-tax) $119/750ml, vintage-specific (2013)",ws_vintage,2026-09-28,0
clos rene|1970|750,Clos Rene,1970,750,,candidate page required redirect follow-up not completed,insufficient,2026-09-01,0
clos saint jean chateauneuf du pape vieilles vignes|2007|750,Clos Saint Jean Châteauneuf-du-Pape Vieilles Vignes,2007,750,70,"Wine-Searcher average retail, vintage-specific",ws_vintage,2026-09-07,0
clos saint jean chateauneuf du pape vieilles vignes|2016|750,Clos Saint Jean Châteauneuf-du-Pape Vieilles Vignes,2016,750,67,"Wine-Searcher average retail, vintage-specific",ws_vintage,2026-09-14,0
clos saint michel chateauneuf du pape cuvee reservee|2016|750,Clos Saint Michel Chateauneuf-du-Pape Cuvee Reservee,2016,750,43.99,"retailer listing, exact vintage match",ws_vintage,2026-09-01,0
clos saint michel chateauneuf du pape grand vin|2009|750,Clos Saint Michel Châteauneuf-du-Pape Grand Vin,2009,750,,No reliable price found: only an all-vintage average for the standard bottling ($66) with a different cuvee (Cuvee Reservee $203) surfacing; no 2009 Grand Vin price,insufficient,2026-09-21,0
clusel roch cote rotie|2008|750,Clusel-Roch Côte-Rôtie,2008,750,,"Insufficient data - searched, only EUR auction estimate found",insufficient,2026-10-05,0
coche bizouard meursault charmes|2005|750,Coche-Bizouard Meursault Charmes,2005,750,153,"Wine-Searcher average retail (USA), vintage-specific",ws_vintage,2026-09-14,0
coffinet duvernay chassagne montrachet dents de chien|2014|750,Coffinet-Duvernay Chassagne Montrachet Dents de Chien,2014,750,,"Stage 2: nearby vintages priced (2013 EUR161, 2018 EUR150) but no reliable 2014-specific USD figure",insufficient,2026-09-28,0
coffinet duvernay chassagne montrachet les fairendes|2013|750,Coffinet-Duvernay Chassagne Montrachet Les Fairendes,2013,750,67.99,"Wine.com retailer listing, vintage-specific",ws_single_retailer,2026-09-16,0
colin deleger chassagne montrachet les vergers|1998|750,Colin-Deleger Chassagne-Montrachet Les Vergers,1998,750,,"Insufficient data: only implausible $1,147 Cask Cartel Michel Colin-Deleger listing (searched once)",insufficient,2026-10-05,0
collosorbo brunello di montalcino|1995|750,Collosorbo Brunello di Montalcino,1995,750,,Insufficient data,insufficient,2026-09-07,0
comando g la bruja sierra de gredos|2022|750,Comando G. La Bruja Sierra de Gredos,2022,750,43,"Wine-Searcher average retail, vintage-specific",ws_vintage,2026-08-24,0
comando g la bruja sierra de gredos|2024|750,Comando G. La Bruja Sierra de Gredos,2024,750,,"product page requires JavaScript, no price extracted",insufficient,2026-09-01,0
comenge familia reserva|2020|750,Comenge Familia Reserva,2020,750,,"Insufficient data - searched, no 2020 price found",insufficient,2026-10-05,0
comte armand pommard clos des epeneaux|2018|750,Comte Armand Pommard Clos des Epeneaux,2018,750,209,"Wine-Searcher average price $209/750ml, vintage-specific (2018), 94pt (a second listing showed $137)",ws_vintage,2026-09-28,0
comte senard corton bressandes|1996|750,Comte Senard Corton Bressandes,1996,750,71,"WineBid auction result (2022-10-16), $71, vintage-specific (1996)",auction,2026-09-28,0
comtes lafon monthelie les duresses|2006|750,Comtes Lafon Monthélie Les Duresses,2006,750,99,"Wine-Searcher average retail, vintage-specific",ws_vintage,2026-09-16,0
comtes lafon volnay santenots du milieu|2017|750,Comtes Lafon Volnay Santenots du Milieu,2017,750,165,"Wine-Searcher average retail, vintage-specific",ws_vintage,2026-09-14,0
comtes lafon volnay|2006|750,Comtes Lafon Volnay,2006,750,,"Insufficient data - only specific-climat (Champans/Santenots) prices found, ambiguous match to bare Volnay",insufficient,2026-09-14,0
condado de haza ribera del duero crianza|2021|750,Condado de Haza Ribera del Duero Crianza,2021,750,26,"Retailer listing (Astor Wines), no full Wine-Searcher average found",ws_single_retailer,2026-09-14,0
condado de haza ribera del duero|1996|750,Condado de Haza Ribera del Duero,1996,750,,"Insufficient data - searched, no 1996 price found",insufficient,2026-10-05,0
conde de san cristobal vino tinto de la anada ribera del duero|2011|750,Conde de San Cristobal Vino Tinto de la Anada Ribera del Duero,2011,750,15,"Wine-Searcher average retail, all-vintage (single core bottling)",ws_allvintage,2026-09-16,0
conterno fantino barolo sori ginestra|1998|750,Conterno Fantino Barolo Sori Ginestra,1998,750,,Insufficient data,insufficient,2026-09-14,0
conterno fantino barolo vigna del gris|1989|750,Conterno Fantino Barolo Vigna Del Gris,1989,750,,No reliable price found: Vigna del Gris first vintage released 1994 so a 1989 has no market reference; only current-vintage average ($138),insufficient,2026-09-21,0
conti costanti brunello di montalcino|2010|750,Conti Costanti Brunello di Montalcino,2010,750,,"Insufficient data - only the pricier Riserva bottling's price was found, not comparable to the base wine",insufficient,2026-09-14,0
conti costanti brunello di montalcino|2012|750,Conti Costanti Brunello di Montalcino,2012,750,,totalwine.com listing found but no price displayed (not available in searched location),insufficient,2026-09-01,0
conti costanti brunello di montalcino|2015|750,Conti Costanti Brunello di Montalcino,2015,750,107,"Wine-Searcher average price (ex-tax) $107/750ml, vintage-specific (2015), non-Riserva bottling",ws_vintage,2026-09-28,0
contino rioja graciano|2014|750,Contino Rioja Graciano,2014,750,,No reliable price found: the only 2014 figure is an in-bond trade price,insufficient,2026-09-21,0
contino vina del olivo rioja reserva|1995|750,Contino Vina del Olivo  Rioja Reserva,1995,750,,Insufficient data,insufficient,2026-09-14,0
contino vina del olivo rioja|2021|750,Contino Vina del Olivo Rioja,2021,750,93,"Wine-Searcher average retail (ex-tax), vintage-specific 2021 page",ws_vintage,2026-09-21,0
cordella brunello di montalcino|2010|750,Cordella Brunello di Montalcino,2010,750,,"Insufficient data - searched, only the Riserva (different cuvee) priced",insufficient,2026-10-05,0
cordero di montezemolo barolo monfalletto|1996|750,Cordero di Montezemolo Barolo Monfalletto,1996,750,,"Insufficient data - searched, only other vintages found",insufficient,2026-10-05,0
corte aura franciacorta saten|NV|750,Corte Aura Franciacorta Satèn,NV,750,26,"Wine-Searcher average retail, NV",ws_allvintage,2026-09-07,0
cos d estournel|1970|750,Cos d'Estournel,1970,750,228,"Wine-Searcher average retail, vintage-specific",ws_vintage,2026-08-24,0
cos d estournel|2004|750,Cos d'Estournel,2004,750,173,"Wine-Searcher average retail (ex-tax), vintage-specific 2004 page",ws_vintage,2026-09-21,0
cos d estournel|2008|750,Cos d'Estournel,2008,750,156,"Wine-Searcher average price (ex-tax) $156/750ml, vintage-specific (2008)",ws_vintage,2026-09-28,0
cos d estournel|2011|750,Cos d'Estournel,2011,750,211,"Wine-Searcher average retail, vintage-specific",ws_vintage,2026-08-24,0
cos d estournel|2014|750,Cos d'Estournel,2014,750,184,"Wine-Searcher average retail, vintage-specific",ws_vintage,2026-08-24,0
cos sicilia nero d avola contrada|2008|750,COS Sicilia Nero d'Avola Contrada,2008,750,75,"Wine-Searcher average retail, vintage-specific (Contrada Labirinto bottling)",ws_vintage,2026-09-14,0
cosimo taurino salice salentino riserva|1986|750,Cosimo Taurino Salice Salentino Riserva,1986,750,,"Stage 2: only current-release average found ($21), not usable for 1986",insufficient,2026-09-28,0
couly dutheil chinon clos de l echo|2020|750,Couly Dutheil Chinon Clos de L'Echo,2020,750,39.94,Adjacent vintage: 2019 Couly-Dutheil Clos de l'Echo $39.94 J.J. Buckley/SFWTC (2020 not found),ws_adjacent,2026-10-05,0
couvent des jacobins|1989|750,Couvent des Jacobins,1989,750,,"only 2016 vintage found in stock ($82.99), 27-year gap too large to use as adjacent",insufficient,2026-09-01,0
couvent des jacobins|1994|750,Couvent des Jacobins,1994,750,,Insufficient data,insufficient,2026-08-24,0
cuchet beliando cornas|2013|750,Cuchet-Beliando Cornas,2013,750,,"Insufficient data - only a magnum-derived single retailer figure found, too thin to rely on",insufficient,2026-09-14,0
cuillier pere and fils brut rose|NV|750,Cuillier Père & Fils Brut Rosé,NV,750,,No reliable price found: no listing price for this cuvee (only a producer-range average),insufficient,2026-09-21,0
cuillier pere and fils thanetien blanc de noirs|NV|750,Cuillier Père & Fils Thanétien Blanc de Noirs,NV,750,,No reliable price found: no retail price displayed for the NV Thanetien,insufficient,2026-09-21,0
cune cvne imperial rioja gran reserva|2001|750,Cune (CVNE) Imperial Rioja Gran Reserva,2001,750,192,"Wine-Searcher average price (ex-tax) $192/750ml, vintage-specific (2001)",ws_vintage,2026-09-28,0
cune cvne imperial rioja gran reserva|2012|750,Cune (CVNE) Imperial Rioja Gran Reserva,2012,750,113,"Wine-Searcher average price (ex-tax) $113/750ml, vintage-specific (2012)",ws_vintage,2026-09-28,0
cune cvne imperial rioja gran reserva|2014|750,Cune (CVNE) Imperial Rioja Gran Reserva,2014,750,87,"Wine-Searcher average price (ex-tax) $87/750ml, vintage-specific (2014)",ws_vintage,2026-09-28,0
cune cvne imperial rioja gran reserva|2015|750,Cune (CVNE) Imperial Rioja Gran Reserva,2015,750,54,"Wine-Searcher average price (ex-tax) $54/750ml, vintage-specific (2015), 93pt",ws_vintage,2026-09-28,0
cune cvne rioja reserva|2013|750,Cune (CVNE) Rioja Reserva,2013,750,39,"Wine-Searcher average price $39/750ml, vintage-specific (2013), plain Cune Reserva (not Imperial)",ws_vintage,2026-09-28,0
cune cvne rioja vina la virgen|2022|750,Cune (CVNE) Rioja Vina La Virgen,2022,750,108.0,Wine-Searcher average retail CVNE La Virgen (Pagos de Vina Real) $108/750ml (not tied to 2022),ws_allvintage,2026-09-21,0
cuvee du vatican chateauneuf du pape reserve sixtine|2003|750,Cuvee du Vatican Chateauneuf du Pape Reserve Sixtine,2003,750,,Insufficient data,insufficient,2026-09-07,0
cuvee du vatican chateauneuf du pape|2003|750,Cuvee du Vatican Châteauneuf-du-Pape,2003,750,48,"Wine-Searcher average retail, all-vintage fallback (no 2003-specific figure surfaced)",ws_allvintage,2026-09-07,0
damilano barolo cannubi riserva 1752|2010|750,Damilano Barolo Cannubi Riserva 1752,2010,750,349.99,"retailer listing, exact vintage match",ws_vintage,2026-09-01,0
damilano barolo lecinquevigne|2004|750,Damilano Barolo Lecinquevigne,2004,750,66,"Wine-Searcher average retail, vintage-specific",ws_vintage,2026-09-16,0
damilano barolo lecinquevigne|2020|750,Damilano Barolo Lecinquevigne,2020,750,47.99,"retailer listing, exact vintage match",ws_vintage,2026-09-01,0
damilano barolo|2001|750,Damilano Barolo,2001,750,,Stage 2: Liste/Cannubi 2001 listings found but sold out with no price shown at either retailer,insufficient,2026-09-28,0
daniel bocquenet nuits st georges aux saint julien|1998|750,Daniel Bocquenet Nuits-St.-Georges Aux Saint Julien,1998,750,48,"Wine-Searcher average retail, all-vintage fallback (no 1998-specific figure surfaced)",ws_allvintage,2026-09-07,0
daniel rion vosne romanee les chaumes|2017|750,Daniel Rion Vosne-Romanée Les Chaumes,2017,750,,"Insufficient data - searched, only GBP pricing found",insufficient,2026-10-05,0
dauvissat camus chablis la forest|2003|750,Dauvissat-Camus Chablis  La Forest,2003,750,,Insufficient data,insufficient,2026-09-07,0
david moreau santenay beaurepaire blanc|2016|750,David Moreau Santenay Beaurepaire Blanc,2016,750,48,"Wine-Searcher average retail, vintage-specific",ws_vintage,2026-08-24,0
de margerie brut|NV|750,De Margerie Brut,NV,750,54.99,"totalwine.com listing, NV exact match",ws_vintage,2026-09-01,0
de sousa extra brut grand cru blanc de blancs avec le temps|NV|750,De Sousa Extra Brut Grand Cru Blanc de Blancs Avec le Temps,NV,750,,product page found but no price displayed,insufficient,2026-09-01,0
decelle villa auxey duresses|2015|750,Decelle-Villa Auxey-Duresses,2015,750,,Insufficient data: no Decelle-Villa price found (searched once),insufficient,2026-10-05,0
delamotte blanc de blancs|2008|750,Delamotte Blanc de Blancs,2008,750,126,"Wine-Searcher average price (ex-tax) $126/750ml, vintage-specific (2008)",ws_vintage,2026-09-28,0
delamotte blanc de blancs|NV|750,Delamotte Blanc de Blancs,NV,750,94.99,"zachys.com, NV exact match",ws_vintage,2026-09-01,0
delamotte brut|NV|750,Delamotte Brut,NV,750,89.99,"retailer listing, NV exact match",ws_vintage,2026-09-01,0
delas freres chateauneuf du pape haute pierre|2010|750,Delas Freres Châteauneuf-du-Pape Haute Pierre,2010,750,63,"Wine-Searcher average retail, all-vintage fallback (no 2010-specific figure surfaced)",ws_allvintage,2026-09-07,0
delas freres hermitage cuvee marquise de la tourette|2003|750,Delas Freres Hermitage Cuvee Marquise de la Tourette,2003,750,79.99,"retailer listing, exact vintage match",ws_vintage,2026-09-01,0
delas freres hermitage domaine des tourettes|2013|750,Delas Freres Hermitage Domaine des Tourettes,2013,750,100.0,"retailer listing, exact vintage match (regular/metadata price used; page also showed a $49.98 sold-out clearance price, not used)",ws_vintage,2026-09-01,0
demiere ansiot brut grand cru blanc de blancs|NV|750,Demière-Ansiot Brut Grand Cru Blanc de Blancs,NV,750,56,"Wine-Searcher average retail, NV",ws_vintage,2026-08-24,0
didier erker givry les grands pretans reserve|1997|750,Didier Erker Givry Les Grands Prétans Reserve,1997,750,,Insufficient data,insufficient,2026-09-07,0
dievole chianti classico novecento riserva|2005|750,Dievole Chianti Classico Novecento Riserva,2005,750,42,"Wine-Searcher average retail, all-vintage",ws_allvintage,2026-09-16,0
domaine a and p de villaine bourgogne cote chalonnaise les clous cuvee aime|2014|750,Domaine A. & P. de Villaine Bourgogne Côte Chalonnaise Les Clous Cuvée Aimé,2014,750,,Insufficient data: no 2014 price; only 2020 ($115.71) found (searched once),insufficient,2026-10-05,0
domaine adrien besson chablis les clos|2013|750,Domaine Adrien Besson Chablis Les Clos,2013,750,,No reliable price found: only 2020 vintage prices for Besson Les Clos; no 2013 price,insufficient,2026-09-21,0
domaine alain voge cornas les chailles|2015|1500,Domaine Alain Voge Cornas Les Chailles,2015,1500,204.6,"750ml 2015 retail ~$93 (search-listed) x 2.2 magnum scaling; size mismatch, scaled not observed",ws_adjacent,2026-09-21,0
domaine andre moingeon and fils puligny montrachet le trezin|2020|750,Domaine André Moingeon & Fils Puligny-Montrachet Le Trezin,2020,750,,no retail price found,insufficient,2026-09-01,0
domaine andre moingeon and fils saint aubin les frionnes|2014|750,Domaine André Moingeon & Fils Saint Aubin Les Frionnes,2014,750,,no retail price found,insufficient,2026-09-01,0
domaine arlaud chambolle musigny|2023|750,Domaine Arlaud Chambolle-Musigny,2023,750,104,"Wine-Searcher average price $104/750ml, vintage-specific (2023), village level",ws_vintage,2026-09-28,0
domaine arlaud morey saint denis les blanchards|2022|750,Domaine Arlaud Morey-Saint-Denis Les Blanchards,2022,750,132,"Wine-Searcher average price $132/750ml, vintage-specific (2022), 92pt",ws_vintage,2026-09-28,0
domaine arlaud morey saint denis les blanchards|2023|750,Domaine Arlaud Morey-Saint-Denis Les Blanchards,2023,750,168.5,"US retailers (Grand Cru Direct, Little West Wine) ~$167-$170/750ml, vintage-specific (2023)",ws_vintage,2026-09-28,0
domaine armelle et bernard rion bourgogne la croix blanche vieille vigne|2021|750,Domaine Armelle et Bernard Rion Bourgogne La Croix Blanche Vieille Vigne,2021,750,,product page found but no price displayed,insufficient,2026-09-01,0
domaine armelle et bernard rion chambolle musigny les echezeaux vieille vignes|2015|750,Domaine Armelle et Bernard Rion Chambolle-Musigny Les Echezeaux Vieille Vignes,2015,750,48.99,"retailer listing for 2013 vintage ($48.99), our lot is 2015",ws_adjacent,2026-09-01,0
domaine armelle et bernard rion nuits st georges les damodes|1990|750,Domaine Armelle et Bernard Rion Nuits St. Georges Les Damodes,1990,750,,"only 2016-2019 vintages found in market, gap too large to use as adjacent",insufficient,2026-09-01,0
domaine armelle et bernard rion vosne romanee cuvee dame juliette vieilles vignes|2021|750,Domaine Armelle et Bernard Rion Vosne-Romanée Cuvee Dame Juliette Vieilles Vignes,2021,750,48.99,"retailer listing for 2014 vintage ($48.99), our lot is 2021",ws_adjacent,2026-09-01,0
domaine bachelet gevrey chambertin vieilles vignes|2005|750,Domaine Bachelet Gevrey-Chambertin Vieilles Vignes,2005,750,,No reliable price found: producer ambiguity (Denis Bachelet vs other Bachelet estates) and only a Sotheby's secondary price,insufficient,2026-09-21,0
domaine ballorin marsannay la combe du pre|2022|750,Domaine Ballorin Marsannay La Combe du Pre,2022,750,,Insufficient data,insufficient,2026-09-07,0
domaine barat chablis cote de lechet|1996|750,Domaine Barat Chablis Côte de Léchet,1996,750,,Insufficient data: no Domaine Barat 1996 price found (searched once),insufficient,2026-10-05,0
domaine belluard et fils terroir de mont blanc ayse brut zero|2006|750,Domaine Belluard et Fils Terroir de Mont Blanc Ayse Brut Zéro,2006,750,48,"Retail price $48, vintage-specific (2006)",ws_vintage,2026-09-28,0
domaine belluard et fils vin de savoie ayse les perles du mont blanc|NV|750,Domaine Belluard et Fils Vin De Savoie Ayse Les Perles Du Mont Blanc,NV,750,52,Wine-Searcher average price (ex-tax) $52/750ml,ws_vintage,2026-09-28,0
domaine benoit moreau saint aubin en remilly|2022|750,Domaine Benoit Moreau Saint-Aubin En Remilly,2022,750,189.94,J.J. Buckley 2022 Benoit Moreau Saint-Aubin 1er Cru En Remilly 750ml $189.94,ws_single_retailer,2026-10-05,0
domaine bernard gripa saint joseph|2003|750,Domaine Bernard Gripa Saint-Joseph,2003,750,,Insufficient data,insufficient,2026-09-07,0
domaine bernard gripa st joseph le berceau|2003|750,Domaine Bernard Gripa St. Joseph Le Berceau,2003,750,,Insufficient data,insufficient,2026-09-07,0
domaine berthaut gerbet gevrey chambertin lavaux st jacques|2018|750,Domaine Berthaut-Gerbet Gevrey Chambertin Lavaux St. Jacques,2018,750,140,"US retailer regular price $140/750ml, vintage-specific (2018), 93pt",ws_vintage,2026-09-28,0
domaine berthaut gerbet vosne romanee|2020|750,Domaine Berthaut-Gerbet Vosne-Romanee,2020,750,115,"Wine-Searcher average retail, vintage-specific",ws_vintage,2026-09-14,0
domaine boyer martenot meursault les narvaux reserve|1996|750,Domaine Boyer-Martenot Meursault Les Narvaux Reserve,1996,750,,Insufficient data,insufficient,2026-09-14,0
domaine bressy masson rasteau|2020|750,Domaine Bressy-Masson Rasteau,2020,750,22.99,"hillsidevineyards.com, exact vintage match",ws_vintage,2026-09-01,0
domaine bruno clavelier vosne romanee les beaux monts vieilles vignes|2009|750,Domaine Bruno Clavelier Vosne-Romanee Les Beaux Monts Vieilles Vignes,2009,750,190,Estimate based on producer/appellation/vintage,estimate,2026-08-24,0
domaine brusset cotes du rhone villages cairanne coteaux des travers|1985|750,Domaine Brusset Cotes du Rhone Villages-Cairanne Coteaux des Travers,1985,750,,Stage 2: no data for 1985; only current-vintage average ($24) found,insufficient,2026-09-28,0
domaine caillot meursault la barre dessus clos marguerite|2016|750,Domaine Caillot Meursault La Barre Dessus Clos Marguerite,2016,750,,"fico-wines.com lists 2017 vintage but requires quote request, no displayed price",insufficient,2026-09-01,0
domaine carre courbin pommard les grands epenots|1997|750,Domaine Carre-Courbin Pommard Les Grands Épenots,1997,750,,Insufficient data,insufficient,2026-09-07,0
domaine carre courbin volnay taillepieds|1997|750,Domaine Carre-Courbin Volnay Taillepieds,1997,750,,Insufficient data,insufficient,2026-09-07,0
domaine cauhape jurancon quintessence du petit manseng|1989|750,Domaine Cauhape Jurancon Quintessence du Petit-Manseng,1989,750,235,"Wine-Searcher average price $235/750ml, vintage-specific (1989)",ws_vintage,2026-09-28,0
domaine chantereves chassagne montrachet morgeots|2022|750,Domaine Chanterêves Chassagne-Montrachet Morgeots,2022,750,225.0,Leon & Son 2022 Chantereves Chassagne-Montrachet 1er Cru Les Morgeots 750ml $225.00 (Flatiron $229.00),ws_single_retailer,2026-10-05,0
domaine charles audoin marsannay champ salomon rouge|2019|750,Domaine Charles Audoin Marsannay Champ Salomon Rouge,2019,750,67,"Wine-Searcher average retail, vintage-specific",ws_vintage,2026-09-14,0
domaine charles audoin marsannay le clos de jeu|2019|750,Domaine Charles Audoin Marsannay Le Clos de Jeu,2019,750,59.94,"J.J. Buckley retailer listing, vintage-specific -- fetched directly",ws_single_retailer,2026-09-16,0
domaine charles audoin marsannay les favieres|2019|750,Domaine Charles Audoin Marsannay Les Favieres,2019,750,62,"Wine-Searcher average retail, all-vintage",ws_allvintage,2026-09-14,0
domaine chateau de la selve berty|2019|750,Domaine Chateau de la Selve Berty,2019,750,20,"Wine-Searcher listing, $20, 88/100 rating",ws_allvintage,2026-08-24,0
domaine claude dugat bourgogne|2022|750,Domaine Claude Dugat Bourgogne,2022,750,37,"Wine-Searcher average retail, vintage-specific (2022), converted from EUR",ws_vintage,2026-08-24,0
domaine claude dugat gevrey chambertin|1992|750,Domaine Claude Dugat Gevrey Chambertin,1992,750,,Stage 2: no price figure found for 1992 vintage,insufficient,2026-09-28,0
domaine collotte gevrey chambertin les evocelles|2023|750,Domaine Collotte Gevrey Chambertin Les Evocelles,2023,750,193.0,US retailer $193 for 2023 Collotte Gevrey Les Evocelles 750ml (search snippet),ws_single_retailer,2026-10-05,0
domaine comte abbatucci cuvee collection general de la revolution blanc|NV|1500,Domaine Comte Abbatucci Cuvee Collection General De La Revolution Blanc,NV,1500,224.4,"Wine-Searcher 750ml avg ~$102 (all-vintage) x 2.2 magnum scaling; size mismatch, scaled not observed",ws_allvintage,2026-09-21,0
domaine comte abbatucci cuvee collection ministre imperial|NV|1500,Domaine Comte Abbatucci Cuvee Collection Ministre Imperial,NV,1500,242,"Wine-Searcher 750ml avg ~$110 (all-vintage) x 2.2 magnum scaling; size mismatch, scaled not observed",ws_allvintage,2026-09-21,0
domaine confuron cotetidot nuits st georges|1996|750,Domaine Confuron-Cotetidot Nuits-St.-Georges,1996,750,,Insufficient data: no 1996 price found (searched once),insufficient,2026-10-05,0
domaine coquard loison fleurot chambolle musigny|2020|750,Domaine Coquard Loison Fleurot Chambolle-Musigny,2020,750,99.94,"saratogawine.com, exact vintage match",ws_vintage,2026-09-01,0
domaine coquard loison fleurot vosne romanee|2020|750,Domaine Coquard Loison Fleurot Vosne-Romanee,2020,750,89.95,"saratogawine.com, exact vintage match",ws_vintage,2026-09-01,0
domaine cottenceau montagny les preaux|2021|750,Domaine Cottenceau Montagny Les Preaux,2021,750,33,"RP Fine Wines EUR30/750ml (~$33 USD), vintage-specific (2021)",ws_single_retailer,2026-09-28,0
domaine courbis st joseph|2005|750,Domaine Courbis St. Joseph,2005,750,40,"Wine-Searcher average retail, vintage-specific (main red cuvee)",ws_vintage,2026-09-16,0
domaine de beaurenard coulon boisrenard chateauneuf du pape|1998|750,Domaine de Beaurenard (Coulon) Boisrenard Chateauneuf du Pape,1998,750,,Insufficient data: only GBP price (searched once),insufficient,2026-10-05,0
domaine de beaurenard coulon boisrenard chateauneuf du pape|2003|750,Domaine de Beaurenard (Coulon) Boisrenard Chateauneuf du Pape,2003,750,,Stage 2: Wine-Searcher shows no price for 2003 ('–'); nearby vintages ($69-112) too far to extrapolate for this prestige cuvee,insufficient,2026-09-28,0
domaine de beaurenard coulon boisrenard chateauneuf du pape|2005|750,Domaine de Beaurenard (Coulon) Boisrenard Chateauneuf du Pape,2005,750,70,"Wine-Searcher average price $70/750ml, vintage-specific (2005), 93pt",ws_vintage,2026-09-28,0
domaine de beaurenard coulon boisrenard chateauneuf du pape|2012|750,Domaine de Beaurenard (Coulon) Boisrenard Chateauneuf du Pape,2012,750,53,"Wine-Searcher average retail, vintage-specific",ws_vintage,2026-09-14,0
domaine de beaurenard coulon chateauneuf du pape|1998|1500,Domaine de Beaurenard (Coulon) Châteauneuf-du-Pape,1998,1500,,"Insufficient data - only the separate Boisrenard cuvee's price found, not the base wine, and in the wrong format",insufficient,2026-09-14,0
domaine de bonserine cote rotie la garde|2010|750,Domaine de Bonserine Cote-Rotie La Garde,2010,750,,"Insufficient data - searched, only other vintages in EUR found",insufficient,2026-10-05,0
domaine de chante perdrix chateauneuf du pape|2003|750,Domaine de Chante Perdrix Châteauneuf-du-Pape,2003,750,42,"Retailer listings (K&L Wine Merchants, Jahrgangsweine.de), no full Wine-Searcher average found",ws_single_retailer,2026-09-14,0
domaine de chevalier blanc|1992|750,Domaine De Chevalier (Blanc),1992,750,,"Insufficient data - only the red wine's price found, not the Blanc",insufficient,2026-09-14,0
domaine de chevalier blanc|2019|750,Domaine De Chevalier (Blanc),2019,750,103,"Wine-Searcher average retail (USA), vintage-specific",ws_vintage,2026-09-07,0
domaine de chevalier|1986|750,Domaine De Chevalier,1986,750,115,"Retailer average (Benchmark Wine and Spirits $105, Cellaraiders $125), vintage-specific",ws_single_retailer,2026-09-16,0
domaine de cristia chateauneuf du pape vieilles vignes|2019|750,Domaine De Cristia Châteauneuf-du-Pape Vieilles Vignes,2019,750,45,Estimate based on category/producer norms,estimate,2026-08-24,0
domaine de cristia chateauneuf du pape|2010|1500,Domaine De Cristia Châteauneuf-du-Pape,2010,1500,73,"Wine-Searcher average retail, vintage-specific ($33/750ml base cuvee, scaled x2.2 for magnum per house convention)",ws_vintage,2026-09-14,0
domaine de fa fleurie roche guillon|2016|750,Domaine de Fa Fleurie Roche Guillon,2016,750,35,Estimate based on category/producer norms,estimate,2026-08-24,0
domaine de ferrand cotes du rhone cuvee antique vieilles vignes|2004|750,Domaine de Ferrand Cotes du Rhone Cuvee Antique Vieilles Vignes,2004,750,21,"Wine-Searcher average retail, all-vintage",ws_allvintage,2026-09-16,0
domaine de la bouissiere gigondas|2017|750,Domaine de La Bouissiere Gigondas,2017,750,46,"Wine-Searcher average retail, all-vintage (base bottling, distinct from Le Font de Tonin cuvee)",ws_allvintage,2026-09-16,0
domaine de la chapelle pouilly fuisse vielles vignes|2021|750,Domaine De La Chapelle Pouilly Fuisse Vielles Vignes,2021,750,34.99,Bottle Barn $34.99 for 2021 Domaine de la Chapelle Pouilly-Fuisse Vieilles Vignes 750ml,ws_single_retailer,2026-10-05,0
domaine de la charbonniere chateauneuf du pape cuvee mourre des perdrix|2019|750,Domaine de la Charbonniere Chateauneuf du Pape Cuvee Mourre des Perdrix,2019,750,66,"Wine-Searcher average retail (USA), all-vintage fallback for this cuvee",ws_allvintage,2026-09-07,0
domaine de la charbonniere chateauneuf du pape cuvee vieilles vignes|2019|750,Domaine de la Charbonniere Chateauneuf-du-Pape Cuvee Vieilles Vignes,2019,750,81,"Wine-Searcher average retail, all-vintage fallback for this cuvee",ws_allvintage,2026-09-07,0
domaine de la charbonniere chateauneuf du pape les hautes brusquieres cuvee speciale|2015|750,Domaine de la Charbonniere Chateauneuf-du-Pape Les Hautes Brusquieres Cuvee Speciale,2015,750,69,"Wine-Searcher average retail, all-vintage fallback for this cuvee (same figure returned for 2015 and 2019 queries)",ws_allvintage,2026-09-07,0
domaine de la charbonniere chateauneuf du pape les hautes brusquieres cuvee speciale|2019|750,Domaine de la Charbonniere Chateauneuf-du-Pape Les Hautes Brusquieres Cuvee Speciale,2019,750,69,"Wine-Searcher average retail, all-vintage fallback for this cuvee (same figure returned for 2015 and 2019 queries)",ws_allvintage,2026-09-07,0
domaine de la charbonniere chateauneuf du pape|2019|750,Domaine de la Charbonniere Châteauneuf-du-Pape,2019,750,43,"Wine-Searcher average retail, all-vintage fallback (base cuvee; one retailer listed 2019 at $49.94)",ws_allvintage,2026-09-07,0
domaine de la grange des peres blanc|2018|1500,Domaine de la Grange des Peres Blanc,2018,1500,449.99,"Flatiron Wines 1.5L Grange des Peres Blanc 2019/2020 $449.99; 2018 only GBP at Hedonism; adjacent-vintage, same 1.5L format",ws_adjacent,2026-10-05,0
domaine de la janasse chateauneuf du pape cuvee chaupin|1996|750,Domaine de la Janasse Chateauneuf du Pape Cuvee Chaupin,1996,750,,Insufficient data,insufficient,2026-09-14,0
domaine de la janasse chateauneuf du pape cuvee chaupin|2006|750,Domaine de la Janasse Chateauneuf du Pape Cuvee Chaupin,2006,750,91,"Wine-Searcher average retail, vintage-specific",ws_vintage,2026-09-07,0
domaine de la maurelle gigondas|2003|750,Domaine De La Maurelle Gigondas,2003,750,46,"The Wine I Love retailer listing (EUR41.77, converted), vintage-specific",ws_single_retailer,2026-09-16,0
domaine de la pepiere marc ollivier muscadet de sevre et maine 3|2005|750,Domaine de la Pépière (Marc Ollivier) Muscadet De Sevre Et Maine 3,2005,750,17,"Wine-Searcher average retail, all-vintage (standard Sur Lie bottling)",ws_allvintage,2026-09-16,0
domaine de la pepiere marc ollivier muscadet de sevre et maine sur lie clos des briords vieille vignes|2012|750,Domaine de la Pépière (Marc Ollivier) Muscadet De Sevre Et Maine Sur Lie Clos Des Briords Vieille Vignes,2012,750,20,"Wine-Searcher listed price, vintage-specific",ws_vintage,2026-09-16,0
domaine de la pousse d or corton bressandes|2014|750,Domaine de la Pousse d'Or Corton Bressandes,2014,750,153,Wine-Searcher average price $153/750ml across vintages (not clearly 2014-specific),ws_allvintage,2026-09-28,0
domaine de la pousse d or puligny montrachet les caillerets|2017|750,Domaine de la Pousse d'Or Puligny-Montrachet Les Caillerets,2017,750,139.99,"wine.com, exact vintage match (listed as 'Le Cailleret' single-vineyard premier cru)",ws_vintage,2026-09-01,0
domaine de la romanee conti echezeaux|2020|750,Domaine de la Romanee-Conti Echezeaux,2020,750,1950.0,"Bottle Barn $1,950 in stock for 2020 Echezeaux 750ml (Saratoga pre-arrival $4,625 not used); single retailer",ws_single_retailer,2026-10-05,0
domaine de la romanee conti grands echezeaux|2016|1500,Domaine de la Romanee-Conti Grands-Echezeaux,2016,1500,,Insufficient data - only a WineBid sale price (circular) found; searched,insufficient,2026-10-05,0
domaine de la romanee conti richebourg|2021|750,Domaine de la Romanee-Conti Richebourg,2021,750,3699.99,"Flatiron Wines $3,699.99 for 2021 Richebourg 750ml (Heritage auction estimate $2,400-$3,250); single retailer",ws_single_retailer,2026-10-05,0
domaine de la saraziniere macon serrieres les monterrains|2017|750,Domaine de la Saraziniére Macon Serrieres Les Monterrains,2017,750,16,"Wine-Searcher average retail, vintage-specific",ws_vintage,2026-09-14,0
domaine de la suffrene bandol blanc|2013|500,Domaine de la Suffrene Bandol Blanc,2013,500,,no working price page found for this vintage/format,insufficient,2026-09-01,0
domaine de la suffrene bandol rouge|2011|500,Domaine de la Suffrene Bandol Rouge,2011,500,,only recent vintages found with ambiguous case-vs-bottle pricing; no reliable match,insufficient,2026-09-01,0
domaine de la tour chablis|2022|750,Domaine De La Tour Chablis,2022,750,,"Insufficient data - searched, other producers only",insufficient,2026-10-05,0
domaine de la tour penet macon peronne vieilles vignes|2024|750,Domaine de La Tour Penet Macon-Peronne Vieilles Vignes,2024,750,40,"The Odd Wine Company (Santa Rosa, California) $40/750ml",ws_single_retailer,2026-09-28,0
domaine de la vieille julienne chateauneuf du pape les haut lieux|2020|750,Domaine de la Vieille Julienne Chateauneuf Du Pape Les Haut Lieux,2020,750,84,"Wine-Searcher average retail, vintage-specific",ws_vintage,2026-09-07,0
domaine de la vieille julienne chateauneuf du pape les trois sources|2020|750,Domaine de la Vieille Julienne Chateauneuf du Pape Les Trois Sources,2020,750,73,"Wine-Searcher average retail, all-vintage fallback (no 2020-specific figure isolated)",ws_allvintage,2026-09-07,0
domaine de la vieille julienne chateauneuf du pape reserve|1999|750,Domaine de la Vieille Julienne Châteauneuf-du-Pape Reserve,1999,750,,"Insufficient data - searched, only GBP pricing found",insufficient,2026-10-05,0
domaine de mont redon chateauneuf du pape|1984|750,Domaine de Mont-Redon Châteauneuf-du-Pape,1984,750,,Stage 2: no data for 1984; current ($70) and 1982 ($145) too far to extrapolate,insufficient,2026-09-28,0
domaine de montille beaune les greves|2022|750,Domaine de Montille Beaune Les Grèves,2022,750,115,"Wine-Searcher average retail (ex-tax), vintage-specific 2022 page",ws_vintage,2026-09-21,0
domaine de montille beaune les sizies|2022|750,Domaine de Montille Beaune Les Sizies,2022,750,84,"Wine-Searcher average retail (ex-tax), vintage-specific 2022 page",ws_vintage,2026-09-21,0
domaine de montille pommard les grands epenots|2011|750,Domaine de Montille Pommard Les Grands Épenots,2011,750,130.99,"wine.com listing for 2012 vintage, our lot is 2011",ws_adjacent,2026-09-01,0
domaine de mourchon chateauneuf du pape|2021|750,Domaine de Mourchon Châteauneuf-du-Pape,2021,750,,no retail price found for this vintage,insufficient,2026-09-01,0
domaine de saint siffrein chateauneuf du pape|2007|750,Domaine de Saint Siffrein Châteauneuf-du-Pape,2007,750,70,"Wine-Searcher average price (ex-tax) $70/750ml, vintage-specific (2007), 90pt",ws_vintage,2026-09-28,0
domaine de terrebrune vin de pays du mont caume terre d ombre|2023|750,Domaine de Terrebrune Vin de Pays du Mont Caume Terre d'Ombre,2023,750,25,Single retailer/importer note citing 'mid-$20s' retail price (Kermit Lynch import description),ws_single_retailer,2026-08-24,0
domaine de villeneuve chateauneuf du pape les vieilles vignes|1995|750,Domaine de Villeneuve Chateauneuf du Pape Les Vieilles Vignes,1995,750,,Insufficient data: no 1995 price; only 2014/2019 retail (searched once),insufficient,2026-10-05,0
domaine de villeneuve chateauneuf du pape les vieilles vignes|2005|750,Domaine de Villeneuve Chateauneuf du Pape Les Vieilles Vignes,2005,750,102,"Wine-Searcher average retail, vintage-specific",ws_vintage,2026-09-14,0
domaine de villeneuve chateauneuf du pape les vieilles vignes|2010|750,Domaine de Villeneuve Chateauneuf du Pape Les Vieilles Vignes,2010,750,61,Wine-Searcher average price (ex-tax) $61/750ml (not clearly 2010-specific),ws_allvintage,2026-09-28,0
domaine denis pere et fils bourgogne aligote|2009|750,Domaine Denis Pere et Fils Bourgogne Aligoté,2009,750,18,Estimate based on category norms,estimate,2026-08-24,0
domaine denis pere et fils corton charlemagne|2008|750,Domaine Denis Pere et Fils Corton-Charlemagne,2008,750,147,Wine-Searcher average retail (all-vintage producer average),ws_allvintage,2026-08-24,0
domaine denis pere et fils corton charlemagne|2009|750,Domaine Denis Pere et Fils Corton-Charlemagne,2009,750,147,Wine-Searcher average retail (all-vintage producer average),ws_allvintage,2026-08-24,0
domaine denis pere et fils pernand vergelesses sous fretille|2009|750,Domaine Denis Pere et Fils Pernand Vergelesses Sous Fretille,2009,750,48,Estimate based on appellation norms,estimate,2026-08-24,0
domaine denis pere et fils pernand vergelesses|2009|750,Domaine Denis Pere et Fils Pernand-Vergelesses,2009,750,38,"Estimate, informed by adjacent Wine-Searcher data point",estimate,2026-08-24,0
domaine des 3 cellier chateauneuf du pape alchimie|2017|750,Domaine des 3 Cellier Châteauneuf-du-Pape Alchimie,2017,750,40,"Wine-Searcher average retail, all-vintage fallback (no 2017-specific figure surfaced)",ws_allvintage,2026-09-07,0
domaine des baumard savennieres clos du papillon|1996|750,Domaine des Baumard Savennieres Clos du Papillon,1996,750,,"Insufficient data - searched, only a different wine (Quarts de Chaume) priced",insufficient,2026-10-05,0
domaine des bosquets gigondas preference|1999|750,Domaine des Bosquets Gigondas Preference,1999,750,116,"Wine-Searcher average retail, all-vintage (producer-level listing)",ws_allvintage,2026-09-14,0
domaine des entrefaux crozes hermitage|2003|750,Domaine des Entrefaux Crozes-Hermitage,2003,750,30,"Wine-Searcher average retail, all-vintage (base bottling)",ws_allvintage,2026-09-16,0
domaine des granges pouilly fuisse vers cras|2021|750,Domaine des Granges Pouilly-Fuisse Vers Cras,2021,750,49.98,"bighammerwines.com, exact vintage match",ws_vintage,2026-09-01,0
domaine des hates chablis fourchaume l homme mort|2021|750,Domaine des Hâtes Chablis Fourchaume L'Homme Mort,2021,750,,No reliable price found: only a European price (EUR 49),insufficient,2026-09-21,0
domaine des lambrays morey st denis 1er cru les loups|2019|750,Domaine des Lambrays Morey St. Denis 1er Cru Les Loups,2019,750,200,"Wine-Searcher average, adjacent vintage (2020) used as proxy",ws_adjacent,2026-08-24,0
domaine des lambrays morey st denis 1er cru les loups|2020|750,Domaine des Lambrays Morey St. Denis 1er Cru Les Loups,2020,750,222,"Wine-Searcher average retail, vintage-specific",ws_vintage,2026-08-24,0
domaine des malandes chablis vaudesir|2019|750,Domaine des Malandes Chablis Vaudésir,2019,750,96,"Wine-Searcher listing, $96, 92/100 (context: 2019 vintage discussion)",ws_vintage,2026-08-24,0
domaine des martinelles crozes hermitage|2004|750,Domaine Des Martinelles Crozes-Hermitage,2004,750,20,"Wine-Searcher average retail, all-vintage",ws_allvintage,2026-09-14,0
domaine des pasquiers gigondas|2010|750,Domaine des Pasquiers Gigondas,2010,750,30,"Wine-Searcher average retail, all-vintage (producer-level listing)",ws_allvintage,2026-09-14,0
domaine des perdrix echezeaux|1996|750,Domaine des Perdrix Echezeaux,1996,750,,"Insufficient data - searched, only GBP pricing found",insufficient,2026-10-05,0
domaine des perdrix nuits st georges aux perdrix|2005|750,Domaine des Perdrix Nuits-St.-Georges Aux Perdrix,2005,750,,"only 2019-2022 vintages found in market, gap too large to use as adjacent",insufficient,2026-09-01,0
domaine des relagnes chateauneuf du pape les petits pieds de l armand|2004|750,Domaine des Relagnes Chateauneuf du Pape Les Petits Pieds de l'Armand,2004,750,,"Insufficient data: results were Olivier Hillaire (different producer), no Relagnes 2004 price (searched once)",insufficient,2026-10-05,0
domaine des remizieres desmeure hermitage|1983|750,Domaine Des Remizieres (Desmeure) Hermitage,1983,750,,no retail listing found for this 40+ year old vintage,insufficient,2026-09-01,0
domaine des roches neuves saumur champigny clos de l echelier|2021|750,Domaine Des Roches Neuves Saumur-Champigny Clos de L'echelier,2021,750,49.94,"jjbuckley.com, exact vintage match",ws_vintage,2026-09-01,0
domaine des roches neuves saumur champigny la marginale|2001|750,Domaine Des Roches Neuves Saumur-Champigny La Marginale,2001,750,53,"Wine-Searcher average retail, all-vintage",ws_allvintage,2026-09-16,0
domaine des tours vin de pays de vaucluse blanc reserve|2021|750,Domaine Des Tours Vin de Pays de Vaucluse Blanc Reserve,2021,750,99.99,"Wine Solutions $99.99/750ml, vintage-specific (2021)",ws_single_retailer,2026-09-28,0
domaine didier dagueneau blanc fume de pouilly fume|2012|750,Domaine Didier Dagueneau Blanc Fume De Pouilly Fume,2012,750,199,"Wine-Searcher average retail, vintage-specific",ws_vintage,2026-09-14,0
domaine didier fornerol cote de nuits villages les perrieres|2022|750,Domaine Didier Fornerol Côte de Nuits-Villages Les Perrières,2022,750,75.0,Leon & Son $75 for 2022 Fornerol Cote de Nuits-Villages Les Perrieres 750ml,ws_single_retailer,2026-10-05,0
domaine didier fornerol cote de nuits villages|2019|750,Domaine Didier Fornerol Côte de Nuits-Villages,2019,750,55,"Wine-Searcher average retail, all-vintage",ws_allvintage,2026-09-16,0
domaine didier fornerol cote de nuits villages|2020|750,Domaine Didier Fornerol Côte de Nuits-Villages,2020,750,51,"Wine-Searcher listed price, vintage-specific",ws_vintage,2026-09-16,0
domaine du cayron gigondas|2016|750,Domaine du Cayron Gigondas,2016,750,39,"Wine-Searcher average retail, all-vintage fallback (no 2016-specific figure surfaced)",ws_allvintage,2026-09-07,0
domaine du cellier aux moines givry clos du cellier aux moines|2019|750,Domaine Du Cellier Aux Moines Givry Clos du Cellier aux Moines,2019,750,70,"Wine-Searcher average retail, all-vintage fallback (no 2019-specific figure surfaced)",ws_allvintage,2026-09-07,0
domaine du cellier aux moines givry le petit clos du cellier|2022|750,Domaine Du Cellier Aux Moines Givry Le Petit Clos du Cellier,2022,750,,no exact-vintage retail price found,insufficient,2026-09-01,0
domaine du cellier aux moines mercurey les margotons|2022|750,Domaine Du Cellier Aux Moines Mercurey Les Margotons,2022,750,53.98,"winesf.com listing for 2023 vintage, our lot is 2022",ws_adjacent,2026-09-01,0
domaine du chardonnay chablis montmains|2000|1500,Domaine du Chardonnay Chablis Montmains,2000,1500,,Stage 2: only non-vintage-tied general average ($29/750ml) found; too uncertain to compound with magnum scaling,insufficient,2026-09-28,0
domaine du chateau de chorey chateau germain bourgogne pinot noir vieilles vignes|1999|750,Domaine du Château de Chorey Chateau Germain Bourgogne Pinot Noir Vieilles Vignes,1999,750,,"Insufficient data - only pricier premier cru bottlings from this producer found, not the base Bourgogne",insufficient,2026-09-14,0
domaine du chateau de meursault beaune greves|1995|750,Domaine du Chateau de Meursault Beaune-Grèves,1995,750,,No reliable price found: no 1995 price at any source,insufficient,2026-09-21,0
domaine du collier la charpentrie saumur rouge|2019|750,Domaine du Collier La Charpentrie Saumur Rouge,2019,750,109,"Wine-Searcher listed retail price, vintage-specific",ws_vintage,2026-09-14,0
domaine du collier saumur blanc|2016|750,Domaine du Collier Saumur Blanc,2016,750,90,Estimate using adjacent-vintage Wine-Searcher data (2019 average $126),ws_adjacent,2026-08-24,0
domaine du collier saumur blanc|2018|750,Domaine du Collier Saumur Blanc,2018,750,105,Estimate using adjacent-vintage Wine-Searcher data (2019 average $126),ws_adjacent,2026-08-24,0
domaine du collier saumur blanc|2019|750,Domaine du Collier Saumur Blanc,2019,750,126,"Wine-Searcher average retail, vintage-specific",ws_vintage,2026-08-24,0
domaine du collier saumur la ripaille|2016|750,Domaine du Collier Saumur La Ripaille,2016,750,109,"Wine-Searcher average retail, vintage-specific",ws_vintage,2026-08-24,0
domaine du collier saumur la ripaille|2018|750,Domaine du Collier Saumur La Ripaille,2018,750,107,"Wine-Searcher average retail, vintage-specific",ws_vintage,2026-08-24,0
domaine du collier saumur la ripaille|2019|750,Domaine du Collier Saumur La Ripaille,2019,750,84,"Wine-Searcher store listings, vintage-specific (averaged two listed prices)",ws_vintage,2026-08-24,0
domaine du coulet matthieu barret cornas billes noires|2012|750,Domaine du Coulet (Matthieu Barret) Cornas Billes Noires,2012,750,,Insufficient data,insufficient,2026-09-07,0
domaine du grand montmirail gigondas cuvee vieilles vignes|2010|750,Domaine du Grand Montmirail Gigondas Cuvee Vieilles Vignes,2010,750,,Insufficient data,insufficient,2026-09-07,0
domaine du gros nore bandol|2009|750,Domaine du Gros Nore Bandol,2009,750,35,"Original release SRP, vintage-specific",ws_vintage,2026-09-16,0
domaine du mas blanc collioure clos du moulin|1994|750,Domaine du Mas Blanc Collioure Clos du Moulin,1994,750,,No reliable price found: only a sold-out UK listing (GBP 45) for the 1994,insufficient,2026-09-21,0
domaine du pegau chateauneuf du pape cuvee laurence|2021|750,Domaine du Pegau Chateauneuf du Pape Cuvee Laurence,2021,750,153,Wine-Searcher average retail for Cuvee Laurence (all-vintage page),ws_allvintage,2026-09-21,0
domaine du pegau chateauneuf du pape cuvee reservee|1995|750,Domaine du Pegau Chateauneuf-du-Pape Cuvee Reservee,1995,750,,Insufficient data,insufficient,2026-09-14,0
domaine du pegau chateauneuf du pape cuvee reservee|1998|750,Domaine du Pegau Chateauneuf-du-Pape Cuvee Reservee,1998,750,,"Insufficient data - searched, only GBP pricing found",insufficient,2026-10-05,0
domaine du pegau chateauneuf du pape cuvee reservee|1999|750,Domaine du Pegau Chateauneuf-du-Pape Cuvee Reservee,1999,750,100,"Wine-Searcher average retail, all-vintage fallback (age-worthy cuvee with stable cross-vintage pricing; no 1999-specific figure surfaced)",ws_allvintage,2026-09-07,0
domaine du pegau chateauneuf du pape cuvee reservee|2009|750,Domaine du Pegau Chateauneuf-du-Pape Cuvee Reservee,2009,750,144.99,"wine.com, exact vintage match",ws_vintage,2026-09-01,0
domaine du pegau chateauneuf du pape cuvee reservee|2010|750,Domaine du Pegau Chateauneuf-du-Pape Cuvee Reservee,2010,750,127,"Wine-Searcher average retail, vintage-specific",ws_vintage,2026-08-24,0
domaine du pegau chateauneuf du pape cuvee reservee|2015|1500,Domaine du Pegau Chateauneuf-du-Pape Cuvee Reservee,2015,1500,228,"Wine-Searcher average retail, vintage-specific (scaled from 750ml)",ws_vintage,2026-08-24,0
domaine du pegau chateauneuf du pape cuvee reservee|2015|750,Domaine du Pegau Chateauneuf-du-Pape Cuvee Reservee,2015,750,104,"Wine-Searcher average retail, vintage-specific (averaged two snippet figures)",ws_vintage,2026-08-24,0
domaine du pegau chateauneuf du pape cuvee reservee|2016|750,Domaine du Pegau Chateauneuf-du-Pape Cuvee Reservee,2016,750,84,"Wine-Searcher average retail, vintage-specific",ws_vintage,2026-08-24,0
domaine du pelican arbois savagnin ouille|2018|750,Domaine du Pelican Arbois Savagnin Ouille,2018,750,90,"Wine-Searcher average retail, vintage-specific",ws_vintage,2026-08-24,0
domaine du pesquier gigondas|2000|750,Domaine du Pesquier Gigondas,2000,750,,Insufficient data,insufficient,2026-09-14,0
domaine du prieure savigny les beaune moutier amet|2012|750,Domaine du Prieuré Savigny les Beaune Moutier Amet,2012,750,29,"Wine-Searcher average retail, all-vintage fallback (no 2012-specific figure surfaced)",ws_allvintage,2026-09-07,0
domaine du vieux telegraphe chateauneuf du pape|2003|750,Domaine du Vieux Telegraphe Châteauneuf-du-Pape,2003,750,,Insufficient data,insufficient,2026-09-14,0
domaine du vieux telegraphe chateauneuf du pape|2004|750,Domaine du Vieux Telegraphe Châteauneuf-du-Pape,2004,750,56,"WineBourse retailer listing (case price, per-bottle), vintage-specific",ws_single_retailer,2026-09-16,0
domaine du vieux telegraphe chateauneuf du pape|2008|750,Domaine du Vieux Telegraphe Chateauneuf-du-Pape,2008,750,117,"Wine-Searcher average retail, adjacent vintage (2007) used as proxy for 2008",ws_adjacent,2026-08-24,0
domaine du vieux telegraphe chateauneuf du pape|2010|750,Domaine du Vieux Telegraphe Châteauneuf-du-Pape,2010,750,146,"Wine-Searcher average price $146/750ml, vintage-specific (2010), La Crau bottling",ws_vintage,2026-09-28,0
domaine du vieux telegraphe chateauneuf du pape|2014|750,Domaine du Vieux Telegraphe Châteauneuf-du-Pape,2014,750,84.69,Saratoga Wine $84.69 for 2014 Vieux Telegraphe CdP (La Crau) 750ml,ws_single_retailer,2026-10-05,0
domaine du vieux telegraphe chateauneuf du pape|2019|750,Domaine du Vieux Telegraphe Châteauneuf-du-Pape,2019,750,105.0,"shop.kermitlynch.com, exact vintage match",ws_vintage,2026-09-01,0
domaine du vieux telegraphe chateauneuf du pape|2023|750,Domaine du Vieux Telegraphe Châteauneuf-du-Pape,2023,750,114,"Wine-Searcher average retail (ex-tax), vintage-specific 2023 page (La Crau, the estate's principal red)",ws_vintage,2026-09-21,0
domaine durieu chateanueuf du pape lucile avril|2016|750,Domaine Durieu Chateanueuf-du-Pape Lucile Avril,2016,750,50,"Wine-Searcher average price $50/750ml, vintage-specific (2016), Cuvee Reserve Lucile Avril, 92pt",ws_vintage,2026-09-28,0
domaine durieu chateauneuf du pape|2012|750,Domaine Durieu Chateauneuf-du-Pape,2012,750,39.99,"Cellar.com retailer listing, vintage-specific (standard bottling)",ws_single_retailer,2026-09-16,0
domaine duroche gevrey chambertin champ|2016|750,Domaine Duroche Gevrey-Chambertin Champ,2016,750,140,"Wine-Searcher average price $140/750ml, vintage-specific (2016)",ws_vintage,2026-09-28,0
domaine duroche gevrey chambertin|2021|750,Domaine Duroche Gevrey Chambertin,2021,750,91.99,"Bottle Barn $91.99 (Thatchers $99, Verve $104) for 2021 Duroche Gevrey-Chambertin 750ml",ws_single_retailer,2026-10-05,0
domaine eleni et edouard vocoret chablis le bas de chapelot|2020|750,Domaine Eleni et Edouard Vocoret Chablis Le Bas de Chapelot,2020,750,64,"Wine-Searcher average retail, vintage-specific",ws_vintage,2026-09-16,0
domaine ernest burn tokay pinot gris goldert clos st imer selection des grains nobles|1994|375,Domaine Ernest Burn Tokay Pinot Gris Goldert Clos St Imer Selection des Grains Nobles,1994,375,,Stage 2: only non-vintage-tied average ($55/750ml) found; too uncertain for this half-bottle format,insufficient,2026-09-28,0
domaine felettig bourgogne hautes cotes de nuits|2018|750,Domaine Felettig Bourgogne Hautes-Côtes de Nuits,2018,750,,Insufficient data: only 2023 vintage ($55.99) found (searched once),insufficient,2026-10-05,0
domaine felettig marsannay les crais|2019|750,Domaine Felettig Marsannay Les Crais,2019,750,,Insufficient data: no USD 2019 price (GBP case only) (searched once),insufficient,2026-10-05,0
domaine fourrier vougeot les petits vougeot|2022|750,Domaine Fourrier Vougeot Les Petits Vougeot,2022,750,249.0,Adjacent vintage: 2019 Fourrier Petits Vougeot $249 Bottle Barn / $255 Sotheby's (2022 only UK price found),ws_adjacent,2026-10-05,0
domaine francois et antoine jobard meursault genevrieres|2005|750,Domaine Francois et Antoine Jobard Meursault Genevrieres,2005,750,448,"Wine-Searcher average retail, all-vintage",ws_allvintage,2026-09-14,0
domaine francois et antoine jobard meursault poruzots|2002|750,Domaine Francois et Antoine Jobard Meursault Poruzots,2002,750,,Insufficient data,insufficient,2026-09-14,0
domaine francois et antoine jobard meursault poruzots|2003|750,Domaine Francois et Antoine Jobard Meursault Poruzots,2003,750,,Insufficient data,insufficient,2026-09-14,0
domaine francois et antoine jobard puligny montrachet le trezin|2002|750,Domaine Francois et Antoine Jobard Puligny-Montrachet Le Trézin,2002,750,,"Insufficient data - only this same auction's own listing price surfaced, no independent market source",insufficient,2026-09-14,0
domaine francois et antoine jobard puligny montrachet le trezin|2003|750,Domaine Francois et Antoine Jobard Puligny-Montrachet Le Trézin,2003,750,,Insufficient data,insufficient,2026-09-14,0
domaine francois et antoine jobard puligny montrachet le trezin|2005|750,Domaine Francois et Antoine Jobard Puligny-Montrachet Le Trézin,2005,750,80,"Retailer listing, vintage-specific, no full Wine-Searcher average found",ws_single_retailer,2026-09-14,0
domaine francois lamarche vosne romanee village|2017|750,Domaine Francois Lamarche Vosne-Romanee Village,2017,750,124.99,NY shop (Flatiron) $124.99 for 2017 Lamarche Vosne-Romanee 750ml,ws_single_retailer,2026-10-05,0
domaine garon cote rotie les triotes|2012|750,Domaine Garon Cote Rotie Les Triotes,2012,750,,"Insufficient data - searched, only other vintages found",insufficient,2026-10-05,0
domaine gauby cotes catalanes muntada rouge|2019|750,Domaine Gauby Cotes Catalanes Muntada Rouge,2019,750,398.99,Cask Cartel $398.99 for 2019 Gauby Muntada 750ml; single retailer,ws_single_retailer,2026-10-05,0
domaine georges roumier chambolle musigny|2022|750,Domaine Georges Roumier Chambolle-Musigny,2022,750,399.0,"Flatiron $399 (also Saratoga $443.92, J.J. Buckley $445, SFWTC $495) for 2022 Roumier Chambolle 750ml; lowest used",ws_single_retailer,2026-10-05,0
domaine georges roumier morey st denis clos de la bussiere|2009|750,Domaine Georges Roumier Morey-St. Denis Clos de la Bussiere,2009,750,,"Insufficient data - searched, only price-on-request and UK pricing",insufficient,2026-10-05,0
domaine gerard charvin chateauneuf du pape|1995|750,Domaine Gerard Charvin Châteauneuf-du-Pape,1995,750,,Insufficient data,insufficient,2026-09-14,0
domaine gerard charvin chateauneuf du pape|2000|750,Domaine Gerard Charvin Châteauneuf-du-Pape,2000,750,65,"Wine-Searcher average retail, vintage-specific",ws_vintage,2026-09-14,0
domaine gerard charvin chateauneuf du pape|2003|750,Domaine Gerard Charvin Châteauneuf-du-Pape,2003,750,65,"Wine-Searcher average retail, vintage-specific",ws_vintage,2026-09-14,0
domaine gerard charvin chateauneuf du pape|2005|750,Domaine Gerard Charvin Châteauneuf-du-Pape,2005,750,79,"Wine-Searcher average retail, vintage-specific",ws_vintage,2026-09-07,0
domaine gerard charvin chateauneuf du pape|2007|750,Domaine Gerard Charvin Châteauneuf-du-Pape,2007,750,100,"Wine-Searcher average retail, vintage-specific",ws_vintage,2026-09-07,0
domaine gerard charvin chateauneuf du pape|2019|750,Domaine Gerard Charvin Châteauneuf-du-Pape,2019,750,65,"Wine-Searcher average retail, vintage-specific",ws_vintage,2026-09-07,0
domaine gerard julien et fils aloxe corton les valozieres|2022|750,Domaine Gerard Julien et Fils Aloxe-Corton Les Valozières,2022,750,92.0,SommSelect $92 for 2022 Domaine Julien Aloxe-Corton Les Valozieres 750ml,ws_single_retailer,2026-10-05,0
domaine gerard julien et fils nuits st georges|2022|750,Domaine Gerard Julien et Fils Nuits-St.-Georges,2022,750,77,"Wine-Searcher average retail, all-vintage",ws_allvintage,2026-09-14,0
domaine gerard seguin gevrey chambertin craipillot|2016|750,Domaine Gerard Seguin Gevrey-Chambertin Craipillot,2016,750,88,"Wine-Searcher average price $88/750ml, 90pt (not clearly vintage-tied to 2016)",ws_allvintage,2026-09-28,0
domaine gille vosne romanee basses maizieres|2020|750,Domaine Gille Vosne-Romanee Basses Maizieres,2020,750,,exact-vintage product pages found twice but neither displayed a price,insufficient,2026-09-01,0
domaine gourt de mautens cotes du rhone villages rasteau|1998|750,Domaine Gourt de Mautens Cotes du Rhone Villages Rasteau,1998,750,,Insufficient data,insufficient,2026-09-07,0
domaine gourt de mautens cotes du rhone villages rasteau|2001|750,Domaine Gourt de Mautens Cotes du Rhone Villages Rasteau,2001,750,45,"Estate Wine Brokers retailer listing, in stock, vintage-specific",ws_single_retailer,2026-09-16,0
domaine grand veneur chateauneuf du pape le miocene|2021|750,Domaine Grand Veneur Chateauneuf-du-Pape Le Miocene,2021,750,70,"Wine-Searcher average retail, vintage-specific",ws_vintage,2026-09-07,0
domaine grand veneur chateauneuf du pape les origines|2006|750,Domaine Grand Veneur Chateauneuf du Pape Les Origines,2006,750,71,"Wine-Searcher average retail, vintage-specific",ws_vintage,2026-09-07,0
domaine grand veneur chateauneuf du pape vieilles vignes|2022|750,Domaine Grand Veneur Châteauneuf-du-Pape Vieilles Vignes,2022,750,139.99,Yiannis Wine lists 2022 Domaine Grand Veneur CdP Vieilles Vignes at $139.99 (fetched; Total Wine $149.99 and Wine-Searcher avg $146 corroborate; JJ Buckley 2021 $89.94 is a different vintage); lowest exact-vintage retailer used,ws_single_retailer,2026-09-21,0
domaine gros frere et soeur bourgogne hautes cote de nuits|1999|750,Domaine Gros Frere et Soeur Bourgogne Hautes Cote de Nuits,1999,750,65,"Wine-Searcher average retail, all-vintage (basic bottling)",ws_allvintage,2026-09-16,0
domaine grosbois chinon gabare|2020|750,Domaine Grosbois Chinon Gabare,2020,750,42,Wine-Searcher average retail (vintage not explicitly tagged in snippet),ws_allvintage,2026-08-24,0
domaine guiberteau saumur bizay les chapaudaises|2017|1500,Domaine Guiberteau Saumur Bizay Les Chapaudaises,2017,1500,143,"Wine-Searcher 2017 750ml avg $65 x 2.2 magnum scaling; size mismatch, scaled not observed",ws_vintage,2026-09-21,0
domaine guiberteau saumur bizay les chapaudaises|2018|750,Domaine Guiberteau Saumur Bizay Les Chapaudaises,2018,750,56,"Wine-Searcher store listings, vintage-specific (averaged two listed prices)",ws_vintage,2026-08-24,0
domaine guiberteau saumur blanc breze clos des carmes|2016|750,Domaine Guiberteau Saumur Blanc Breze Clos des Carmes,2016,750,143,"Wine-Searcher average retail, all-vintage average (2016-specific price not isolated in snippet)",ws_allvintage,2026-08-24,0
domaine guiberteau saumur blanc les moulins|2019|750,Domaine Guiberteau Saumur Blanc Les Moulins,2019,750,37,"Wine-Searcher average retail, not clearly vintage-tagged",ws_allvintage,2026-08-24,0
domaine guiberteau saumur blanc les moulins|2020|750,Domaine Guiberteau Saumur Blanc Les Moulins,2020,750,43,"Wine-Searcher average retail, vintage-specific",ws_vintage,2026-08-24,0
domaine guiberteau saumur blanc|2020|750,Domaine Guiberteau Saumur Blanc,2020,750,43,"Wine-Searcher average retail, vintage-specific",ws_vintage,2026-08-24,0
domaine guiberteau saumur blanc|2022|750,Domaine Guiberteau Saumur Blanc,2022,750,58,"Wine-Searcher average retail, vintage-specific",ws_vintage,2026-08-24,0
domaine guiberteau saumur breze blanc|2017|750,Domaine Guiberteau Saumur Breze Blanc,2017,750,96,"Wine-Searcher average retail, vintage-specific",ws_vintage,2026-08-24,0
domaine guiberteau saumur breze blanc|2018|750,Domaine Guiberteau Saumur Breze Blanc,2018,750,114,"Wine-Searcher average retail (USA), vintage-specific",ws_vintage,2026-08-24,0
domaine guiberteau saumur breze blanc|2019|750,Domaine Guiberteau Saumur Breze Blanc,2019,750,97,"Wine-Searcher average retail (USA), vintage-specific",ws_vintage,2026-08-24,0
domaine guiberteau saumur breze blanc|2021|750,Domaine Guiberteau Saumur Breze Blanc,2021,750,100,"Wine-Searcher average retail, vintage-specific",ws_vintage,2026-08-24,0
domaine guiberteau saumur clos de guichaux|2018|750,Domaine Guiberteau Saumur Clos de Guichaux,2018,750,67,"Wine-Searcher average retail (USA), vintage-specific",ws_vintage,2026-08-24,0
domaine guiberteau saumur clos de guichaux|2019|750,Domaine Guiberteau Saumur Clos de Guichaux,2019,750,60,"Wine-Searcher average retail, vintage-specific",ws_vintage,2026-08-24,0
domaine guiberteau saumur clos de guichaux|2020|750,Domaine Guiberteau Saumur Clos de Guichaux,2020,750,60,"Wine-Searcher average retail, adjacent vintage (2019) used as substitute",ws_adjacent,2026-08-24,0
domaine guiberteau saumur epieds les chapaudaises|2019|750,Domaine Guiberteau Saumur Épieds Les Chapaudaises,2019,750,65,"Wine-Searcher average retail, vintage-specific",ws_vintage,2026-08-24,0
domaine guiberteau saumur epieds les chapaudaises|2020|750,Domaine Guiberteau Saumur Épieds Les Chapaudaises,2020,750,76.75,"Wine-Searcher retailer prices, vintage-specific",ws_vintage,2026-08-24,0
domaine guiberteau saumur les arboises|2014|750,Domaine Guiberteau Saumur Les Arboises,2014,750,89,Wine-Searcher average price $89/750ml across vintages (not clearly 2014-specific),ws_allvintage,2026-09-28,0
domaine guiberteau saumur les arboises|2017|750,Domaine Guiberteau Saumur Les Arboises,2017,750,89,"Wine-Searcher average retail, vintage-specific",ws_vintage,2026-08-24,0
domaine guiberteau saumur les arboises|2018|750,Domaine Guiberteau Saumur Les Arboises,2018,750,79.99,"Wine-Searcher listing, vintage-specific (The Red Wagon Wine Shoppe, MI)",ws_vintage,2026-08-24,0
domaine guiberteau saumur les arboises|2019|750,Domaine Guiberteau Saumur Les Arboises,2019,750,35,"Wine-Searcher average retail, vintage-specific",ws_vintage,2026-08-24,0
domaine guiberteau saumur rouge|2018|750,Domaine Guiberteau Saumur Rouge,2018,750,65,"Wine-Searcher average retail, vintage-specific",ws_vintage,2026-08-24,0
domaine guiberteau saumur rouge|2022|750,Domaine Guiberteau Saumur Rouge,2022,750,40,"Wine-Searcher average retail, vintage-specific",ws_vintage,2026-08-24,0
domaine guiberteau saumur vin rose|2021|750,Domaine Guiberteau Saumur Vin Rosé,2021,750,25,"Wine-Searcher average retail, vintage-specific",ws_vintage,2026-08-24,0
domaine henri delagrange aloxe corton les caillettes|2020|750,Domaine Henri Delagrange Aloxe-Corton Les Caillettes,2020,750,326.35,"cavissima.de, exact vintage match, EUR 299.40 converted at 1.09 USD/EUR",ws_vintage,2026-09-01,0
domaine hubert lamy saint aubin clos du meix|2023|750,Domaine Hubert Lamy Saint Aubin Clos du Meix,2023,750,109.99,"K&L Wines $109.99 (Saratoga $113.03, Flatiron $199.99) for 2023 Lamy Saint-Aubin Clos du Meix 750ml",ws_single_retailer,2026-10-05,0
domaine huet vouvray clos du bourg sec|2018|750,Domaine Huet Vouvray Clos du Bourg Sec,2018,750,45.0,"wine.com, exact vintage match, regular/metadata price used (page also showed a $44.99 sold-out display price)",ws_vintage,2026-09-01,0
domaine huet vouvray le haut lieu moelleux premiere trie|2022|750,Domaine Huet Vouvray Le Haut-Lieu Moelleux Premiere Trie,2022,750,92,"Wine-Searcher average retail, vintage-specific",ws_vintage,2026-08-24,0
domaine huet vouvray le haut lieu sec|2019|750,Domaine Huet Vouvray Le Haut-Lieu Sec,2019,750,40,"Wine-Searcher average retail, vintage-specific",ws_vintage,2026-08-24,0
domaine huet vouvray le haut lieu sec|2021|750,Domaine Huet Vouvray Le Haut-Lieu Sec,2021,750,44,"Wine-Searcher average retail, vintage-specific (USA average)",ws_vintage,2026-08-24,0
domaine huet vouvray le mont moelleux premiere trie|2018|750,Domaine Huet Vouvray Le Mont Moelleux Premiere Trie,2018,750,102,"Wine-Searcher average retail, vintage-specific",ws_vintage,2026-08-24,0
domaine huet vouvray le mont moelleux premiere trie|2022|750,Domaine Huet Vouvray Le Mont Moelleux Premiere Trie,2022,750,102,"Wine-Searcher average retail, vintage-specific",ws_vintage,2026-08-24,0
domaine huet vouvray le mont moelleux|2003|750,Domaine Huet Vouvray Le Mont Moelleux,2003,750,146.67,"Wine-Searcher listing, vintage-specific",ws_vintage,2026-08-24,0
domaine huet vouvray le mont sec|2020|750,Domaine Huet Vouvray Le Mont Sec,2020,750,,Insufficient data,insufficient,2026-08-24,0
domaine j p and j l jamet cotes du rhone|2020|750,Domaine J.P & J.L. Jamet Cotes du Rhone,2020,750,40,"Wine-Searcher average retail, vintage-specific",ws_vintage,2026-08-24,0
domaine jamet collines rhodaniennes syrah|2018|750,Domaine Jamet Collines Rhodaniennes Syrah,2018,750,45,"Wine-Searcher average retail, vintage-specific",ws_vintage,2026-08-24,0
domaine jamet condrieu vernillon|2020|750,Domaine Jamet Condrieu Vernillon,2020,750,86,"Wine-Searcher average retail, vintage-specific",ws_vintage,2026-08-24,0
domaine jamet condrieu vernillon|2021|750,Domaine Jamet Condrieu Vernillon,2021,750,86,"Wine-Searcher average retail, vintage-specific",ws_vintage,2026-08-24,0
domaine jean chauvenet nuits st georges les damodes|2016|750,Domaine Jean Chauvenet Nuits-St.-Georges Les Damodes,2016,750,78,"Wine-Searcher, ~$76-$79/750ml, 91pt (not clearly vintage-tied to 2016)",ws_allvintage,2026-09-28,0
domaine jean fournier bourgogne blanc origines cuvee speciale|2019|750,Domaine Jean Fournier Bourgogne Blanc Origines Cuvée Speciale,2019,750,41,"Aggregated retail pricing (~$41), not confirmed as a Wine-Searcher-branded snippet",ws_single_retailer,2026-08-24,0
domaine jean garaudet pommard noizons|2005|750,Domaine Jean Garaudet Pommard Noizons,2005,750,85,"Wine-Searcher listed price, vintage-specific",ws_vintage,2026-09-16,0
domaine jean marc bouley pommard les fremiers|2005|750,Domaine Jean Marc Bouley Pommard Les Fremiers,2005,750,302,"Wine-Searcher average retail, vintage-specific",ws_vintage,2026-09-16,0
domaine jean marc bouley pommard les fremiers|2018|750,Domaine Jean Marc Bouley Pommard Les Fremiers,2018,750,201,"Wine-Searcher listed price, vintage-specific",ws_vintage,2026-09-16,0
domaine jean marc bouley volnay 1er cru carelles|2015|750,Domaine Jean Marc Bouley Volnay 1er Cru Carelles,2015,750,,"Insufficient data - searched, no 2015 price found",insufficient,2026-10-05,0
domaine jean marc bouley volnay carelle sous la chapelle|2018|750,Domaine Jean Marc Bouley Volnay Carelle sous la Chapelle,2018,750,134,"Wine-Searcher average retail, vintage-specific",ws_vintage,2026-09-16,0
domaine jean marc bouley volnay carelle sous la chapelle|2020|750,Domaine Jean Marc Bouley Volnay Carelle sous la Chapelle,2020,750,,"Insufficient data - searched, no 2020 Carelle sous la Chapelle price found",insufficient,2026-10-05,0
domaine jean marc bouley volnay clos de chenes|2019|750,Domaine Jean Marc Bouley Volnay Clos de Chenes,2019,750,199.0,Thatchers Wine $199 (Saratoga $226.06) for 2019 Bouley Volnay Clos des Chenes 750ml,ws_single_retailer,2026-10-05,0
domaine jean monnier and fils pommard grand epenots clos de citeaux|2022|750,Domaine Jean Monnier & Fils Pommard Grand Épenots Clos de Citeaux,2022,750,141,"Wine-Searcher average retail (ex-tax), vintage-specific 2022 page",ws_vintage,2026-09-21,0
domaine jean paul droin chablis vaillons|1996|750,Domaine Jean-Paul Droin Chablis Vaillons,1996,750,,Insufficient data: no 1996 price found (searched once),insufficient,2026-10-05,0
domaine jean royer chateauneuf du pape cuvee tradition|2009|750,Domaine Jean Royer Châteauneuf-du-Pape Cuvée Tradition,2009,750,38.0,"chapfour.com listing for 2011 vintage, our lot is 2009",ws_adjacent,2026-09-01,0
domaine joblot givry clos de la servoisine|1999|750,Domaine Joblot Givry Clos de la Servoisine,1999,750,,"Insufficient data: no 1999 price found (searched once, cluster query)",insufficient,2026-10-05,0
domaine joblot givry clos du cellier aux moines|1999|750,Domaine Joblot Givry Clos du Cellier aux Moines,1999,750,,"Insufficient data: no 1999 price found (searched once, cluster query)",insufficient,2026-10-05,0
domaine julie belland chassagne montrachet morgeot|2022|750,Domaine Julie Belland Chassagne- Montrachet Morgeot,2022,750,,Insufficient data,insufficient,2026-09-07,0
domaine la barroche chateauneuf du pape julien barrot|2019|750,Domaine La Barroche Châteauneuf-du-Pape Julien Barrot,2019,750,,Stage 2: no vintage-specific price found; only the Signature bottling ($64) priced -- rejected as cuvee mismatch,insufficient,2026-09-28,0
domaine la barroche liberty|2021|750,Domaine La Barroche Liberty,2021,750,,"producer states online sales are stopped for this cuvee, no retail price found",insufficient,2026-09-01,0
domaine laroche chablis les clos|1997|750,Domaine Laroche Chablis Les Clos,1997,750,,Insufficient data,insufficient,2026-09-15,0
domaine laroche chablis st martin|2021|750,Domaine Laroche Chablis St. Martin,2021,750,39,"Wine-Searcher average retail, vintage-specific",ws_vintage,2026-08-24,0
domaine laroche chablis st martin|2022|750,Domaine Laroche Chablis St. Martin,2022,750,39,Wine-Searcher average retail for 2021 vintage used as adjacent-vintage proxy,ws_adjacent,2026-08-24,0
domaine le clos des cazaux vacqueyras cuvee des templiers|2001|750,Domaine Le Clos des Cazaux Vacqueyras Cuvée des Templiers,2001,750,26,"Wine-Searcher $26/750ml, 88pt (not clearly vintage-tied to 2001)",ws_allvintage,2026-09-28,0
domaine le clos du caillou chateauneuf du pape les quartz|2005|750,Domaine Le Clos du Caillou Chateauneuf du Pape Les Quartz,2005,750,89,"Wine-Searcher average retail (ex-tax), vintage-specific 2005 page",ws_vintage,2026-09-21,0
domaine le clos du caillou chateauneuf du pape reserve|2023|750,Domaine Le Clos du Caillou Châteauneuf-du-Pape Reserve,2023,750,175.0,"K&L Wines $175 (previous price, out of stock) for 2023 Clos du Caillou Reserve CdP 750ml",ws_single_retailer,2026-10-05,0
domaine lejeune pommard les argillieres|2017|750,Domaine Lejeune Pommard Les Argillières,2017,750,69,"Wine-Searcher average retail (appears to be an all-vintage average, not confirmed vintage-specific for 2017)",ws_allvintage,2026-08-24,0
domaine leroy clos de la roche|1995|750,Domaine Leroy Clos de la Roche,1995,750,,"Insufficient data - searched, no 1995 price found (other vintages only)",insufficient,2026-10-05,0
domaine les alexandrins crozes hermitage les chaflans|2019|750,Domaine les Alexandrins Crozes-Hermitage Les Chaflans,2019,750,30,"Wine-Searcher average retail, vintage-specific",ws_vintage,2026-08-24,0
domaine les monts fournois coteaux champenois blanc ludes|2021|750,Domaine Les Monts Fournois Coteaux Champenois Blanc Ludes,2021,750,,"Insufficient data - searched, no price found",insufficient,2026-10-05,0
domaine les pallieres gigondas terrasse du diable|2016|750,Domaine Les Pallieres Gigondas Terrasse du Diable,2016,750,40.0,"wine.com, exact vintage match, regular/original price used (page also showed a $35.99 sold-out clearance price)",ws_vintage,2026-09-01,0
domaine les pallieres gigondas|1998|750,Domaine Les Pallieres Gigondas,1998,750,53,"Wine-Searcher average retail, cited in context of the 1998 vintage",ws_vintage,2026-08-24,0
domaine lionnet cornas pur granit|2020|750,Domaine Lionnet Cornas Pur Granit,2020,750,72.94,"jjbuckley.com, exact vintage match",ws_vintage,2026-09-01,0
domaine marchand freres morey saint denis clos des ormes|2001|750,Domaine Marchand Freres Morey-Saint-Denis Clos des Ormes,2001,750,45.25,"idealwine.com auction result for 2002 vintage, our lot is 2001; hammer+commission EUR 41.51 converted at 1.09 USD/EUR",auction,2026-09-01,0
domaine marius delarche corton renardes reserve vielles vignes|2002|750,Domaine Marius Delarche Corton Renardes Reserve Vielles Vignes,2002,750,,Insufficient data,insufficient,2026-09-07,0
domaine marius delarche pernand vergelesses les boutieres vieilles vignes reserve|1997|750,Domaine Marius Delarche Pernand-Vergelesses Les Boutieres Vieilles Vignes Reserve,1997,750,38,"Wine-Searcher average retail, vintage-specific",ws_vintage,2026-09-07,0
domaine maume marchand tawse gevrey chambertin en pallud|2012|750,Domaine Maume-Marchand Tawse Gevrey-Chambertin En Pallud,2012,750,,Insufficient data,insufficient,2026-09-15,0
domaine maume marchand tawse gevrey chambertin en pallud|2013|750,Domaine Maume-Marchand Tawse Gevrey-Chambertin En Pallud,2013,750,,Insufficient data,insufficient,2026-09-15,0
domaine melody crozes hermitage friandise|2015|750,Domaine Melody Crozes-Hermitage Friandise,2015,750,17,"Wine-Searcher average retail, vintage-specific",ws_vintage,2026-09-16,0
domaine michel gros vosne romanee clos des reas|2007|750,Domaine Michel Gros Vosne-Romanee Clos des Reas,2007,750,,"only 2019/2023 vintages found, gap too large to use as adjacent",insufficient,2026-09-01,0
domaine michel mallard corton les renardes|2019|750,Domaine Michel Mallard Corton Les Renardes,2019,750,241.99,US retailer $241.99 for 2019 Mallard Corton Les Renardes 750ml,ws_single_retailer,2026-10-05,0
domaine michel mallard corton les renardes|2021|750,Domaine Michel Mallard Corton Les Renardes,2021,750,,"Insufficient data - searched, no 2021 price found",insufficient,2026-10-05,0
domaine michel mallard ladoix la corvee|2019|750,Domaine Michel Mallard Ladoix La Corvee,2019,750,,"Insufficient data - searched, no Ladoix La Corvee price found",insufficient,2026-10-05,0
domaine michel mallard ladoix la corvee|2020|750,Domaine Michel Mallard Ladoix La Corvee,2020,750,,"Insufficient data - searched, no Ladoix La Corvee price found",insufficient,2026-10-05,0
domaine michel mallard savigny les beaune les serpentieres|2020|750,Domaine Michel Mallard Savigny Les Beaune Les Serpentieres,2020,750,65.0,Adjacent vintage: 2022 Mallard Savigny Les Serpentieres $65 (2020 not found),ws_adjacent,2026-10-05,0
domaine michel niellon chassagne montrachet les vergers|2008|750,Domaine Michel Niellon Chassagne-Montrachet Les Vergers,2008,750,73.0,Wine-Searcher average retail Michel Niellon Chassagne-Montrachet Les Vergers $73/750ml (not tied to 2008),ws_allvintage,2026-09-21,0
domaine moreau and fils chablis valmur|2019|750,Domaine Moreau & Fils Chablis Valmur,2019,750,179.99,"grandwinecellar.com, exact vintage match",ws_vintage,2026-09-01,0
domaine moreau naudet chablis vaillons|2023|750,Domaine Moreau-Naudet Chablis Vaillons,2023,750,85,"Wine-Searcher $85/750ml, 91pt (not clearly vintage-tied to 2023)",ws_allvintage,2026-09-28,0
domaine newman beaune clos des avaux|2018|750,Domaine Newman Beaune Clos des Avaux,2018,750,,"Insufficient data - searched, no price found (rare, estate sold)",insufficient,2026-10-05,0
domaine nicole lamarche clos de vougeot|2020|750,Domaine Nicole Lamarche Clos de Vougeot,2020,750,,millesima-usa.com listing found but out of stock with no price; alternate retailer page not found,insufficient,2026-09-01,0
domaine ninot mercurey vieilles vignes|2005|750,Domaine Ninot Mercurey Vieilles Vignes,2005,750,30,"Wine-Searcher average retail (current-listing average, not 2005-specific)",ws_adjacent,2026-08-24,0
domaine olivier hillaire chateauneuf du pape les petits pieds d armand|2005|750,Domaine Olivier Hillaire Chateauneuf-du-Pape Les Petits Pieds d'Armand,2005,750,79,"Wine-Searcher average retail, all-vintage fallback for this cuvee",ws_allvintage,2026-09-07,0
domaine parent beaune epenottes|2015|750,Domaine Parent Beaune Epenottes,2015,750,82,"Wine-Searcher average price (ex-tax) $82/750ml, vintage-specific (2015), 89pt",ws_vintage,2026-09-28,0
domaine parent pommard les argillieres|2007|750,Domaine Parent Pommard Les Argillières,2007,750,160,Wine-Searcher average retail for Les Argillieres (all-vintage page); 2007 scored 90,ws_allvintage,2026-09-21,0
domaine parent pommard les epenots|2019|750,Domaine Parent Pommard Les Épenots,2019,750,208,"Wine-Searcher average retail, vintage-specific",ws_vintage,2026-08-24,0
domaine perrot minot chambolle musigny vieilles vignes|2021|750,Domaine Perrot-Minot Chambolle-Musigny Vieilles Vignes,2021,750,,"Insufficient data - searched, no price found",insufficient,2026-10-05,0
domaine perrot minot gevrey chambertin|2016|750,Domaine Perrot-Minot Gevrey Chambertin,2016,750,174,"Retailer listing, Gevrey-Chambertin Vieilles Vignes 2016 bottling used as closest match",ws_single_retailer,2026-08-24,0
domaine perrot minot griotte chambertin vieilles vignes|2021|1500,Domaine Perrot-Minot Griotte-Chambertin Vieilles Vignes,2021,1500,,"Insufficient data - searched, only GBP en-primeur pricing found",insufficient,2026-10-05,0
domaine perrot minot vosne romanee vieilles vignes|2021|750,Domaine Perrot-Minot Vosne-Romanée Vieilles Vignes,2021,750,,"Insufficient data - searched, only EUR/2023 prices of different cuvees",insufficient,2026-10-05,0
domaine philippe charlopin parizot charmes chambertin|2006|750,Domaine Philippe Charlopin-Parizot Charmes-Chambertin,2006,750,,no retail listing found for this vintage,insufficient,2026-09-01,0
domaine philippe charlopin parizot gevrey chambertin justice|2001|750,Domaine Philippe Charlopin-Parizot Gevrey Chambertin Justice,2001,750,88,"Wine-Searcher average retail, all-vintage",ws_allvintage,2026-09-15,0
domaine pierre gonon chasselas|2020|750,Domaine Pierre Gonon Chasselas,2020,750,64.95,"Single retailer listing, vintage-specific",ws_single_retailer,2026-08-24,0
domaine pierre gonon saint joseph les oliviers blanc|2018|750,Domaine Pierre Gonon Saint Joseph Les Oliviers Blanc,2018,750,113,Average retail price cited in vintage-specific (2018) search context,ws_vintage,2026-08-24,0
domaine pierre gonon saint joseph les oliviers blanc|2020|750,Domaine Pierre Gonon Saint Joseph Les Oliviers Blanc,2020,750,105,"Wine-Searcher average retail, vintage-specific",ws_vintage,2026-08-24,0
domaine pierre gonon saint joseph|2016|750,Domaine Pierre Gonon Saint-Joseph,2016,750,166.5,"Retailer pricing, vintage-specific, averaged across two listings ($164 and $169)",ws_single_retailer,2026-08-24,0
domaine pierre gonon saint joseph|2018|750,Domaine Pierre Gonon Saint-Joseph,2018,750,129.95,"Single retailer listing, vintage-specific",ws_single_retailer,2026-08-24,0
domaine pierre gonon saint joseph|2019|750,Domaine Pierre Gonon Saint-Joseph,2019,750,145.0,"Bottle Barn $145 (Flatiron $189, Saratoga $231.19) for 2019 Gonon Saint-Joseph 750ml; lowest used",ws_single_retailer,2026-10-05,0
domaine pierre gonon saint joseph|2020|750,Domaine Pierre Gonon Saint-Joseph,2020,750,,"Insufficient data - searched, no 2020 price found",insufficient,2026-10-05,0
domaine prieure roch vin de france pinot noir|2022|750,Domaine Prieure-Roch Vin de France Pinot Noir,2022,750,,Insufficient data: no reliable 2022 price (only 2024 outlier and GBP) (searched once),insufficient,2026-10-05,0
domaine remi jobard meursault en luraules|2008|750,Domaine Remi Jobard Meursault En Luraules,2008,750,,Insufficient data,insufficient,2026-09-15,0
domaine remi jobard meursault le poruzot dessus|2007|750,Domaine Remi Jobard Meursault Le Poruzot - Dessus,2007,750,,Insufficient data,insufficient,2026-09-15,0
domaine remi jobard meursault les chevalieres|2011|1500,Domaine Remi Jobard Meursault Les Chevalières,2011,1500,,Insufficient data,insufficient,2026-09-15,0
domaine remi jobard meursault les genevrieres|2011|1500,Domaine Remi Jobard Meursault Les Genevrières,2011,1500,,Insufficient data,insufficient,2026-09-15,0
domaine remi jobard meursault les genevrieres|2022|750,Domaine Remi Jobard Meursault Les Genevrières,2022,750,,"Insufficient data - searched, results were Antoine Jobard (different domaine)",insufficient,2026-10-05,0
domaine remi jobard meursault sous la velle|2017|750,Domaine Remi Jobard Meursault Sous la Velle,2017,750,126,Wine-Searcher average price $126/750ml across vintages (not clearly 2017-specific),ws_allvintage,2026-09-28,0
domaine renaud boyer puligny montrachet les reuchaux|2022|750,Domaine Renaud Boyer Puligny-Montrachet Les Reuchaux,2022,750,,"Insufficient data - searched, only an auction sale price and EUR estimates",insufficient,2026-10-05,0
domaine rene monnier meursault le limozin|1996|750,Domaine René Monnier Meursault Le Limozin,1996,750,60,Estimate based on general knowledge of village-level Meursault pricing at this age,estimate,2026-08-24,0
domaine richard rottiers moulin a vent champ de cour|2022|750,Domaine Richard Rottiers Moulin-a-Vent Champ de Cour,2022,750,28,Wine-Searcher average retail (vintage not explicitly confirmed as 2022 in snippet),ws_allvintage,2026-08-24,0
domaine robert chevillon nuits saint georges aux chaignots|2022|750,Domaine Robert Chevillon Nuits-Saint-Georges Aux Chaignots,2022,750,145,"Retailers $110-$169/750ml range, vintage-specific (2022), midpoint used",ws_vintage,2026-09-28,0
domaine robert chevillon nuits saint georges les pruliers|2016|750,Domaine Robert Chevillon Nuits-Saint-Georges Les Pruliers,2016,750,166,"Wine-Searcher average retail, vintage-specific",ws_vintage,2026-08-24,0
domaine robert chevillon nuits saint georges vieilles vignes|2022|750,Domaine Robert Chevillon Nuits-Saint-Georges Vieilles Vignes,2022,750,113,"Wine-Searcher average price $113/750ml, vintage-specific (2022), 88pt",ws_vintage,2026-09-28,0
domaine robert chevillon nuits st georges les cailles|2012|750,Domaine Robert Chevillon Nuits-St.-Georges Les Cailles,2012,750,219.79,Saratoga Wine $219.79 (out of stock) for 2012 Chevillon NSG Les Cailles 750ml,ws_single_retailer,2026-10-05,0
domaine robert chevillon nuits st georges les cailles|2016|750,Domaine Robert Chevillon Nuits-St.-Georges Les Cailles,2016,750,175,"Estimate based on comparable sibling cuvee (Les Pruliers 2016, Wine-Searcher avg $166)",estimate,2026-08-24,0
domaine robert chevillon nuits st georges les cailles|2017|750,Domaine Robert Chevillon Nuits-St.-Georges Les Cailles,2017,750,,"Insufficient data - searched, no 2017 price found",insufficient,2026-10-05,0
domaine robert chevillon nuits st georges les cailles|2020|750,Domaine Robert Chevillon Nuits-St.-Georges Les Cailles,2020,750,195.0,Sotheby's Wine $195 for 2020 Chevillon NSG Les Cailles 750ml,ws_single_retailer,2026-10-05,0
domaine rolet arbois vin jaune|2003|620,Domaine Rolet Arbois Vin Jaune,2003,620,,"Stage 2: no 2003-specific price found; native 620ml clavelin format, no scaling needed",insufficient,2026-09-28,0
domaine rougeot meursault charmes|1997|750,Domaine Rougeot Meursault-Charmes,1997,750,,Insufficient data,insufficient,2026-09-15,0
domaine roulot auxey duresses blanc|2018|750,Domaine Roulot Auxey-Duresses Blanc,2018,750,182,"Wine-Searcher average price (ex-tax) $182/750ml, vintage-specific (2018), 91pt",ws_vintage,2026-09-28,0
domaine roy pere and fils gevrey chambertin vieilles vignes|1988|750,Domaine Roy Pere & Fils Gevrey-Chambertin Vieilles Vignes,1988,750,,Stage 1: no matching listing found for this producer/vintage,insufficient,2026-09-28,0
domaine saint damien gigondas la louisiane vieilles vignes|2009|750,Domaine Saint-Damien Gigondas La Louisiane Vieilles Vignes,2009,750,37,"Wine-Searcher average retail, all-vintage",ws_allvintage,2026-09-15,0
domaine saint damien gigondas les souteyrades|2012|750,Domaine Saint-Damien Gigondas Les Souteyrades,2012,750,,Insufficient data,insufficient,2026-09-15,0
domaine saint damien gigondas les souteyrades|2015|750,Domaine Saint-Damien Gigondas Les Souteyrades,2015,750,49,"Retailer/critic-cited price, vintage-specific",ws_single_retailer,2026-09-15,0
domaine saint damien gigondas les souteyrades|2016|750,Domaine Saint-Damien Gigondas Les Souteyrades,2016,750,35,"Retailer listing (Prospect Wines $34.99), vintage-specific",ws_single_retailer,2026-09-16,0
domaine santa duc grand grenache 66|2009|750,Domaine Santa Duc Grand Grenache 66,2009,750,,Insufficient data,insufficient,2026-08-24,0
domaine serge laporte sancerre les montes damnes|2023|750,Domaine Serge Laporte Sancerre Les Montes Damnes,2023,750,,"Insufficient data - searched, results were Domaine Delaporte (different producer)",insufficient,2026-10-05,0
domaine servin chablis premiere cuvee les pargues screwcap|2023|750,Domaine Servin Chablis Premiere Cuvee Les Pargues (Screwcap),2023,750,35,"Swigg (Wilmington, DE) $35/750ml",ws_single_retailer,2026-09-28,0
domaine stephane aladame montagny les burnins|2020|750,Domaine Stéphane Aladame Montagny Les Burnins,2020,750,29.43,"oenovinia.com, exact vintage match, EUR 27.00 converted at 1.09 USD/EUR",ws_vintage,2026-09-01,0
domaine sylvain morey bourgogne passetoutgrains|2021|750,Domaine Sylvain Morey Bourgogne Passetoutgrains,2021,750,41.96,"astorwines.com listing for 2023 vintage, our lot is 2021",ws_adjacent,2026-09-01,0
domaine taupenot merme corton le rognet|2017|750,Domaine Taupenot-Merme Corton Le Rognet,2017,750,237.0,Wine-Searcher average retail 2017 Domaine Taupenot-Merme Corton Rognet $237/750ml (one retailer at $605 is an outlier and ignored),ws_vintage,2026-09-21,0
domaine tempier bandol rose|2018|750,Domaine Tempier Bandol Rosé,2018,750,49.99,"wine.com, exact vintage match",ws_vintage,2026-09-01,0
domaine tempier bandol rose|2021|750,Domaine Tempier Bandol Rosé,2021,750,65.0,Wine-Searcher average retail Domaine Tempier Bandol Rose 2021 $65/750ml (Oak and Barrel $65.99),ws_vintage,2026-09-21,0
domaine tempier bandol rose|2025|750,Domaine Tempier Bandol Rosé,2025,750,62.0,"Leon & Son $62 (Verve $66, Millesima USA $66.99) for 2025 Tempier Bandol Rose 750ml",ws_single_retailer,2026-10-05,0
domaine thibert pouilly vinzelles les longeays|2018|750,Domaine Thibert Pouilly-Vinzelles Les Longeays,2018,750,,"only a foreign-currency (PHP) retailer found, no reliable USD conversion basis",insufficient,2026-09-01,0
domaine tortochot gevrey chambertin vieilles vignes|2022|750,Domaine Tortochot Gevrey Chambertin Vieilles Vignes,2022,750,79.89,"saratogawine.com, exact vintage match",ws_vintage,2026-09-01,0
domaine trouillet pouilly fuisse 1er cru|2020|750,Domaine Trouillet Pouilly-Fuisse 1er Cru,2020,750,36,"Wine-Searcher listed price, vintage-specific",ws_vintage,2026-09-16,0
domaine u stiliccionu ajaccio damianu|2010|750,Domaine U Stiliccionu Ajaccio Damianu,2010,750,,only an auction result found (2015 vintage) with inconsistent price figures reported on the page,insufficient,2026-09-01,0
domaine vincent dancer beaune les montrevenots|2020|750,Domaine Vincent Dancer Beaune Les Montrevenots,2020,750,119,"Wine-Searcher listed price, vintage-specific",ws_vintage,2026-09-16,0
domaine vincent dancer bourgogne hautes cotes de beaune blanc|2022|1500,Domaine Vincent Dancer Bourgogne Hautes-Côtes de Beaune Blanc,2022,1500,,Insufficient data: only EUR 93.60 for 1.5L 2022 (searched once),insufficient,2026-10-05,0
domaine vincent dancer meursault les corbins|2022|750,Domaine Vincent Dancer Meursault Les Corbins,2022,750,,"Insufficient data - searched, only EUR pricing found",insufficient,2026-10-05,0
domaine vincent dancer pommard les perrieres|2020|750,Domaine Vincent Dancer Pommard Les Perrieres,2020,750,,"Insufficient data - searched, Wine-Searcher explicitly shows no price for this vintage",insufficient,2026-09-15,0
domaine vincent dauvissat chablis|2023|750,Domaine Vincent Dauvissat Chablis,2023,750,101,"Wine-Searcher average price $101/750ml, vintage-specific (2023), 91pt, plain bottling",ws_vintage,2026-09-28,0
domaine vincent dauvissat irancy|2018|750,Domaine Vincent Dauvissat Irancy,2018,750,113,"Wine-Searcher, vintage-specific ex-tax price",ws_vintage,2026-08-24,0
domaine vincent paris cornas granit 30|2012|750,Domaine Vincent Paris Cornas Granit 30,2012,750,,Insufficient data,insufficient,2026-09-07,0
domaine vincent paris cornas granit 30|2018|750,Domaine Vincent Paris Cornas Granit 30,2018,750,,Insufficient data,insufficient,2026-08-24,0
domaine vincent paris cornas granit 60 vieilles vignes|2011|750,Domaine Vincent Paris Cornas Granit 60 Vieilles Vignes,2011,750,75,"Wine-Searcher average retail, vintage-specific",ws_vintage,2026-09-15,0
domaine vincent paris cornas granit 60 vieilles vignes|2017|750,Domaine Vincent Paris Cornas Granit 60 Vieilles Vignes,2017,750,,Insufficient data,insufficient,2026-08-24,0
domaine vincent paris cornas la geynale|2017|750,Domaine Vincent Paris Cornas La Geynale,2017,750,,Insufficient data,insufficient,2026-08-24,0
domaine vincent paris cornas la geynale|2020|750,Domaine Vincent Paris Cornas La Geynale,2020,750,83,"Wine-Searcher, vintage-specific average price",ws_vintage,2026-08-24,0
domaines ott cotes de provence chateau de selle rose|2024|750,Domaines Ott Cotes de Provence Chateau de Selle Rose,2024,750,60,"Wine-Searcher, Chateau de Selle Coeur de Grain Rose $60/750ml ex-tax, vintage-specific (2024), 91pt",ws_vintage,2026-09-28,0
dominio de calogia ribera del duero|2019|750,Dominio de Calogía Ribera del Duero,2019,750,150.0,Wine-Searcher average retail Dominio de Calogia Ribera del Duero ~$150/750ml (RoomBox lists the 2019 at $152.48; UK Vinissimus GBP 101),ws_vintage,2026-09-21,0
dominio de calogia ribera del duero|2020|750,Dominio de Calogía Ribera del Duero,2020,750,150.0,Wine-Searcher average retail Dominio de Calogia Ribera del Duero ~$150/750ml (not tied to 2020; RoomBox lists the 2019 at $152.48),ws_allvintage,2026-09-21,0
dominio de calogia ribera del duero|2021|750,Dominio de Calogía Ribera del Duero,2021,750,150.0,Wine-Searcher average retail 2021 Dominio de Calogia Ribera del Duero $150/750ml (critic score 92),ws_vintage,2026-09-21,0
dominio de pingus flor de pingus|2008|750,Dominio de Pingus Flor de Pingus,2008,750,115,"Wine-Searcher average price (ex-tax) $115/750ml, vintage-specific (2008)",ws_vintage,2026-09-28,0
dominio de pingus flor de pingus|2018|750,Dominio de Pingus Flor de Pingus,2018,750,125,"Wine-Searcher average retail (ex-tax), vintage-specific 2018 page",ws_vintage,2026-09-21,0
dominio de pingus flor de pingus|2022|750,Dominio de Pingus Flor de Pingus,2022,750,131,"Wine-Searcher average retail (ex-tax), vintage-specific 2022 page",ws_vintage,2026-09-21,0
dominio de pingus flor de pingus|2023|750,Dominio de Pingus Flor de Pingus,2023,750,147,"Wine-Searcher average retail (ex-tax), vintage-specific 2023 page",ws_vintage,2026-09-21,0
dominique lafon volnay les lurets|2022|750,Dominique Lafon Volnay Les Lurets,2022,750,155.0,Leon & Son $155 (Flatiron $169.99) for 2022 Lafon Volnay Les Lurets 750ml,ws_single_retailer,2026-10-05,0
donatella cinelli colombini brunello di montalcino casato prime donne|2013|750,Donatella Cinelli Colombini Brunello di Montalcino Casato Prime Donne,2013,750,100,"Wine-Searcher average retail, vintage-specific",ws_vintage,2026-09-07,0
donatella cinelli colombini brunello di montalcino|2015|750,Donatella Cinelli Colombini Brunello di Montalcino,2015,750,165.0,"wine.com, exact vintage but Riserva bottling (our lot is base Brunello), regular/metadata price used",ws_adjacent,2026-09-01,0
donnafugata dolce and gabbana rosa|2021|750,Donnafugata Dolce & Gabbana Rosa,2021,750,37,"Wine-Searcher average retail (worldwide), all-vintage fallback",ws_allvintage,2026-09-07,0
donnafugata etna rosso fragore|2019|750,Donnafugata Etna Rosso Fragore,2019,750,98.0,Wine-Searcher average retail 2019 Donnafugata Fragore $98/750ml (individual retailers $78-$79),ws_vintage,2026-09-21,0
donnafugata mille e una notte|1999|750,Donnafugata Mille e Una Notte,1999,750,65,"Wine-Searcher average retail, vintage-specific",ws_vintage,2026-09-15,0
donnafugata mille e una notte|2010|750,Donnafugata Mille e Una Notte,2010,750,,Insufficient data,insufficient,2026-09-15,0
drappier brut nature rose zero dosage|NV|750,Drappier Brut Nature Rose Zero Dosage,NV,750,66.79,Saratoga Wine $66.79 for Drappier Brut Nature Rose NV 750ml,ws_single_retailer,2026-10-05,0
drappier brut rose de saignee|NV|750,Drappier Brut Rosé de Saignee,NV,750,74.0,Wine-Searcher average retail Drappier Brut Rose de Saignee NV ~$74/750ml (retailers $49.97-$76.30),ws_allvintage,2026-09-21,0
duval leroy brut femme de champagne|NV|750,Duval-Leroy Brut Femme de Champagne,NV,750,,totalwine.com listing found but not available/no price in searched location,insufficient,2026-09-01,0
duval leroy brut grand cru blanc de blancs|NV|750,Duval-Leroy Brut Grand Cru Blanc de Blancs,NV,750,90.0,"wine.com, NV exact match, regular/metadata price used (page also showed sold-out $89.99 display price)",ws_vintage,2026-09-01,0
duval leroy brut|2006|750,Duval-Leroy Brut,2006,750,54,"Wine-Searcher average retail, vintage-specific (Brut Millesime)",ws_vintage,2026-09-15,0
duval leroy brut|NV|750,Duval-Leroy Brut,NV,750,59,"Retailer average, California (Wine.com $54.99, K&L Wine Merchants $63.00)",ws_single_retailer,2026-09-16,0
duval leroy finesse absolue brut premier cru|NV|750,Duval-Leroy Finesse Absolue Brut Premier Cru,NV,750,,no retailer price found for this specific cuvee,insufficient,2026-09-01,0
duval leroy rose|NV|750,Duval-Leroy Rosé,NV,750,80,"Wine-Searcher average retail, all-vintage",ws_allvintage,2026-09-15,0
e guigal chateauneuf du pape|1999|750,E. Guigal Châteauneuf-du-Pape,1999,750,99.97,"wine.com, exact vintage match",ws_vintage,2026-09-01,0
e guigal condrieu la doriane|2015|750,E. Guigal Condrieu la Doriane,2015,750,216,"Wine-Searcher average price (ex-tax) $216/750ml, vintage-specific (2015), 94pt",ws_vintage,2026-09-28,0
e guigal condrieu la doriane|2020|750,E. Guigal Condrieu la Doriane,2020,750,140.0,"vintus.com, exact vintage match, suggested retail price",ws_vintage,2026-09-01,0
e guigal cote rotie brune et blonde|1996|750,E. Guigal Cote-Rotie Brune et Blonde,1996,750,98,"Lyndhurst Wine HK$768 (~$98 USD), vintage-specific (1996)",ws_vintage,2026-09-28,0
e guigal cote rotie brune et blonde|1998|750,E. Guigal Cote-Rotie Brune et Blonde,1998,750,90,"Wine-Searcher average retail, vintage-specific",ws_vintage,2026-09-15,0
e guigal cote rotie chateau d ampuis|1998|750,E. Guigal Cote-Rotie Chateau d'Ampuis,1998,750,229.99,"wine.com, exact vintage match",ws_vintage,2026-09-01,0
e guigal cote rotie chateau d ampuis|2001|750,E. Guigal Cote-Rotie Chateau d'Ampuis,2001,750,159.99,"wine.com, exact vintage match",ws_vintage,2026-09-01,0
e guigal cote rotie chateau d ampuis|2003|750,E. Guigal Cote-Rotie Chateau d'Ampuis,2003,750,149.99,"shop.klwines.com, exact vintage match",ws_vintage,2026-09-01,0
e guigal cote rotie chateau d ampuis|2004|750,E. Guigal Cote-Rotie Chateau d'Ampuis,2004,750,165.0,"wine.com, exact vintage match, regular price used (page also showed a $79.99 sale price)",ws_vintage,2026-09-01,0
e guigal cote rotie chateau d ampuis|2005|750,E. Guigal Cote-Rotie Chateau d'Ampuis,2005,750,129.99,"wine.com, exact vintage match",ws_vintage,2026-09-01,0
e guigal cote rotie chateau d ampuis|2010|750,E. Guigal Cote-Rotie Chateau d'Ampuis,2010,750,223.17,"saratogawine.com, exact vintage match",ws_vintage,2026-09-01,0
e guigal cotes du rhone|2017|750,E. Guigal Côtes du Rhône,2017,750,18,"Wine-Searcher, vintage-specific average price (ex-tax, USA), red wine",ws_vintage,2026-08-24,0
e guigal cotes du rhone|2018|750,E. Guigal Côtes du Rhône,2018,750,17,"Wine-Searcher, vintage-specific average price (ex-tax)",ws_vintage,2026-08-24,0
e guigal gigondas|2007|750,E. Guigal Gigondas,2007,750,41,"Wine-Searcher average retail, all-vintage",ws_allvintage,2026-09-15,0
e guigal hermitage blanc|2014|750,E. Guigal Hermitage Blanc,2014,750,51.01,"onshorecellars.com listing for 2018 vintage, our lot is 2014; EUR 46.80 converted at 1.09 USD/EUR",ws_adjacent,2026-09-01,0
e guigal hermitage|1990|750,E. Guigal Hermitage,1990,750,,Insufficient data,insufficient,2026-09-15,0
e guigal hermitage|2000|750,E. Guigal Hermitage,2000,750,99.0,"cellaraiders.com, exact vintage match",ws_vintage,2026-09-01,0
e guigal hermitage|2001|750,E. Guigal Hermitage,2001,750,,"Insufficient data - only this same auction's own listing price surfaced, no independent market source",insufficient,2026-09-15,0
edmond cornu aloxe corton 1er cru les valozieres|2011|750,Edmond Cornu Aloxe-Corton 1er Cru Les Valozières,2011,750,,Insufficient data,insufficient,2026-08-24,0
edouard delaunay and ses fils pommard les chaponnieres|2021|750,Edouard Delaunay & Ses Fils Pommard Les Chaponnieres,2021,750,,"Insufficient data - stage-1 synthesis's $144 likely belongs to Domaine Launay-Horiot's Les Chaponnieres (producer-name collision, that page surfaced beside Delaunay's); withdrawn, no verified Delaunay 2021 price",insufficient,2026-09-21,0
egly ouriet extra brut grand cru v p vieillissement prolonge|NV|750,Egly-Ouriet Extra Brut Grand Cru V.P. (Vieillissement Prolonge),NV,750,159.0,"Bottle Barn $159 (Wine Library $93.99 on sale, Flatiron $204.99) for Egly-Ouriet VP NV 750ml",ws_single_retailer,2026-10-05,0
el grifo ariana|2021|750,El Grifo Ariana,2021,750,48.0,Importer SRP $48.00 for El Grifo Ariana 750ml (Kysela); not vintage-specific,ws_allvintage,2026-10-05,0
elena fucci aglianico del vulture superiore riserva titolo|2013|750,Elena Fucci Aglianico del Vulture Superiore Riserva Titolo,2013,750,,"Insufficient data - searched, no 2013 price found",insufficient,2026-10-05,0
elena fucci aglianico del vulture superiore riserva titolo|2018|750,Elena Fucci Aglianico del Vulture Superiore Riserva Titolo,2018,750,97.95,Saratoga Wine $97.95 for 2018 Elena Fucci Titolo 750ml,ws_single_retailer,2026-10-05,0
elena fucci aglianico del vulture superiore riserva titolo|2019|750,Elena Fucci Aglianico del Vulture Superiore Riserva Titolo,2019,750,119.99,Retailer $119.99 for 2019 Elena Fucci Titolo 750ml (search snippet),ws_single_retailer,2026-10-05,0
elio altare barolo brunate|1995|750,Elio Altare Barolo Brunate,1995,750,,No reliable price found: no 1995 price at any source,insufficient,2026-09-21,0
elio altare langhe arborina|1997|750,Elio Altare Langhe Arborina,1997,750,,No reliable price found: only a current-vintage average ($75); no 1997 price,insufficient,2026-09-21,0
elio altare langhe la villa|1997|750,Elio Altare Langhe La Villa,1997,750,,No reliable price found: only a current-vintage average ($88); no 1997 price,insufficient,2026-09-21,0
elio altare larigi|1997|750,Elio Altare Larigi,1997,750,,No reliable price found: only a current-vintage average ($88); no 1997 price,insufficient,2026-09-21,0
elio grasso barolo ginestra vigna casa mate|2000|750,Elio Grasso Barolo Ginestra Vigna Casa Mate,2000,750,101,"Wine-Searcher average retail, vintage-specific",ws_vintage,2026-09-15,0
elio grasso barolo ginestra vigna casa mate|2006|750,Elio Grasso Barolo Ginestra Vigna Casa Mate,2006,750,108,Wine-Searcher average price $108/750ml across vintages (not clearly 2006-specific),ws_allvintage,2026-09-28,0
elio grasso barolo ginestra vigna casa mate|2016|750,Elio Grasso Barolo Ginestra Vigna Casa Mate,2016,750,93,"Wine-Searcher average price $93/750ml, vintage-specific (2016), 96pt",ws_vintage,2026-09-28,0
elio grasso dolcetto d alba dei grassi|2021|750,Elio Grasso Dolcetto d'Alba Dei Grassi,2021,750,25.0,"moorebrothers.com, exact vintage match",ws_vintage,2026-09-01,0
elio grasso educato|2021|750,Elio Grasso Educato,2021,750,,retailer page did not confirm a specific product price for this vintage,insufficient,2026-09-01,0
elio grasso langhe nebbiolo|2021|750,Elio Grasso Langhe Nebbiolo,2021,750,34.0,"moorebrothers.com (Gavarini bottling), exact vintage match",ws_vintage,2026-09-01,0
emidio pepe montepulciano d abruzzo|2016|750,Emidio Pepe Montepulciano d' Abruzzo,2016,750,149.99,"Chambers Street Wines retailer listing, 2016 vintage",ws_single_retailer,2026-08-24,0
emilien feneuil coteaux champenois blanc de petit meslier et de chardonnay|2019|750,Emilien Feneuil Coteaux Champenois Blanc de Petit Meslier et de Chardonnay,2019,750,180.0,Leon & Son 2019 Emilien Feneuil Puits & Gillis Coteaux Blanc de Petite Meslier & Chardonnay 750ml $180.00,ws_single_retailer,2026-10-05,0
emilien feneuil coteaux champenois chamery pinot noir|NV|750,Emilien Feneuil Coteaux Champenois Chamery Pinot Noir,NV,750,,"Insufficient data: only 2020 Chamery Rouge cuvee found ($195), NV cuvee not confirmed (searched once)",insufficient,2026-10-05,0
emilien feneuil coteaux champenois les maconettes rose|2020|750,Emilien Feneuil Coteaux Champenois Les Maçonettes Rosé,2020,750,165.0,US retailer regular price $165 for 2020 Feneuil Coteaux Champenois Rose Les Maconnettes 750ml (Thatchers Wine),ws_single_retailer,2026-10-05,0
emmanuel rouget bourgogne passetoutgrain|2023|750,Emmanuel Rouget Bourgogne Passetoutgrain,2023,750,58,"Wine-Searcher average retail, vintage-specific",ws_vintage,2026-09-15,0
emmanuel rouget echezeaux|2022|750,Emmanuel Rouget Echezeaux,2022,750,946.26,Saratoga Wine $946.26 for 2022 Rouget Echezeaux (out of stock); single retailer,ws_single_retailer,2026-10-05,0
emmanuel rouget nuits st georges|2021|750,Emmanuel Rouget Nuits-St.-Georges,2021,750,249.99,Flatiron $249.99 (out of stock) for 2021 Rouget NSG; iDealwine auction results $151-$200 noted,ws_single_retailer,2026-10-05,0
emmanuel rouget savigny les beaune|2021|750,Emmanuel Rouget Savigny Les Beaune,2021,750,,"Insufficient data - searched, only EUR pricing found",insufficient,2026-10-05,0
emmanuel rouget vosne romanee cros parantoux|2022|750,Emmanuel Rouget Vosne-Romanee Cros Parantoux,2022,750,1400.0,"Leon & Son $1,400 (Bottle Barn $1,895) for 2022 Cros Parantoux 750ml; lowest used",ws_single_retailer,2026-10-05,0
emmanuel rouget vosne romanee|2022|1500,Emmanuel Rouget Vosne-Romanee,2022,1500,,"Insufficient data - searched, only EUR pricing found",insufficient,2026-10-05,0
enrico santini poggio al moro|2016|750,Enrico Santini Poggio Al Moro,2016,750,,Insufficient data,insufficient,2026-09-15,0
envinate migan|2018|750,Envinate Migan,2018,750,32,"Wine-Searcher average retail, vintage-specific",ws_vintage,2026-09-15,0
eric et emmanuel dampt chablis vieilles vignes|2020|750,Eric Et Emmanuel Dampt Chablis Vieilles Vignes,2020,750,30,"Wine-Searcher average price (ex-tax, USA), all-vintage",ws_allvintage,2026-08-24,0
espectacle montsant|2006|750,Espectacle Montsant,2006,750,176,"Wine-Searcher USA average retail price $176/750ml, vintage-specific (2006), 93pt",ws_vintage,2026-09-28,0
espectacle montsant|2014|750,Espectacle Montsant,2014,750,143,"Wine-Searcher average retail (ex-tax), vintage-specific 2014 page",ws_vintage,2026-09-21,0
espectacle montsant|2017|750,Espectacle Montsant,2017,750,130,"Wine-Searcher average retail (ex-tax), vintage-specific 2017 page",ws_vintage,2026-09-21,0
espectacle montsant|2019|750,Espectacle Montsant,2019,750,139,"Wine-Searcher average retail (ex-tax), vintage-specific 2019 page",ws_vintage,2026-09-21,0
etienne winery lirac essen|2024|750,Etienne Winery Lirac Essen,2024,750,38,"Wine-Searcher average retail, vintage-specific",ws_vintage,2026-09-15,0
eugene lebreton meursault|1989|750,Eugène Lebreton Meursault,1989,750,,Stage 2: no price figure found for this producer/vintage,insufficient,2026-09-28,0
f lli alessandria barolo monvigliero|2013|750,F.lli Alessandria Barolo Monvigliero,2013,750,63.95,"Liquors Inc (Berkshires, MA) $63.95/750ml, vintage-specific (2013), 94pt",ws_single_retailer,2026-09-28,0
fabienne prie brut reserve|NV|750,Fabiènne Prié Brut Réserve,NV,750,,"Insufficient data - searched, no price found",insufficient,2026-10-05,0
fabio oberto barbera d alba|2018|750,Fabio Oberto Barbera d'Alba,2018,750,25.0,"wine.com, exact vintage match, regular price used (page also showed a $19.99 sale price)",ws_vintage,2026-09-01,0
faiveley chambolle musigny la combe d orveau|2008|750,Faiveley Chambolle Musigny La Combe d'Orveau,2008,750,234,"Wine-Searcher, all-vintage average price",ws_allvintage,2026-08-24,0
faiveley chambolle musigny la combe d orveau|2020|750,Faiveley Chambolle Musigny La Combe d'Orveau,2020,750,173,"Wine-Searcher average listing price $173/750ml, vintage-specific (2020), 92pt",ws_vintage,2026-09-28,0
faiveley chambolle musigny|2021|750,Faiveley Chambolle-Musigny,2021,750,,"No reliable price found: results were for Faiveley premier cru Chambolle bottlings and pre-arrival case pricing, not the village wine",insufficient,2026-09-21,0
faiveley corton clos des cortons|2016|750,Faiveley Corton Clos des Cortons,2016,750,353,Wine-Searcher average price $353/750ml (ex-tax),ws_allvintage,2026-09-28,0
faiveley gevrey chambertin les cazetiers|2014|750,Faiveley Gevrey-Chambertin Les Cazetiers,2014,750,141,"Wine-Searcher average price (ex-tax) $141/750ml, vintage-specific (2014), 90pt",ws_vintage,2026-09-28,0
faiveley gevrey chambertin les cazetiers|2017|750,Faiveley Gevrey-Chambertin Les Cazetiers,2017,750,223,"Wine-Searcher average price $223/750ml, vintage-specific (2017)",ws_vintage,2026-09-28,0
faiveley meursault|2021|750,Faiveley Meursault,2021,750,100,"Wine-Searcher average retail (ex-tax), vintage-specific 2021 (Domaine Faiveley Meursault village) page",ws_vintage,2026-09-21,0
faiveley montagny|2006|750,Faiveley Montagny,2006,750,,Insufficient data,insufficient,2026-08-24,0
faiveley nuits st georges les porets st georges|2006|750,Faiveley Nuits St. Georges Les Porets St. Georges,2006,750,118.33,"Grand Cru Direct retailer listing, 2006 vintage, case price of $710 divided by 6",ws_single_retailer,2026-08-24,0
faiveley vosne romanee|2022|750,Faiveley Vosne Romanee,2022,750,112,"Wine-Searcher average retail, vintage-specific",ws_vintage,2026-09-15,0
falesco lazio montiano|1999|750,Falesco Lazio Montiano,1999,750,89,"Wine-Searcher average retail, vintage-specific",ws_vintage,2026-09-15,0
falesco marciliano|2003|750,Falesco Marciliano,2003,750,35,"Wine Enthusiast/retail $35/750ml, vintage-specific (2003), 91pt",ws_vintage,2026-09-28,0
falesco marciliano|2004|1500,Falesco Marciliano,2004,1500,77.0,"2003 vintage price $35/750ml (adjacent-vintage substitution, 2004 not found), scaled x2.2 for 1.5L magnum format",ws_adjacent,2026-09-28,0
famille isabel ferrando chateauneuf du pape saint prefert|2020|750,Famille Isabel Ferrando Châteauneuf-du-Pape Saint Préfert,2020,750,103.0,Wine-Searcher average retail Famille Isabel Ferrando Saint Prefert Chateauneuf-du-Pape $103/750ml (Heritage Cellar lists the 2020 at $105),ws_allvintage,2026-09-21,0
famille perrin chateauneuf du pape les sinards|2021|750,Famille Perrin Chateauneuf du Pape Les Sinards,2021,750,50,"Wine-Searcher, vintage-specific average price (ex-tax)",ws_vintage,2026-08-24,0
fanti brunello di montalcino vallocchio|2015|750,Fanti Brunello di Montalcino Vallocchio,2015,750,85,"Wine-Searcher average retail, all-vintage (Tenuta Fanti Vallocchio)",ws_allvintage,2026-09-15,0
fanti brunello di montalcino vallocchio|2016|750,Fanti Brunello di Montalcino Vallocchio,2016,750,85,"Wine-Searcher average retail (ex-tax), all-vintage average for Tenuta Fanti Vallocchio Brunello; 2016 same cuvee, not vintage-tied",ws_allvintage,2026-09-21,0
father john pere jean chablis bougros|2018|750,Father John Pere Jean Chablis Bougros,2018,750,,Insufficient data,insufficient,2026-08-24,0
fattoria dei barbi brunello di montalcino|2019|750,Fattoria Dei Barbi Brunello di Montalcino,2019,750,70.0,"Wine-Searcher average retail (ex-tax), vintage-specific 2019 page",ws_vintage,2026-09-21,0
fattoria di felsina chianti classico riserva rancia|1993|750,Fattoria di Felsina Chianti Classico Riserva Rancia,1993,750,,No reliable price found: no 1993 price at any source,insufficient,2026-09-21,0
fattoria di felsina chianti classico riserva rancia|1997|750,Fattoria di Felsina Chianti Classico Riserva Rancia,1997,750,104.0,"Wine-Searcher average retail (ex-tax), vintage-specific 1997 page (Felsina Berardenga Rancia Riserva)",ws_vintage,2026-09-21,0
fattoria di felsina chianti classico riserva rancia|2007|750,Fattoria di Felsina Chianti Classico Riserva Rancia,2007,750,62,"Wine-Searcher average retail, vintage-specific",ws_vintage,2026-09-15,0
fattoria di felsina chianti classico riserva rancia|2013|1500,Fattoria di Felsina Chianti Classico Riserva Rancia,2013,1500,145.2,"Wine-Searcher average price $66/750ml, vintage-specific (2013), scaled x2.2 for 1.5L magnum format",ws_vintage,2026-09-28,0
fattoria di felsina chianti classico riserva rancia|2013|750,Fattoria di Felsina Chianti Classico Riserva Rancia,2013,750,66,"Wine-Searcher, vintage-specific average price (ex-tax)",ws_vintage,2026-08-24,0
fattoria di felsina chianti classico riserva|2011|750,Fattoria di Felsina Chianti Classico Riserva,2011,750,38,"Wine.com retailer listing, vintage-specific (base Riserva, not Rancia)",ws_single_retailer,2026-09-16,0
fattoria di felsina chianti classico riserva|2020|750,Fattoria di Felsina Chianti Classico Riserva,2020,750,39,"Wine-Searcher average retail, vintage-specific (confirmed by matching $39.99 retail listing)",ws_vintage,2026-09-07,0
fattoria di felsina chianti classico|1998|750,Fattoria di Felsina Chianti Classico,1998,750,,"only current-release listing found (no vintage stated), 25+ year gap too large to use",insufficient,2026-09-01,0
fattoria di felsina fontalloro|1999|750,Fattoria di Felsina Fontalloro,1999,750,,No reliable price found: no 1999 price displayed at any source,insufficient,2026-09-21,0
fattoria di felsina fontalloro|2015|750,Fattoria di Felsina Fontalloro,2015,750,79,"Wine-Searcher average price $79/750ml, vintage-specific (2015), 93pt",ws_vintage,2026-09-28,0
fattoria di felsina fontalloro|2016|750,Fattoria di Felsina Fontalloro,2016,750,86,"Wine-Searcher average price (ex-tax) $86/750ml, vintage-specific (2016), 93pt",ws_vintage,2026-09-28,0
fattoria pagano fabula falerno del massico|2018|750,Fattoria Pagano Fabula Falerno del Massico,2018,750,,no retailer price found,insufficient,2026-09-01,0
fattoria petrolo toscana galatrona|2010|750,Fattoria Petrolo Toscana Galatrona,2010,750,95,"The Chicago Wine Co. / Benchmark Wine Group (CA) ~$95/750ml, vintage-specific (2010)",ws_single_retailer,2026-09-28,0
fattoria petrolo vigna boggina c riserva|2021|750,Fattoria Petrolo Vigna Boggina C Riserva,2021,750,75.0,US listing of Petrolo Boggina C 2021 at $75.00 (SF Wine Trading lists $89.94); lower used,ws_single_retailer,2026-09-21,0
fattoria poggiopiano chianti classico la tradizione|2010|750,Fattoria Poggiopiano Chianti Classico La Tradizione,2010,750,75,"Wine-Searcher average retail, all-vintage",ws_allvintage,2026-09-15,0
fattorie romeo del castello etna rosso vigo|2013|750,Fattorie Romeo del Castello Etna Rosso Vigo,2013,750,62,"Retailer listing, vintage-specific",ws_single_retailer,2026-09-16,0
faustino i tinto gran reserva|2001|750,Faustino I Tinto Gran Reserva,2001,750,127,"Wine-Searcher average retail, vintage-specific",ws_vintage,2026-09-07,0
ferghettina franciacorta brut rose|2017|750,Ferghettina Franciacorta Brut Rosé,2017,750,65.0,"wine.com, exact vintage match, regular price used (page also showed a sold-out $63.99 price)",ws_vintage,2026-09-01,0
fernand and laurent pillot chassagne montrachet vide bourse|2015|750,Fernand & Laurent Pillot Chassagne-Montrachet Vide Bourse,2015,750,,"Insufficient data - searched, no 2015 price found",insufficient,2026-10-05,0
fernand and laurent pillot puligny montrachet noyers brets|2016|750,Fernand & Laurent Pillot Puligny Montrachet Noyers Brets,2016,750,,"Insufficient data - searched, only EUR estimate found",insufficient,2026-10-05,0
ferrari trento brut|NV|750,Ferrari Trento Brut,NV,750,31.99,"totalwine.com, NV exact match",ws_vintage,2026-09-01,0
feudi di san gregorio serpico|2003|750,Feudi di San Gregorio Serpico,2003,750,62,"Wine-Searcher average retail, vintage-specific (cross-source range $62-81)",ws_vintage,2026-09-07,0
feudo montoni nero d avola vrucara|2020|750,Feudo Montoni Nero D'Avola Vrucara,2020,750,68,"Wine-Searcher average retail, all-vintage fallback (no 2020-specific figure surfaced)",ws_allvintage,2026-09-07,0
fiorenzo nada barbaresco manzola|2016|750,Fiorenzo Nada Barbaresco Manzola,2016,750,74,"Wine-Searcher, vintage-specific average price (ex-tax)",ws_vintage,2026-08-24,0
fontaine gagnard chassagne montrachet la romanee|2017|750,Fontaine-Gagnard Chassagne-Montrachet La Romanee,2017,750,199.0,Flatiron Wines NYC 2017 Fontaine-Gagnard Chassagne-Montrachet 1er Cru La Romanee 750ml $199.00,ws_single_retailer,2026-10-05,0
fontodi chianti classico gran selezione vigna del sorbo|2018|750,Fontodi Chianti Classico Gran Selezione Vigna del Sorbo,2018,750,120.0,"Wine-Searcher average retail (ex-tax), all-vintage average for Fontodi Vigna del Sorbo Gran Selezione; 2018 same cuvee (2019 $119 / 2020 $125 vintage pages corroborate)",ws_allvintage,2026-09-21,0
fontodi chianti classico gran selezione vigna del sorbo|2019|750,Fontodi Chianti Classico Gran Selezione Vigna del Sorbo,2019,750,119.0,"Wine-Searcher average retail (ex-tax), vintage-specific 2019 page",ws_vintage,2026-09-21,0
fontodi chianti classico gran selezione vigna del sorbo|2020|750,Fontodi Chianti Classico Gran Selezione Vigna del Sorbo,2020,750,125.0,"Wine-Searcher average retail (ex-tax), vintage-specific 2020 page",ws_vintage,2026-09-21,0
fontodi chianti classico|2019|750,Fontodi Chianti Classico,2019,750,55.0,"Wine-Searcher average retail (ex-tax), vintage-specific 2019 page",ws_vintage,2026-09-21,0
fontodi chianti classico|2020|750,Fontodi Chianti Classico,2020,750,58.0,"Wine-Searcher average retail (ex-tax), vintage-specific 2020 page",ws_vintage,2026-09-21,0
fontodi flaccianello della pieve|2012|750,Fontodi Flaccianello della Pieve,2012,750,165,"Wine-Searcher average price $165/750ml, vintage-specific (2012), 92pt",ws_vintage,2026-09-28,0
fontodi flaccianello della pieve|2013|750,Fontodi Flaccianello della Pieve,2013,750,153,"Wine-Searcher average price $153/750ml, vintage-specific (2013), 95pt",ws_vintage,2026-09-28,0
foradori teroldego sgarzon|2014|750,Foradori Teroldego Sgarzon,2014,750,48.0,"winelibrary.com, exact vintage match, regular price used (page also showed a $38.13 sale price)",ws_vintage,2026-09-01,0
franck balthazar cornas les chaillot|2013|750,Franck Balthazar Cornas Les Chaillot,2013,750,122,"Wine-Searcher, vintage-specific average price (ex-tax)",ws_vintage,2026-08-24,0
franck balthazar cornas les chaillot|2014|750,Franck Balthazar Cornas Les Chaillot,2014,750,125,"Wine-Searcher, vintage-specific average price (ex-tax)",ws_vintage,2026-08-24,0
franck balthazar cornas les chaillot|2015|750,Franck Balthazar Cornas Les Chaillot,2015,750,130,"Wine-Searcher, vintage-specific average price (ex-tax)",ws_vintage,2026-08-24,0
francois carillon puligny montrachet les champs gain|2020|750,Francois Carillon Puligny-Montrachet Les Champs-Gain,2020,750,85,Estimate based on general knowledge of producer/appellation,estimate,2026-08-24,0
francois carillon puligny montrachet les combettes|2017|750,Francois Carillon Puligny-Montrachet Les Combettes,2017,750,206,"Wine-Searcher average price (ex-tax) $206/750ml, vintage-specific (2017)",ws_vintage,2026-09-28,0
francois carillon puligny montrachet les combettes|2020|750,Francois Carillon Puligny-Montrachet Les Combettes,2020,750,187,"Wine-Searcher average price $187/750ml, 92pt (not clearly vintage-tied to 2020)",ws_allvintage,2026-09-28,0
francois carillon puligny montrachet les perrieres|2017|750,Francois Carillon Puligny-Montrachet Les Perrières,2017,750,,Stage 2: 94pt rating found but no price figure returned,insufficient,2026-09-28,0
francois carillon saint aubin les murgers des dents de chien|2023|750,Francois Carillon Saint Aubin Les Murgers des Dents de Chien,2023,750,108,"Wine-Searcher average retail, vintage-specific",ws_vintage,2026-09-07,0
francois chidaine montlouis sur loire les epinays|2021|1500,Francois Chidaine Montlouis-sur-Loire Les Epinays,2021,1500,,"Insufficient data - searched, only AUD/EUR magnum pricing found",insufficient,2026-10-05,0
francois cotat sancerre les culs de beaujeu|2011|750,Francois Cotat Sancerre Les Culs de Beaujeu,2011,750,93,"Wine-Searcher retailer range estimate ($86-101), all-vintage",ws_allvintage,2026-09-16,0
francois cotat sancerre les culs de beaujeu|2013|750,Francois Cotat Sancerre Les Culs de Beaujeu,2013,750,93,"Wine-Searcher retailer range estimate ($86-101), all-vintage",ws_allvintage,2026-09-16,0
francois cotat sancerre les monts damnes|2014|750,Francois Cotat Sancerre Les Monts Damnés,2014,750,140,"Wine-Searcher average retail, vintage-specific",ws_vintage,2026-09-15,0
francois et denis clair saint aubin les frionnes|2016|750,Francois Et Denis Clair Saint Aubin Les Frionnes,2016,750,57,"Wine-Searcher average retail, all-vintage",ws_allvintage,2026-09-15,0
francois jobard meursault les poruzots|1995|750,Francois Jobard Meursault Les Poruzots,1995,750,198,"Retailer listings (Sotheby's Wine NY $199, others ~$196), vintage-specific",ws_single_retailer,2026-09-16,0
francois jobard meursault les poruzots|1998|750,Francois Jobard Meursault Les Poruzots,1998,750,65,"Wine-Searcher average retail, vintage-specific (Antoine Jobard, same domaine)",ws_vintage,2026-09-15,0
francois jobard meursault les poruzots|2000|750,Francois Jobard Meursault Les Poruzots,2000,750,,Insufficient data,insufficient,2026-09-15,0
francois jobard meursault les poruzots|2001|750,Francois Jobard Meursault Les Poruzots,2001,750,,Insufficient data,insufficient,2026-09-15,0
francois jobard puligny montrachet le trezin|1997|750,Francois Jobard Puligny-Montrachet Le Trézin,1997,750,,Insufficient data,insufficient,2026-09-15,0
francois jobard puligny montrachet le trezin|1998|750,Francois Jobard Puligny-Montrachet Le Trézin,1998,750,,Insufficient data,insufficient,2026-09-15,0
francois jobard puligny montrachet le trezin|1999|750,Francois Jobard Puligny-Montrachet Le Trézin,1999,750,,Insufficient data,insufficient,2026-09-15,0
francois jobard puligny montrachet le trezin|2000|750,Francois Jobard Puligny-Montrachet Le Trézin,2000,750,,Insufficient data,insufficient,2026-09-15,0
francois jobard puligny montrachet le trezin|2001|750,Francois Jobard Puligny-Montrachet Le Trézin,2001,750,,Insufficient data,insufficient,2026-09-15,0
francois leclerc gevrey chambertin|2005|1500,Francois Leclerc Gevrey Chambertin,2005,1500,,Insufficient data,insufficient,2026-09-15,0
francois martenot coteaux bourguignons le jardin|2023|750,Francois Martenot Coteaux Bourguignons Le Jardin,2023,750,,no price displayed on retailer page,insufficient,2026-09-01,0
francois martenot nuits saint georges les muriers|2019|750,Francois Martenot Nuits-Saint-Georges Les Muriers,2019,750,,no working retailer page found,insufficient,2026-09-01,0
frank cornelissen munjebel bianco|2017|750,Frank Cornelissen Munjebel Bianco,2017,750,57.0,Wine-Searcher average retail Frank Cornelissen Munjebel Bianco $57/750ml (not tied to 2017),ws_allvintage,2026-09-21,0
frank cornelissen munjebel perpetuum i|NV|750,Frank Cornelissen Munjebel  Perpetuum I,NV,750,,No reliable price found: no price displayed for the NV Perpetuum I,insufficient,2026-09-21,0
frank cornelissen munjebel rosso cr|2016|750,Frank Cornelissen Munjebel Rosso CR,2016,750,,No reliable price found: only UK/EU prices for the 2016,insufficient,2026-09-21,0
frank cornelissen munjebel rosso cr|2017|750,Frank Cornelissen Munjebel Rosso CR,2017,750,,No reliable price found: the only US price surfaced was for a different Munjebel bottling (PA),insufficient,2026-09-21,0
frank cornelissen munjebel rosso cs|2016|750,Frank Cornelissen Munjebel Rosso CS,2016,750,,No reliable price found: only European/Swiss prices for the CS 2016,insufficient,2026-09-21,0
frank cornelissen munjebel rosso cs|2017|750,Frank Cornelissen Munjebel Rosso CS,2017,750,,No reliable price found: only a Swiss all-vintage average for the CS,insufficient,2026-09-21,0
frank cornelissen munjebel rosso fm|2017|750,Frank Cornelissen Munjebel Rosso FM,2017,750,76.0,Wine-Searcher average retail Frank Cornelissen Munjebel FM $76/750ml (not tied to 2017),ws_allvintage,2026-09-21,0
frank cornelissen munjebel rosso mc|2017|750,Frank Cornelissen Munjebel Rosso MC,2017,750,79.0,"Wine-Searcher average retail (ex-tax), all-vintage average for Munjebel MC; 2017 same cuvee, not vintage-tied",ws_allvintage,2026-09-21,0
frank cornelissen munjebel rosso|2017|750,Frank Cornelissen Munjebel Rosso,2017,750,45.0,"Wine-Searcher average retail (ex-tax), vintage-specific 2017 page",ws_vintage,2026-09-21,0
frank cornelissen munjebel rosso|2018|750,Frank Cornelissen Munjebel Rosso,2018,750,65.0,"Wine-Searcher average retail (ex-tax), vintage-specific 2018 page",ws_vintage,2026-09-21,0
frank cornelissen nerello mascalese susucaru|2018|750,Frank Cornelissen Nerello Mascalese Susucaru,2018,750,34.0,Wine-Searcher average retail 2018 Frank Cornelissen Susucaru Rosso $34/750ml,ws_vintage,2026-09-21,0
frank cornelissen susucaru rosato|2018|750,Frank Cornelissen Susucaru Rosato,2018,750,33.0,Wine-Searcher average retail 2018 Frank Cornelissen Susucaru Rosato $33/750ml,ws_vintage,2026-09-21,0
frank cornelissen susucaru rosato|2019|750,Frank Cornelissen Susucaru Rosato,2019,750,28.0,"Wine-Searcher average retail (ex-tax), vintage-specific 2019 page (Susucaru Rosato)",ws_vintage,2026-09-21,0
frank cornelissen susucaru rosato|2021|750,Frank Cornelissen Susucaru Rosato,2021,750,40.0,"Wine-Searcher average retail (ex-tax), vintage-specific 2021 page (Susucaru Rosato)",ws_vintage,2026-09-21,0
franz hirtzberger hochrain riesling smaragd|2023|750,Franz Hirtzberger Hochrain Riesling Smaragd,2023,750,82.99,Flatiron Wines $82.99 for 2023 Hirtzberger Hochrain Smaragd 750ml,ws_single_retailer,2026-10-05,0
franz hirtzberger hochrain riesling smaragd|2024|750,Franz Hirtzberger Hochrain Riesling Smaragd,2024,750,97.99,Flatiron Wines $97.99 for 2024 Hirtzberger Hochrain Smaragd 750ml,ws_single_retailer,2026-10-05,0
fratelli manzone barolo bricco san pietro fraschin|2013|750,Fratelli Manzone Barolo Bricco San Pietro Fraschin,2013,750,,"Insufficient data - only this same auction's own listing price surfaced, no independent market source",insufficient,2026-09-15,0
fratelli monchiero barolo montanello riserva|1978|750,Fratelli Monchiero Barolo Montanello Riserva,1978,750,,Stage 2: retailer listing found (Walker Wine Co.) but no price shown,insufficient,2026-09-28,0
fratelli monchiero barolo rocche di castiglione falletto riserva|2006|750,Fratelli Monchiero Barolo Rocche di Castiglione Falletto Riserva,2006,750,,Insufficient data,insufficient,2026-09-15,0
fratelli oddero barolo|2017|750,Fratelli Oddero Barolo,2017,750,45,Estimate based on general knowledge of producer/appellation,estimate,2026-08-24,0
fratelli revello barolo rocche dell annunziata|2005|750,Fratelli Revello Barolo Rocche dell'Annunziata,2005,750,,"Insufficient data - searched, no USD price found",insufficient,2026-10-05,0
fratelli revello barolo rocche dell annunziata|2006|750,Fratelli Revello Barolo Rocche dell'Annunziata,2006,750,,"Insufficient data - searched, no USD price found",insufficient,2026-10-05,0
fratelli revello barolo rocche dell annunziata|2007|750,Fratelli Revello Barolo Rocche dell'Annunziata,2007,750,,"Insufficient data - searched, no USD price found",insufficient,2026-10-05,0
fratelli revello barolo rocche dell annunziata|2008|750,Fratelli Revello Barolo Rocche dell'Annunziata,2008,750,,"Insufficient data - searched, no USD price found",insufficient,2026-10-05,0
fratelli revello barolo vigna conca|2005|750,Fratelli Revello Barolo Vigna Conca,2005,750,,"Insufficient data - searched, no 2005 price found",insufficient,2026-10-05,0
fratelli revello barolo vigna conca|2006|750,Fratelli Revello Barolo Vigna Conca,2006,750,,"Insufficient data - searched, no 2006 price found",insufficient,2026-10-05,0
frederic esmonin gevrey chambertin lavaux st jacques|2018|750,Frederic Esmonin Gevrey-Chambertin Lavaux St.-Jacques,2018,750,102,"Wine-Searcher $102/750ml, 90pt (not clearly vintage-tied to 2018)",ws_allvintage,2026-09-28,0
frederic esmonin ruchottes chambertin|2018|375,Frederic Esmonin Ruchottes-Chambertin,2018,375,101.5,"Wine-Searcher $203/750ml, vintage-specific (2018), halved for 375ml half-bottle",ws_vintage,2026-09-28,0
frederic magnien chambolle musigny les hauts doix cuvee unique reserve|1998|750,Frédéric Magnien Chambolle Musigny Les Hauts Doix Cuvee Unique Reserve,1998,750,,Insufficient data,insufficient,2026-09-07,0
frederic magnien gevrey chambertin les seuvrees cuvee unique reserve|1997|750,Frédéric Magnien Gevrey Chambertin Les Seuvrees Cuvee Unique Reserve,1997,750,,Insufficient data,insufficient,2026-09-07,0
frederic magnien gevrey chambertin les seuvrees cuvee unique reserve|1998|750,Frédéric Magnien Gevrey Chambertin Les Seuvrees Cuvee Unique Reserve,1998,750,,Insufficient data,insufficient,2026-09-07,0
frederic magnien gevrey chambertin perriere|2002|750,Frédéric Magnien Gevrey-Chambertin Perriere,2002,750,,Stage 2: only the unrelated Cazetiers/La Perriere cru bottlings priced -- rejected as cru mismatch,insufficient,2026-09-28,0
frederic magnien vosne romanee les suchots|2002|750,Frédéric Magnien Vosne-Romanée Les Suchots,2002,750,115,"WineBid listing $115, vintage-specific (2002)",auction,2026-09-28,0
frederic savart dremont pere et fils ephemere 016 coeur de rose|NV|750,Frédéric Savart/ Drémont Père et fils Ephemere 016 Coeur de Rose,NV,750,59.95,"Woodland Hills Wine Co. (Los Angeles, CA) $59.95/750ml",ws_single_retailer,2026-09-28,0
frederic savart extra brut premier cru ecueil trepail blanc de blancs|NV|750,"Frederic Savart Extra Brut Premier Cru Ecueil, Trepail Blanc de Blancs",NV,750,94.0,Thatchers Wine $94 (Sotheby's $139.95) for Savart Ecueil-Trepail Blanc de Blancs Premier Cru NV,ws_single_retailer,2026-10-05,0
fugue de nenin|2018|750,Fugue de Nenin,2018,750,52.75,Saratoga Wine lists Fugue de Nenin Pomerol 2018 at $52.75 (single retailer),ws_single_retailer,2026-09-21,0
fuligni brunello di montalcino riserva|2010|750,Fuligni Brunello di Montalcino Riserva,2010,750,224,"Wine-Searcher average price (ex-tax) $224/750ml, vintage-specific (2010)",ws_vintage,2026-09-28,0
fuligni brunello di montalcino|2017|750,Fuligni Brunello di Montalcino,2017,750,79.99,Zachys lists Fuligni Brunello di Montalcino 2017 at $79.99 (single retailer),ws_single_retailer,2026-09-21,0
fx pichler durnsteiner kellerberg riesling smaragd|2013|750,FX Pichler Dürnsteiner Kellerberg Riesling Smaragd,2013,750,78,"WineBid estimate $78, vintage-specific (2013), 94pt",auction,2026-09-28,0
fx pichler durnsteiner kellerberg riesling|2024|750,FX Pichler Dürnsteiner Kellerberg Riesling,2024,750,,"Insufficient data - searched, only EUR range found",insufficient,2026-10-05,0
fx pichler gruner veltliner smaragd m|2008|750,FX Pichler Gruner Veltliner Smaragd M,2008,750,,"Insufficient data - searched, no 2008 price found",insufficient,2026-10-05,0
g corino barolo vecchie vigne|2007|1500,G. Corino Barolo Vecchie Vigne,2007,1500,,"Insufficient data - searched, no magnum price found",insufficient,2026-10-05,0
g d vajra barolo albe|2013|750,G.D. Vajra Barolo Albe,2013,750,40,"Wine-Searcher average retail, vintage-specific",ws_vintage,2026-08-24,0
g d vajra barolo bricco delle viole|2010|750,G.D. Vajra Barolo Bricco delle Viole,2010,750,148,"Wine-Searcher average retail, vintage-specific",ws_vintage,2026-08-24,0
g d vajra barolo bricco delle viole|2011|750,G.D. Vajra Barolo Bricco delle Viole,2011,750,110,"Wine-Searcher average retail, adjacent vintage used as proxy",ws_adjacent,2026-08-24,0
g d vajra barolo bricco delle viole|2012|750,G.D. Vajra Barolo Bricco delle Viole,2012,750,110,"Wine-Searcher average retail, vintage-specific",ws_vintage,2026-08-24,0
g d vajra barolo bricco delle viole|2014|750,G.D. Vajra Barolo Bricco delle Viole,2014,750,83,"Wine-Searcher average retail, vintage-specific",ws_vintage,2026-08-24,0
g d vajra barolo bricco delle viole|2016|750,G.D. Vajra Barolo Bricco delle Viole,2016,750,104,"Wine-Searcher average retail, vintage-specific",ws_vintage,2026-08-24,0
g d vajra barolo bricco delle viole|2017|750,G.D. Vajra Barolo Bricco delle Viole,2017,750,89,"Wine-Searcher average retail, adjacent vintage used as proxy",ws_adjacent,2026-08-24,0
g d vajra barolo bricco delle viole|2018|750,G.D. Vajra Barolo Bricco delle Viole,2018,750,89,"Wine-Searcher average retail, vintage-specific",ws_vintage,2026-08-24,0
g d vajra barolo coste di rose|2017|750,G.D. Vajra Barolo Coste di Rose,2017,750,68.0,"James Suckling listed average price $68 for 2017 Vajra Coste di Rose 750ml (retailer quotes seen: $93.53-$158, mostly out of stock); lowest used",ws_vintage,2026-10-05,0
g d vajra barolo ravera|2012|750,G.D. Vajra Barolo Ravera,2012,750,197,"Wine-Searcher average retail, vintage-specific",ws_vintage,2026-08-24,0
g d vajra barolo ravera|2013|750,G.D. Vajra Barolo Ravera,2013,750,79,"Wine-Searcher average retail, vintage-specific",ws_vintage,2026-08-24,0
g d vajra barolo ravera|2014|750,G.D. Vajra Barolo Ravera,2014,750,98,"Wine-Searcher average retail, vintage-specific",ws_vintage,2026-08-24,0
g d vajra barolo ravera|2015|750,G.D. Vajra Barolo Ravera,2015,750,99,"Wine-Searcher average retail, vintage-specific",ws_vintage,2026-08-24,0
g d vajra barolo ravera|2016|750,G.D. Vajra Barolo Ravera,2016,750,82,"Wine-Searcher average retail, vintage-specific",ws_vintage,2026-08-24,0
g d vajra barolo ravera|2018|750,G.D. Vajra Barolo Ravera,2018,750,99,"Wine-Searcher average retail, vintage-specific",ws_vintage,2026-08-24,0
g h mumm brut cordon rouge|NV|750,G.H. Mumm Brut Cordon Rouge,NV,750,,"Insufficient data - searched, results were rose cuvee",insufficient,2026-10-05,0
g h mumm brut grand cordon rose|NV|750,G.H. Mumm Brut Grand Cordon Rose,NV,750,67,"Wine-Searcher average retail, vintage-specific",ws_vintage,2026-08-24,0
g h mumm brut grand cordon|NV|750,G.H. Mumm Brut Grand Cordon,NV,750,54.0,"Wine-Searcher average retail (ex-tax), NV G.H. Mumm Grand Cordon Brut page",ws_allvintage,2026-09-21,0
gabriel billard beaune les epenottes|1999|750,Gabriel Billard Beaune Les Epenottes,1999,750,,"Stage 2: only a French guide price (11-15 EUR, dated, unreliable currency/period) found",insufficient,2026-09-28,0
gagnard delagrange chassagne montrachet la boudriotte|2019|750,Gagnard-Delagrange Chassagne-Montrachet La Boudriotte,2019,750,124.0,Wine-Searcher average retail Gagnard-Delagrange Chassagne-Montrachet La Boudriotte $124/750ml (2019 pre-arrival case prices $125-$143),ws_allvintage,2026-09-21,0
gaja barbaresco sori tildin|1990|1500,Gaja Barbaresco Sori Tildin,1990,1500,1319.96,The Wine House 1990 Sori Tildin 750ml $599.98 (out of stock) scaled x2.2 for 1.5L magnum (size mismatch; not an observed magnum price),ws_single_retailer,2026-10-05,0
gaja barolo dagromis|2020|750,Gaja Barolo Dagromis,2020,750,132.0,"Wine-Searcher average retail (ex-tax), vintage-specific 2020 page",ws_vintage,2026-09-21,0
gaja barolo dagromis|2021|750,Gaja Barolo Dagromis,2021,750,131.0,"Wine-Searcher average retail (ex-tax), vintage-specific 2021 page",ws_vintage,2026-09-21,0
gaja ca marcanda magari|2021|750,Gaja Ca'Marcanda Magari,2021,750,91.0,"Wine-Searcher average retail (ex-tax), vintage-specific 2021 page",ws_vintage,2026-09-21,0
gaja ca marcanda magari|2022|750,Gaja Ca'Marcanda Magari,2022,750,100.0,"Wine-Searcher average retail (ex-tax), vintage-specific 2022 page",ws_vintage,2026-09-21,0
gaja ca marcanda promis|2017|750,Gaja Ca'Marcanda Promis,2017,750,54.0,"Wine-Searcher average retail (ex-tax), vintage-specific 2017 page",ws_vintage,2026-09-21,0
gaja ca marcanda promis|2023|750,Gaja Ca'Marcanda Promis,2023,750,60.0,"Wine-Searcher average retail (ex-tax), vintage-specific 2023 page",ws_vintage,2026-09-21,0
gaja sito moresco|2022|750,Gaja Sito Moresco,2022,750,78.0,"Wine-Searcher average retail (ex-tax), vintage-specific 2022 page",ws_vintage,2026-09-21,0
galardi terra di lavoro|2003|750,Galardi Terra di Lavoro,2003,750,96,"Wine-Searcher average price $96/750ml, vintage-specific (2003), 93pt",ws_vintage,2026-09-28,0
galardi terra di lavoro|2004|750,Galardi Terra di Lavoro,2004,750,84,"Wine-Searcher California average price $84/750ml, vintage-specific (2004), 92pt",ws_vintage,2026-09-28,0
galardi terra di lavoro|2007|750,Galardi Terra di Lavoro,2007,750,90,"Retail listing $90/750ml, vintage-specific (2007), 97 RP / 99 Veronelli",ws_vintage,2026-09-28,0
galardi terra di lavoro|2010|750,Galardi Terra di Lavoro,2010,750,88.0,"Wine-Searcher average retail (ex-tax), vintage-specific 2010 page",ws_vintage,2026-09-21,0
galardi terra di lavoro|2012|750,Galardi Terra di Lavoro,2012,750,,"No reliable price found: conflicting single-retailer figures ($54.94 vs $69.21), both out of stock",insufficient,2026-09-21,0
gallimard pere et fils brut cuvee reserve blanc de noirs|NV|750,Gallimard Père et Fils Brut Cuvee Reserve Blanc de Noirs,NV,750,,Insufficient data: only GBP/SEK prices (searched once),insufficient,2026-10-05,0
georges laval brut nature premier cru cumieres|NV|750,Georges Laval Brut Nature Premier Cru Cumieres,NV,750,135,"Wine-Searcher, US retailers ~$129-$141/750ml",ws_vintage,2026-09-28,0
georges lignier morey st denis clos des ormes|2017|750,Georges Lignier Morey-St.-Denis Clos des Ormes,2017,750,120,"Wine-Searcher average retail, vintage-specific",ws_vintage,2026-08-24,0
georges lignier morey st denis clos des ormes|2018|750,Georges Lignier Morey-St.-Denis Clos des Ormes,2018,750,120,"Wine-Searcher average retail, adjacent vintage used as proxy",ws_adjacent,2026-08-24,0
georges noellat nuits saint georges aux boudots|2021|750,Georges Noellat Nuits-Saint-Georges Aux Boudots,2021,750,199.95,First Bottle Wines $199.95 (Flatiron $299) for 2021 Georges Noellat Aux Boudots 750ml,ws_single_retailer,2026-10-05,0
georges vigouroux chateau de mercues cahors malbec|2018|750,Georges Vigouroux Chateau De Mercues Cahors Malbec,2018,750,32.0,"Wine-Searcher average retail (ex-tax), all-vintage average for Georges Vigouroux Chateau de Mercues Cahors; 2018 is a recent release of the same cuvee",ws_allvintage,2026-09-21,0
gerard duplessis chablis montmains|2023|750,Gerard Duplessis Chablis Montmains,2023,750,70,"Wine-Searcher $70/750ml, 91pt (not clearly vintage-tied to 2023)",ws_allvintage,2026-09-28,0
gerard raphet bourgogne rouge|2009|750,Gerard Raphet Bourgogne Rouge,2009,750,32,"Wine-Searcher average retail, all-vintage (base bottling)",ws_allvintage,2026-09-16,0
gerard raphet morey saint denis les millandes|2022|750,Gerard Raphet Morey-Saint-Denis Les Millandes,2022,750,129.95,Adjacent vintage: 2023 Raphet Millandes $129.95 First Bottle (retail $215); 2022 not found,ws_adjacent,2026-10-05,0
giacomo ascheri barolo sorano|2001|750,Giacomo Ascheri Barolo Sorano,2001,750,,Insufficient data,insufficient,2026-09-15,0
giacomo ascheri barolo sorano|2004|750,Giacomo Ascheri Barolo Sorano,2004,750,44,"Wine-Searcher average retail, vintage-specific",ws_vintage,2026-09-16,0
giacomo ascheri barolo|2013|750,Giacomo Ascheri Barolo,2013,750,143,"Wine-Searcher average retail, vintage-specific",ws_vintage,2026-09-15,0
giacomo ascheri podere di rivalta barolo vigna dei pola|2003|750,Giacomo Ascheri Podere di Rivalta Barolo Vigna dei Pola,2003,750,,Insufficient data,insufficient,2026-09-15,0
giacomo borgogno and figli colli tortonesi derthona|2021|750,Giacomo Borgogno & Figli Colli Tortonesi Derthona,2021,750,61,"Wine-Searcher average retail, vintage-specific",ws_vintage,2026-09-16,0
giacomo conterno barbera d alba francia|2003|750,Giacomo Conterno Barbera d'Alba Francia,2003,750,,No reliable price found: no 2003 price visible at any source,insufficient,2026-09-21,0
giacomo conterno barbera d alba francia|2007|750,Giacomo Conterno Barbera d'Alba Francia,2007,750,116,"Wine-Searcher average retail, vintage-specific",ws_vintage,2026-09-15,0
giacomo conterno barbera d alba francia|2013|750,Giacomo Conterno Barbera d'Alba Francia,2013,750,95,"Wine-Searcher average retail, vintage-specific",ws_vintage,2026-09-15,0
giacomo conterno barbera d alba francia|2016|750,Giacomo Conterno Barbera d'Alba Francia,2016,750,116,"Wine-Searcher average retail, vintage-specific",ws_vintage,2026-08-24,0
giacomo conterno dolcetto d alba cascina francia|1999|750,Giacomo Conterno Dolcetto d'Alba Cascina Francia,1999,750,,No reliable price found: no 1999 price; figures surfaced were for a different wine or not vintage-tied,insufficient,2026-09-21,0
giacomo fenocchio barolo bussia|2004|750,Giacomo Fenocchio Barolo Bussia,2004,750,,Insufficient data,insufficient,2026-09-15,0
giacomo fenocchio barolo bussia|2010|750,Giacomo Fenocchio Barolo Bussia,2010,750,64.75,"Wine-Searcher, starting price $64.75/750ml, vintage-specific (2010)",ws_vintage,2026-09-28,0
giacomo fenocchio barolo bussia|2011|750,Giacomo Fenocchio Barolo Bussia,2011,750,51,"Wine-Searcher average retail, vintage-specific",ws_vintage,2026-09-15,0
giacomo fenocchio barolo bussia|2013|750,Giacomo Fenocchio Barolo Bussia,2013,750,68,"Wine-Searcher average price $68/750ml, vintage-specific (2013), 91pt",ws_vintage,2026-09-28,0
giacomo fenocchio barolo bussia|2016|750,Giacomo Fenocchio Barolo Bussia,2016,750,61,"Wine-Searcher average price (ex-tax) $61/750ml, vintage-specific (2016)",ws_vintage,2026-09-28,0
giacomo fenocchio barolo cannubi|2005|750,Giacomo Fenocchio Barolo Cannubi,2005,750,106,"Wine-Searcher average retail, vintage-specific",ws_vintage,2026-09-15,0
giacomo fenocchio barolo castellero|2011|750,Giacomo Fenocchio Barolo Castellero,2011,750,45,"Wine Enthusiast review-cited retail price, no full Wine-Searcher average found",ws_single_retailer,2026-09-15,0
giacomo fenocchio barolo castellero|2014|750,Giacomo Fenocchio Barolo Castellero,2014,750,,Insufficient data,insufficient,2026-09-15,0
giacomo fenocchio barolo villero|2003|750,Giacomo Fenocchio Barolo Villero,2003,750,,Insufficient data,insufficient,2026-09-15,0
giacomo fenocchio barolo villero|2005|750,Giacomo Fenocchio Barolo Villero,2005,750,255,"Wine-Searcher average retail, vintage-specific",ws_vintage,2026-09-15,0
giacomo fenocchio barolo villero|2010|750,Giacomo Fenocchio Barolo Villero,2010,750,46.87,"California retailer $46.87/750ml, vintage-specific (2010), 95pt Wine Enthusiast",ws_single_retailer,2026-09-28,0
giacomo fenocchio barolo villero|2013|750,Giacomo Fenocchio Barolo Villero,2013,750,83,"Wine-Searcher listed price, vintage-specific",ws_vintage,2026-09-16,0
giacomo fenocchio barolo villero|2015|750,Giacomo Fenocchio Barolo Villero,2015,750,89,"Wine-Searcher $89/750ml, vintage-specific (2015), 93pt",ws_vintage,2026-09-28,0
giacomo fenocchio dolcetto|2009|750,Giacomo Fenocchio Dolcetto,2009,750,20,"Wine-Searcher average retail, all-vintage (base bottling)",ws_allvintage,2026-09-16,0
gianfranco alessandria barolo san giovanni|1997|750,Gianfranco Alessandria Barolo San Giovanni,1997,750,,Insufficient data: no 1997 price; only current vintage retail (searched once),insufficient,2026-10-05,0
gianni brunelli brunello di montalcino|2015|750,Gianni Brunelli Brunello di Montalcino,2015,750,145,"Wine-Searcher average retail, vintage-specific",ws_vintage,2026-09-15,0
gianni brunelli brunello di montalcino|2016|750,Gianni Brunelli Brunello di Montalcino,2016,750,80,Estimate based on producer/appellation quality,estimate,2026-08-24,0
gianni brunelli brunello di montalcino|2018|1500,Gianni Brunelli Brunello di Montalcino,2018,1500,198,"Estimate based on producer/appellation quality, scaled to magnum",estimate,2026-08-24,0
gianni brunelli rosso di montalcino|2018|750,Gianni Brunelli Rosso di Montalcino,2018,750,45,"Wine-Searcher $45/750ml, 90pt (not clearly vintage-tied to 2018)",ws_allvintage,2026-09-28,0
gigognan chateauneuf du pape clos du roi|2003|750,Gigognan Chateauneuf du Pape Clos du Roi,2003,750,,Insufficient data,insufficient,2026-09-15,0
gil family estates touran garnacha|2018|750,Gil Family Estates Touran Garnacha,2018,750,135.0,Wine-Searcher average retail Bodegas Morca Touran Garnacha (Gil Family) $135/750ml US (enterwine EUR 94.50 for the 2018),ws_allvintage,2026-09-21,0
giovanna ciacci brunello di montalcino|2001|750,Giovanna Ciacci Brunello di Montalcino,2001,750,,"Insufficient data - name confusion with unrelated producer Ciacci Piccolomini, no confident match",insufficient,2026-09-15,0
giovanni canonica langhe nebbiolo|2016|750,Giovanni Canonica Langhe Nebbiolo,2016,750,100,"Wine-Searcher, general range cited in vintage-focused discussion",ws_allvintage,2026-08-24,0
giovanni manzone barolo bricat|2003|750,Giovanni Manzone Barolo Bricat,2003,750,75,Estimate based on producer/vineyard quality and vintage age,estimate,2026-08-24,0
giovanni manzone barolo castelletto|2012|750,Giovanni Manzone Barolo Castelletto,2012,750,52.51,"laywheeler.com, exact vintage match, GBP 41.35 converted at 1.27 USD/GBP",ws_vintage,2026-09-01,0
giovanni rocca barolo mosconi|2004|750,Giovanni Rocca Barolo Mosconi,2004,750,,Insufficient data: no 2004 price found (searched once),insufficient,2026-10-05,0
giuseppe e figlio mauro mascarello barbera d alba santo stefano di perno|2015|750,Giuseppe E Figlio (Mauro) Mascarello Barbera d'Alba Santo Stefano di Perno,2015,750,58,"Wine-Searcher average retail, vintage-specific",ws_vintage,2026-08-24,0
giuseppe e figlio mauro mascarello barolo monprivato|2019|750,Giuseppe E Figlio (Mauro) Mascarello Barolo Monprivato,2019,750,200,Estimate based on producer/cru quality,estimate,2026-08-24,0
giuseppe e figlio mauro mascarello barolo rocche villero in castiglione falletto|2019|750,Giuseppe E Figlio (Mauro) Mascarello Barolo Rocche Villero in Castiglione Falletto,2019,750,190,Estimate based on producer/cru quality,estimate,2026-08-24,0
giuseppe e figlio mauro mascarello barolo santo stefano di perno|2019|750,Giuseppe E Figlio (Mauro) Mascarello Barolo Santo Stefano di Perno,2019,750,207,"Wine-Searcher average retail, vintage-specific",ws_vintage,2026-08-24,0
giuseppe quintarelli rosso ca del merlo|2011|750,Giuseppe Quintarelli Rosso Ca Del Merlo,2011,750,133,"Wine-Searcher average retail, vintage-specific",ws_vintage,2026-09-15,0
giuseppe rinaldi barbera d alba|2018|750,Giuseppe Rinaldi Barbera d'Alba,2018,750,,"Insufficient data - searched, only EUR pricing found",insufficient,2026-10-05,0
giuseppe rinaldi barbera d alba|2019|750,Giuseppe Rinaldi Barbera d'Alba,2019,750,,"Insufficient data - searched, only EUR pricing found",insufficient,2026-10-05,0
giuseppe rinaldi dolcetto d alba|2019|750,Giuseppe Rinaldi Dolcetto d'Alba,2019,750,,"Insufficient data - searched, only EUR pricing found",insufficient,2026-10-05,0
giuseppe rinaldi vino rosso rosae|2017|750,Giuseppe Rinaldi Vino Rosso Rosae,2017,750,,"Insufficient data - searched, no Rosae price found",insufficient,2026-10-05,0
gonet medeville extra brut grand cru champ d alouette|2007|750,Gonet-Médeville Extra Brut Grand Cru Champ d'Alouette,2007,750,164.0,"Wine-Searcher average retail (ex-tax), vintage-specific 2007 page",ws_vintage,2026-09-21,0
gosset grande reserve|NV|1500,Gosset Grande Reserve,NV,1500,138.6,"Wine-Searcher NV 750ml average $63 x 2.2 magnum scaling; size mismatch, scaled not observed",ws_allvintage,2026-09-21,0
gounel lassalle premier cru esprit voyageur|NV|750,Gounel-Lassalle Premier Cru Esprit Voyageur,NV,750,71.0,Call Me Wine US Gounel-Lassalle Esprit Voyageur 1er Cru Brut Nature NV 750ml $71.00,ws_single_retailer,2026-10-05,0
gracia|2005|750,Gracia,2005,750,,"Insufficient data - searched, no 2005 price found",insufficient,2026-10-05,0
gracia|2009|750,Gracia,2009,750,,"Insufficient data - searched, price on request only",insufficient,2026-10-05,0
grattamacco bolgheri superiore grattamacco|2021|750,Grattamacco Bolgheri Superiore Grattamacco,2021,750,99.99,Zachys lists Grattamacco Bolgheri Superiore 2021 at $99.99 (case pricing $80-$82 elsewhere),ws_single_retailer,2026-09-21,0
grebet pere et fils domaine des rabichattes pouilly fume les loges|2023|750,Grebet Pere et Fils Domaine des Rabichattes Pouilly-Fume Les Loges,2023,750,,no exact cuvee/vintage retailer match found,insufficient,2026-09-01,0
guasti clemente barbaresco riserva|2000|750,Guasti Clemente Barbaresco Riserva,2000,750,20,"Single retailer listing (Wine.com, since sold out), vintage-specific",ws_single_retailer,2026-09-07,0
guffens heynen macon pierreclos premier jus de chavigne|2022|750,Guffens-Heynen Macon-Pierreclos Premier Jus de Chavigne,2022,750,,Insufficient data: only CAD/AUD/GBP prices (searched once),insufficient,2026-10-05,0
guidobono segretevigne extra brut|2018|750,Guidobono Segretevigne Extra Brut,2018,750,32,"Wine-Searcher, general average (not vintage-split)",ws_allvintage,2026-08-24,0
guillaume gilles cornas|2015|750,Guillaume Gilles Cornas,2015,750,80,"Wine-Searcher average price $80/750ml, vintage-specific (2015), 92pt",ws_vintage,2026-09-28,0
guillaume gilles cornas|2020|1500,Guillaume Gilles Cornas,2020,1500,246,"Wine-Searcher average retail, vintage-specific, scaled to magnum",ws_vintage,2026-08-24,0
guillaume gilles cornas|2021|750,Guillaume Gilles Cornas,2021,750,119,"Wine-Searcher average retail, vintage-specific",ws_vintage,2026-09-15,0
guy amiot et fils b g o bourgogne grand ordinaire chardonnay|2014|750,Guy Amiot et Fils B.G.O (Bourgogne Grand Ordinaire) Chardonnay,2014,750,,"No reliable price found: only an all-vintage average for Bourgogne Chardonnay, a different wine from the Grand Ordinaire bottling",insufficient,2026-09-21,0
guy amiot et fils chassagne montrachet les macherelles|2000|750,Guy Amiot et Fils Chassagne-Montrachet Les Macherelles,2000,750,,Insufficient data,insufficient,2026-09-15,0
hacienda monasterio ribera del duero|2007|750,Hacienda Monasterio Ribera del Duero,2007,750,45,"Wine-Searcher average retail, vintage-specific",ws_vintage,2026-09-15,0
harmand geoffroy gevrey chambertin en jouise|2017|750,Harmand-Geoffroy Gevrey-Chambertin En Jouise,2017,750,90,"Sage Society retail listing, 2017 vintage",ws_single_retailer,2026-08-24,0
haut carles|1994|750,Haut-Carles,1994,750,,Insufficient data,insufficient,2026-09-15,0
haut carles|1995|750,Haut-Carles,1995,750,,Insufficient data,insufficient,2026-09-15,0
haut carles|1996|750,Haut-Carles,1996,750,,Insufficient data,insufficient,2026-09-15,0
heidsieck and co monopole blue top brut|NV|750,Heidsieck & CO Monopole Blue Top Brut,NV,750,45.0,"Wine-Searcher average retail (ex-tax), NV Heidsieck & Co Monopole Blue Top Brut page",ws_allvintage,2026-09-21,0
helene perrot chablis fourchaume|2017|750,Hélène Perrot Chablis Fourchaume,2017,750,,Insufficient data,insufficient,2026-09-15,0
henri billiot and fils brut millesime|1996|750,Henri Billiot & Fils Brut Millésimé,1996,750,93,"Wine-Searcher average retail, all-vintage fallback (Millesime line; no 1996-specific figure surfaced)",ws_allvintage,2026-09-07,0
henri boillot puligny montrachet clos de la mouchere|2007|750,Henri Boillot Puligny-Montrachet Clos de la Mouchere,2007,750,39.24,"vinsetmillesimes.com, exact vintage match, EUR 36.00 converted at 1.09 USD/EUR",ws_vintage,2026-09-01,0
henri bourgeois chateaumeillant solissime|2012|750,Henri Bourgeois Chateaumeillant Solissime,2012,750,,Insufficient data: wine.com page found but no price shown (searched once),insufficient,2026-10-05,0
henri darnat meursault clos richemont|2006|750,Henri Darnat Meursault Clos Richemont,2006,750,165,"Wine-Searcher average retail, all-vintage",ws_allvintage,2026-09-15,0
henri et gilles remoriquet nuits st georges les saint georges|2005|750,Henri et Gilles Remoriquet Nuits-St.-Georges Les Saint-Georges,2005,750,64.0,Wine-Searcher average retail Remoriquet Nuits-St-Georges Les Saint-Georges $64/750ml (not tied to 2005),ws_allvintage,2026-09-21,0
henri et gilles remoriquet vosne romanee au dessus des malconsorts|2005|750,Henri et Gilles Remoriquet Vosne-Romanée Au-dessus des Malconsorts,2005,750,102.84,"idealwine.com auction result, exact vintage match; hammer+commission EUR 94.35 converted at 1.09 USD/EUR",auction,2026-09-01,0
henri giraud hommage a francois hemart brut|NV|750,Henri Giraud Hommage a François Hemart Brut,NV,750,74.99,"shop.klwines.com, NV exact match",ws_vintage,2026-09-01,0
henri jouan gevrey chambertin aux echezeaux vieilles vignes|2018|750,Henri Jouan Gevrey-Chambertin Aux Echezeaux Vieilles Vignes,2018,750,91,"Wine-Searcher average retail, vintage-specific",ws_vintage,2026-09-15,0
henri jouan morey st denis clos sorbe vieilles vignes|2019|750,Henri Jouan Morey-St.-Denis Clos Sorbe Vieilles Vignes,2019,750,,"Insufficient data - searched, no 2019 price found",insufficient,2026-10-05,0
henri jouan morey st denis clos sorbe vieilles vignes|2023|750,Henri Jouan Morey-St.-Denis Clos Sorbe Vieilles Vignes,2023,750,,"Insufficient data - searched, no 2023 price found",insufficient,2026-10-05,0
henri magnien gevrey chambertin les cazetiers|2021|750,Henri Magnien Gevrey-Chambertin Les Cazetiers,2021,750,180.0,"Adjacent vintages: 2022 Magnien Cazetiers $180 (2020 $188.95, 2023 $186.49); 2021 not found",ws_adjacent,2026-10-05,0
henri maire brut blanc de blancs|NV|750,Henri Maire Brut Blanc de Blancs,None,750,,"Stage 2: could not confirm exact cuvee match -- only 'Cremant du Jura Jurassique Brut' found, a different bottling",insufficient,2026-09-28,0
henri perrot minot chambolle musigny la combe d orveau|1993|750,Henri Perrot-Minot Chambolle Musigny La Combe d'Orveau,1993,750,,No reliable price found: no 1993 price at any source,insufficient,2026-09-21,0
henriot brut millesime rose|2012|750,Henriot Brut Millésimé Rosé,2012,750,87.95,"SommPicks (CA, ships to AZ) $87.95/750ml, vintage-specific (2012)",ws_single_retailer,2026-09-28,0
henriot souverain brut|NV|750,Henriot Souverain Brut,NV,750,58,"Wine-Searcher average retail, NV",ws_allvintage,2026-09-07,0
hippolyte reverdy sancerre rouge|2016|1500,Hippolyte Reverdy Sancerre Rouge,2016,1500,79.13,"stewswines.com 750ml listing $35.97 (vintage not shown on page), scaled x2.2 for 1.5L magnum per project convention",ws_adjacent,2026-09-01,0
hospices de nuits nuits st georges les st georges cuvee les sires de vergy|2012|750,Hospices de Nuits Nuits St. Georges Les St Georges Cuvée Les Sires De Vergy,2012,750,95.0,"terroirwinemerchants.com, exact vintage and format match",ws_vintage,2026-09-01,0
hubert lignier chambolle musigny les baudes|2014|750,Hubert Lignier Chambolle-Musigny Les Baudes,2014,750,224.34,Adjacent vintage: 2012 Lignier Les Baudes $224.34 Saratoga (2015 $239.78); 2014 not found,ws_adjacent,2026-10-05,0
hubert lignier chambolle musigny les bussieres|2016|750,Hubert Lignier Chambolle-Musigny Les Bussieres,2016,750,236,"Wine-Searcher average price $236/750ml, vintage-specific (2016), 90pt",ws_vintage,2026-09-28,0
hubert lignier morey st denis les chaffots|2016|750,Hubert Lignier Morey-St.-Denis Les Chaffots,2016,750,152,"Wine-Searcher average price (ex-tax) $152/750ml, vintage-specific (2016), 92pt",ws_vintage,2026-09-28,0
hubert lignier morey st denis tres girard|2015|750,Hubert Lignier Morey St. Denis Tres Girard,2015,750,86,"Wine-Searcher $86/750ml, 89pt (not clearly vintage-tied to 2015)",ws_allvintage,2026-09-28,0
hubert lignier morey st denis trilogie|2015|750,Hubert Lignier Morey St. Denis Trilogie,2015,750,114,"Wine-Searcher $114/750ml, vintage-specific (2015), 91pt",ws_vintage,2026-09-28,0
i greppi greppicaia|2004|750,I Greppi Greppicaia,2004,750,82,"Wine-Searcher average retail, all-vintage",ws_allvintage,2026-09-15,0
i paglieri roagna barbaresco albesani|2018|750,I Paglieri - Roagna Barbaresco Albesani,2018,750,175,Estimate based on sibling Roagna 2018 Barbaresco cru pricing,estimate,2026-08-24,0
i paglieri roagna barbaresco faset|2018|750,I Paglieri - Roagna Barbaresco Faset,2018,750,174,"Wine-Searcher average retail, vintage-specific",ws_vintage,2026-08-24,0
i paglieri roagna barbaresco gallina|2018|750,I Paglieri - Roagna Barbaresco Gallina,2018,750,175,Estimate based on sibling Roagna 2018 Barbaresco cru pricing,estimate,2026-08-24,0
i paglieri roagna barbaresco paje|2018|750,I Paglieri - Roagna Barbaresco Paje,2018,750,178,"Wine-Searcher average retail, vintage-specific",ws_vintage,2026-08-24,0
i paglieri roagna barolo e la pira|2018|750,I Paglieri - Roagna Barolo e La Pira,2018,750,378,"Wine-Searcher average retail, vintage-specific",ws_vintage,2026-08-24,0
icardi barolo parej|1997|750,Icardi Barolo Parej,1997,750,186,"Wine-Searcher average retail, vintage-specific",ws_vintage,2026-09-15,0
il marroneto rosso di montalcino ignaccio|2016|750,Il Marroneto Rosso di Montalcino Ignaccio,2016,750,55,"Wine-Searcher average retail, vintage-specific",ws_vintage,2026-09-15,0
il molino di grace gratius|2000|750,Il Molino di Grace Gratius,2000,750,72,"Wine-Searcher average price (ex-tax) $72/750ml, 89pt (not clearly vintage-tied to 2000)",ws_allvintage,2026-09-28,0
il poggione brunello di montalcino riserva|1999|750,Il Poggione Brunello di Montalcino Riserva,1999,750,,"Insufficient data - only this same auction's own listing price surfaced, no independent market source",insufficient,2026-09-15,0
il poggione brunello di montalcino riserva|2007|750,Il Poggione Brunello di Montalcino Riserva,2007,750,94,"Retailer listing (San Francisco, CA), vintage-specific",ws_single_retailer,2026-09-17,0
il poggione brunello di montalcino riserva|2019|750,Il Poggione Brunello di Montalcino Riserva,2019,750,129.99,Zachys lists Il Poggione Brunello Riserva Vigna Paganelli 2019 at $129.99 (single retailer),ws_single_retailer,2026-09-21,0
il poggione brunello di montalcino|2010|750,Il Poggione Brunello di Montalcino,2010,750,,"Insufficient data - searched, no vintage-specific price found",insufficient,2026-10-05,0
il poggione brunello di montalcino|2012|750,Il Poggione Brunello di Montalcino,2012,750,74,"Wine-Searcher average retail, vintage-specific",ws_vintage,2026-09-07,0
il poggione brunello di montalcino|2017|750,Il Poggione Brunello di Montalcino,2017,750,90.0,"Wine-Searcher average retail (ex-tax) $90, all-vintage average for Il Poggione Brunello di Montalcino; 2017 same cuvee, not vintage-tied",ws_allvintage,2026-09-21,0
il poggione brunello di montalcino|2018|750,Il Poggione Brunello di Montalcino,2018,750,89,"Wine-Searcher average price $89/750ml, vintage-specific (2018)",ws_vintage,2026-09-28,0
il poggione brunello di montalcino|2019|750,Il Poggione Brunello di Montalcino,2019,750,90.0,"Wine-Searcher average retail (ex-tax) $90, all-vintage average for Il Poggione Brunello di Montalcino; 2019 is a recent release of the same cuvee",ws_allvintage,2026-09-21,0
il poggione brunello di montalcino|2020|750,Il Poggione Brunello di Montalcino,2020,750,86,"Wine-Searcher average price $86/750ml, vintage-specific (2020)",ws_vintage,2026-09-28,0
initial de desmirail|2015|750,Initial de Desmirail,2015,750,,Insufficient data - Wine-Searcher explicitly shows no score or price for this vintage,insufficient,2026-09-15,0
isole e olena cepparello|1995|750,Isole e Olena Cepparello,1995,750,,"Insufficient data - only this same auction's own listing price surfaced, no independent market source",insufficient,2026-09-15,0
isole e olena cepparello|2007|750,Isole e Olena Cepparello,2007,750,,No reliable price found: conflicting single figures ($59.99 vs $110) for the 2007,insufficient,2026-09-21,0
isole e olena cepparello|2009|750,Isole e Olena Cepparello,2009,750,142,"Wine-Searcher average retail, vintage-specific",ws_vintage,2026-09-15,0
isole e olena cepparello|2012|750,Isole e Olena Cepparello,2012,750,,Insufficient data,insufficient,2026-09-15,0
isole e olena chianti classico gran selezione|2010|750,Isole e Olena Chianti Classico Gran Selezione,2010,750,321,"Wine-Searcher average price $321/750ml, vintage-specific (2010), 94pt",ws_vintage,2026-09-28,0
isole e olena chianti classico|2010|750,Isole e Olena Chianti Classico,2010,750,36,"Wine-Searcher average retail, vintage-specific",ws_vintage,2026-09-15,0
isole e olena chianti classico|2011|750,Isole e Olena Chianti Classico,2011,750,27,"Wine Enthusiast $27/750ml, vintage-specific (2011)",ws_vintage,2026-09-28,0
j a ferret pouilly fuisse les perrieres cuvee speciale tete de cru|2022|750,J.A. Ferret Pouilly Fuisse Les Perrieres Cuvee Speciale Tete de Cru,2022,750,49.99,"stationplazawine.com, exact vintage match",ws_vintage,2026-09-01,0
j coudray bizot puligny montrachet les combettes|2017|750,J. Coudray-Bizot Puligny-Montrachet Les Combettes,2017,750,,"Insufficient data - searched, only GBP case pricing found",insufficient,2026-10-05,0
j dumangin fils brut rose premier cru|2012|750,J. Dumangin Fils Brut Rose Premier Cru,2012,750,,no vintage-specific retailer data found (only NV bottling commonly listed),insufficient,2026-09-01,0
j dumangin fils brut rose premier cru|NV|750,J. Dumangin Fils Brut Rose Premier Cru,NV,750,,product page found but sold out with no price displayed,insufficient,2026-09-01,0
j dumangin fils ratafia champenois|NV|750,J. Dumangin Fils Ratafia Champenois,NV,750,,"retailer page returned an error, no price obtained",insufficient,2026-09-01,0
j lassalle brut special club|2012|750,J. Lassalle Brut Special Club,2012,750,117.0,Adjacent vintage: 2013 Lassalle Special Club $117 Bottle Barn (2012 AUD only),ws_adjacent,2026-10-05,0
jacquart brut millesime|2005|750,Jacquart Brut Millésimé,2005,750,,"Insufficient data - searched, results were Andre Jacquart (different producer)",insufficient,2026-10-05,0
jacquart brut mosaique|NV|750,Jacquart Brut Mosaique,NV,750,32,"Retailer listings, all-vintage",ws_allvintage,2026-09-15,0
jacques bavard saint romain sous le chateau|2017|750,Jacques Bavard Saint-Romain Sous Le Chateau,2017,750,,product page found but no price displayed,insufficient,2026-09-01,0
jacques carillon puligny montrachet|2023|750,Jacques Carillon Puligny-Montrachet,2023,750,125.0,Leon & Son $125 for 2023 Carillon Puligny-Montrachet 750ml,ws_single_retailer,2026-10-05,0
jacques copinet brut blanc de blancs chardonnay|NV|750,Jacques Copinet Brut Blanc de Blancs Chardonnay,NV,750,43,"Wine-Searcher average retail, NV (base Blanc de Blancs bottling)",ws_allvintage,2026-09-07,0
jacquesson and fils brut cuvee no 742 degorgement tardif|NV|750,Jacquesson & Fils Brut Cuvée No. 742 Degorgement Tardif,NV,750,,"Insufficient data - searched, only EUR pricing found",insufficient,2026-10-05,0
jacquesson and fils brut cuvee no 745|NV|750,Jacquesson & Fils Brut Cuvee No. 745,NV,750,,"Insufficient data - searched, no Cuvee 745 price found",insufficient,2026-10-05,0
jacquesson and fils extra brut cuvee 747|NV|750,Jacquesson & Fils Extra Brut Cuvee 747,NV,750,,"Insufficient data - searched, only CAD/EUR pricing found",insufficient,2026-10-05,0
jasmin cote rotie la giroflarie|2016|750,Jasmin Cote Rotie La Giroflarie,2016,750,60,"Wine-Searcher average retail, vintage-specific",ws_vintage,2026-08-24,0
jayer gilles bourgogne hautes cotes de beaune|2005|750,Jayer-Gilles Bourgogne Hautes-Côtes de Beaune,2005,750,69,"Wine-Searcher average retail, vintage-specific",ws_vintage,2026-09-15,0
jayer gilles bourgogne hautes cotes de nuits blanc|2014|1500,Jayer-Gilles Bourgogne Hautes-Côtes de Nuits Blanc,2014,1500,,"Insufficient data - only the separate Hautes-Cotes de Beaune Blanc bottling's price found, wrong appellation and format",insufficient,2026-09-15,0
jayer gilles bourgogne hautes cotes de nuits blanc|2014|750,Jayer-Gilles Bourgogne Hautes-Côtes de Nuits Blanc,2014,750,62,"Wine-Searcher average retail, all-vintage (basic bottling)",ws_allvintage,2026-09-17,0
jean baptiste souillard crozes hermitage les baties|2018|750,Jean-Baptiste Souillard Crozes-Hermitage Les Baties,2018,750,55,Estimate based on sibling Souillard Crozes-Hermitage cuvee pricing,estimate,2026-08-24,0
jean baptiste souillard crozes hermitage les habrards|2018|750,Jean-Baptiste Souillard Crozes-Hermitage Les Habrards,2018,750,54,"Wine-Searcher, general average (2018-specific pricing limited)",ws_allvintage,2026-08-24,0
jean baptiste souillard crozes hermitage tenay|2018|750,Jean-Baptiste Souillard Crozes-Hermitage Tenay,2018,750,59,"Wine-Searcher, general average",ws_allvintage,2026-08-24,0
jean baptiste souillard saint joseph|2018|750,Jean-Baptiste Souillard Saint-Joseph,2018,750,,Insufficient data,insufficient,2026-08-24,0
jean boillot and fils puligny montrachet clos de la mouchere|2002|750,Jean Boillot & Fils Puligny-Montrachet Clos de la Mouchere,2002,750,,No reliable price found: no 2002 price at any source,insufficient,2026-09-21,0
jean boillot and fils puligny montrachet les perrieres|2002|750,Jean Boillot & Fils Puligny-Montrachet Les Perrières,2002,750,,No reliable price found: no 2002 price at any source,insufficient,2026-09-21,0
jean charles fagot bourgogne cote d or les loueres|2022|750,Jean-Charles Fagot Bourgogne Côte d'Or Les Loueres,2022,750,,product page found but out of stock with no price displayed,insufficient,2026-09-01,0
jean claude ramonet bouzeron|2019|750,Jean-Claude Ramonet Bouzeron,2019,750,69.99,"Single retailer (Best of Wines, Los Angeles) via Wine-Searcher 2019 Domaine Ramonet Bouzeron listing, $69.99; search snippet, not independently corroborated",ws_single_retailer,2026-09-21,0
jean claude ramonet chassagne montrachet rouge|2022|750,Jean-Claude Ramonet Chassagne-Montrachet Rouge,2022,750,70,"Retailer listing (Plucky Wines), vintage-specific, no full Wine-Searcher average found",ws_single_retailer,2026-09-15,0
jean de la fontaine l eloquente|NV|750,Jean de la Fontaine L'Eloquente,NV,750,,Insufficient data: only CHF price (searched once),insufficient,2026-10-05,0
jean et sebastien dauvissat chablis les preuses|2017|750,Jean et Sebastien Dauvissat Chablis Les Preuses,2017,750,125,"Wine-Searcher average retail, vintage-specific",ws_vintage,2026-09-15,0
jean et sebastien dauvissat chablis les preuses|2018|750,Jean et Sebastien Dauvissat Chablis Les Preuses,2018,750,83,"Wine-Searcher average retail, vintage-specific",ws_vintage,2026-09-15,0
jean foillard morgon cote du py|2020|750,Jean Foillard Morgon Côte du Py,2020,750,67.0,"Wine-Searcher average retail (ex-tax), vintage-specific 2020 page",ws_vintage,2026-09-21,0
jean foillard morgon cote du py|2022|750,Jean Foillard Morgon Côte du Py,2022,750,45,"Wine-Searcher California listing $45/750ml, vintage-specific (2022)",ws_vintage,2026-09-28,0
jean foillard morgon cote du py|2023|1500,Jean Foillard Morgon Côte du Py,2023,1500,58.33,"Acker Merrall & Condit auction, case of 6 magnums $350 ($58.33/1.5L magnum), vintage-specific (2023), actual magnum pricing (not scaled)",ws_single_retailer,2026-09-28,0
jean foillard morgon cote du py|2023|750,Jean Foillard Morgon Côte du Py,2023,750,62,"Wine-Searcher average price (ex-tax) $62/750ml, vintage-specific (2023), 91pt",ws_vintage,2026-09-28,0
jean foillard morgon|2022|750,Jean Foillard Morgon,2022,750,23.95,US retailer $23.95 for 2022 Foillard Morgon (classique) 750ml (search snippet),ws_single_retailer,2026-10-05,0
jean francois protheau montagny les carlins|2018|750,Jean-Francois Protheau Montagny Les Carlins,2018,750,,no exact cuvee match found (other Protheau Montagny cuvees are different vineyards),insufficient,2026-09-01,0
jean grivot vosne romanee|2016|750,Jean Grivot Vosne Romanee,2016,750,105,Estimate based on producer/appellation reputation (Domaine Jean Grivot village-level Vosne-Romanee),estimate,2026-08-24,0
jean lionnet cornas cuvee rochepertuis|1999|750,Jean Lionnet Cornas Cuvee Rochepertuis,1999,750,174,"Wine-Searcher average retail, all-vintage",ws_allvintage,2026-09-15,0
jean louis chave saint joseph clos florentin|2020|750,Jean-Louis Chave Saint-Joseph Clos Florentin,2020,750,199.0,Thatchers Wine $199 (Sotheby's Wine $214) for 2020 Chave Clos Florentin 750ml,ws_single_retailer,2026-10-05,0
jean louis chave selection hermitage farconnet|2019|750,Jean-Louis Chave Selection Hermitage Farconnet,2019,750,83,"Wine-Searcher average retail, vintage-specific",ws_vintage,2026-09-15,0
jean louis chave selection mon coeur cotes du rhone|2000|750,Jean-Louis Chave Selection Mon Coeur Cotes du Rhone,2000,750,24,"Wine-Searcher average retail, all-vintage",ws_allvintage,2026-09-15,0
jean luc colombo cornas les mejeans|2001|750,Jean-Luc Colombo Cornas Les Mejeans,2001,750,50,"Estimate based on producer/appellation reputation (Colombo Cornas Les Mejeans, mature vintage)",estimate,2026-08-24,0
jean luc colombo cornas les ruchets|2015|750,Jean-Luc Colombo Cornas Les Ruchets,2015,750,98,"Wine-Searcher average retail, all-vintage fallback (no 2015-specific figure isolated)",ws_allvintage,2026-09-07,0
jean luc colombo cote rotie la divine|2004|750,Jean-Luc Colombo Cote Rotie La Divine,2004,750,60,"Estimate based on producer/appellation reputation (Colombo Cote Rotie La Divine, lighter 2004 vintage)",estimate,2026-08-24,0
jean luc dubois beaune bressandes reserve cuvee unique|1997|750,Jean-Luc Dubois Beaune Bressandes Reserve Cuvee Unique,1997,750,,Insufficient data,insufficient,2026-09-07,0
jean luc dubois chorey les beaune clos margot reserve cuvee unique vieilles vignes|1997|750,Jean-Luc Dubois Chorey-les-Beaune Clos Margot Reserve Cuvee Unique Vieilles Vignes,1997,750,,Insufficient data,insufficient,2026-09-07,0
jean luc dubois savigny les beaune picotins v v cuvee unique|2005|750,Jean-Luc Dubois Savigny Les Beaune Picotins V.V. Cuvee Unique,2005,750,,Insufficient data: no Jean-Luc Dubois price (only other producers) (searched once),insufficient,2026-10-05,0
jean marc boillot montagny 1er cru|2021|750,Jean-Marc Boillot Montagny 1er Cru,2021,750,53.0,"Wine-Searcher average retail (ex-tax), vintage-specific 2021 page (Domaine Jean-Marc Boillot Montagny 1er Cru)",ws_vintage,2026-09-21,0
jean marc boillot volnay pitures|2006|750,Jean-Marc Boillot Volnay Pitures,2006,750,108,"Wine-Searcher average retail, all-vintage average (vintage-specific price not shown in snippet)",ws_allvintage,2026-08-24,0
jean marc brocard chablis fourchaume|1996|750,Jean-Marc Brocard Chablis Fourchaume,1996,750,,Insufficient data: no 1996 Fourchaume price (searched once),insufficient,2026-10-05,0
jean marc pillot saint romain la periere|2016|750,Jean-Marc Pillot Saint-Romain La Periere,2016,750,40,Estimate based on producer/appellation reputation (Pillot Saint-Romain white Burgundy),estimate,2026-08-24,0
jean marc vincent santenay le beaurepaire rouge|2017|750,Jean-Marc Vincent Santenay Le Beaurepaire Rouge,2017,750,70.0,"shop.kermitlynch.com, exact vintage match",ws_vintage,2026-09-01,0
jean marc vincent santenay le beaurepaire rouge|2020|750,Jean-Marc Vincent Santenay Le Beaurepaire Rouge,2020,750,129.99,"zachys.com listing for 2021 vintage, our lot is 2020",ws_adjacent,2026-09-01,0
jean marc vincent santenay le beaurepaire rouge|2021|750,Jean-Marc Vincent Santenay Le Beaurepaire Rouge,2021,750,129.99,"zachys.com, exact vintage match, confirmed red/rouge",ws_vintage,2026-09-01,0
jean marc vincent santenay le beaurepaire rouge|2022|750,Jean-Marc Vincent Santenay Le Beaurepaire Rouge,2022,750,135.0,"morrellwine.com, exact vintage match",ws_vintage,2026-09-01,0
jean marc vincent santenay le beaurepaire rouge|2023|750,Jean-Marc Vincent Santenay Le Beaurepaire Rouge,2023,750,135.0,"morrellwine.com listing for 2022 vintage, our lot is 2023",ws_adjacent,2026-09-01,0
jean marc vincent santenay le passetemps|2017|750,Jean-Marc Vincent Santenay Le Passetemps,2017,750,,no retailer price found for this vintage,insufficient,2026-09-01,0
jean marc vincent santenay le passetemps|2020|750,Jean-Marc Vincent Santenay Le Passetemps,2020,750,108.0,"thatcherswine.com listing for 2022 vintage, our lot is 2020",ws_adjacent,2026-09-01,0
jean marc vincent santenay le passetemps|2021|750,Jean-Marc Vincent Santenay Le Passetemps,2021,750,108.0,"thatcherswine.com listing for 2022 vintage, our lot is 2021",ws_adjacent,2026-09-01,0
jean marc vincent santenay le passetemps|2022|750,Jean-Marc Vincent Santenay Le Passetemps,2022,750,108.0,"thatcherswine.com, exact vintage match",ws_vintage,2026-09-01,0
jean marc vincent santenay le passetemps|2023|750,Jean-Marc Vincent Santenay Le Passetemps,2023,750,108.0,"thatcherswine.com listing for 2022 vintage, our lot is 2023",ws_adjacent,2026-09-01,0
jean marc vincent santenay les gravieres|2015|750,Jean-Marc Vincent Santenay Les Gravieres,2015,750,,no retailer price found for this vintage,insufficient,2026-09-01,0
jean marc vincent santenay les gravieres|2016|750,Jean-Marc Vincent Santenay Les Gravieres,2016,750,,no retailer price found for this vintage,insufficient,2026-09-01,0
jean marc vincent santenay les gravieres|2017|750,Jean-Marc Vincent Santenay Les Gravieres,2017,750,,no retailer price found for this vintage,insufficient,2026-09-01,0
jean marc vincent santenay les gravieres|2018|750,Jean-Marc Vincent Santenay Les Gravieres,2018,750,,no retailer price found for this vintage,insufficient,2026-09-01,0
jean marc vincent santenay les gravieres|2019|750,Jean-Marc Vincent Santenay Les Gravieres,2019,750,,thewinesociety.com listing found but sold out with no price shown,insufficient,2026-09-01,0
jean marc vincent santenay les gravieres|2020|750,Jean-Marc Vincent Santenay Les Gravieres,2020,750,,farrvintners.com listing found but sold out with no price shown,insufficient,2026-09-01,0
jean marc vincent santenay les gravieres|2021|750,Jean-Marc Vincent Santenay Les Gravieres,2021,750,75.21,"idealwine.com price estimate, exact vintage match, EUR 69 converted at 1.09 USD/EUR",ws_vintage,2026-09-01,0
jean marc vincent santenay les gravieres|2022|750,Jean-Marc Vincent Santenay Les Gravieres,2022,750,75.21,"idealwine.com price estimate for 2021 vintage, our lot is 2022; EUR 69 converted at 1.09 USD/EUR",ws_adjacent,2026-09-01,0
jean marc vincent santenay les gravieres|2023|750,Jean-Marc Vincent Santenay Les Gravieres,2023,750,75.21,"idealwine.com price estimate for 2021 vintage, our lot is 2023; EUR 69 converted at 1.09 USD/EUR",ws_adjacent,2026-09-01,0
jean marc vincent santenay vieilles vignes|2018|750,Jean-Marc Vincent Santenay Vieilles Vignes,2018,750,79.99,"winelibrary.com, exact vintage match, regular/list price used (page also showed a $64.99 sale price)",ws_vintage,2026-09-01,0
jean maurice raffault chinon clos des capucins|2006|750,Jean Maurice Raffault Chinon Clos des Capucins,2006,750,,Insufficient data: only EUR Hachette guide price (searched once),insufficient,2026-10-05,0
jean michel gerin cote rotie champin seigneur|2000|750,Jean-Michel Gerin Cote Rotie Champin Seigneur,2000,750,76,"Wine-Searcher average retail, vintage-specific",ws_vintage,2026-09-15,0
jean michel guillon gevrey chambertin les crais|2018|750,Jean-Michel Guillon Gevrey-Chambertin Les Crais,2018,750,55,Estimate based on producer/appellation reputation (Guillon Gevrey-Chambertin village lieu-dit),estimate,2026-08-24,0
jean pascal and fils puligny montrachet les enseigneres|2017|750,Jean Pascal & Fils Puligny-Montrachet Les Enseignères,2017,750,88.99,ABC Fine Wine and Spirits lists Jean Pascal Puligny-Montrachet Les Enseigneres at $88.99 (MSRP $94.99); not vintage-confirmed,ws_single_retailer,2026-09-21,0
jean pascal and fils puligny montrachet|2017|750,Jean Pascal & Fils Puligny Montrachet,2017,750,67.99,ABC Fine Wine and Spirits lists Jean Pascal Puligny-Montrachet Blanc at $67.99 (Wine-Searcher all-vintage avg $99 is not used; conservative),ws_single_retailer,2026-09-21,0
jean philippe fichet bourgogne cote d or|2022|750,Jean-Philippe Fichet Bourgogne Côte d'Or,2022,750,44.99,Flatiron Wines SF 2022 Jean-Philippe Fichet Bourgogne Blanc Cote d'Or 750ml $44.99 (Somm Select $55.00; lower used),ws_single_retailer,2026-10-05,0
jean philippe fichet bourgogne cote d or|2023|750,Jean-Philippe Fichet Bourgogne Côte d'Or,2023,750,60,"Wine-Searcher $60/750ml, 88pt (Bourgogne Cote d'Or Blanc Vieilles Vignes bottling; not clearly vintage-tied)",ws_allvintage,2026-09-28,0
jean philippe fichet bourgogne rouge vieilles vignes|1999|750,Jean-Philippe Fichet Bourgogne Rouge Vieilles Vignes,1999,750,,Insufficient data,insufficient,2026-09-15,0
jean philippe fichet meursault les gruyaches|2018|750,Jean-Philippe Fichet Meursault Les Gruyaches,2018,750,104,"Wine-Searcher average retail, vintage-specific",ws_vintage,2026-09-15,0
jean pierre guyon chorey les beaune les bons ores|2021|750,Jean-Pierre Guyon Chorey-les-Beaune Les Bons Ores,2021,750,104,"Wine-Searcher, $104/750ml, vintage-specific (2021), 89pt",ws_vintage,2026-09-28,0
jean pierre guyon chorey les beaune les bons ores|2022|750,Jean-Pierre Guyon Chorey-les-Beaune Les Bons Ores,2022,750,96,"Wine-Searcher average retail, vintage-specific",ws_vintage,2026-09-15,0
jean pierre guyon savigny les beaune les peuillets|2022|750,Jean-Pierre Guyon Savigny-lès-Beaune Les Peuillets,2022,750,109,"Wine-Searcher average retail, vintage-specific",ws_vintage,2026-09-15,0
jean pierre moueix saint emilion|1990|750,Jean-Pierre Moueix Saint-Emilion,1990,750,40,Wine-Searcher average price ~$40/750ml across vintages (no 1990-specific figure),ws_allvintage,2026-09-28,0
jeaunaux robin brut fil de brume|NV|750,Jeaunaux-Robin Brut Fil de Brume,NV,750,,Insufficient data: only EUR prices (searched once),insufficient,2026-10-05,0
jessica litaud bourgogne aligote bg|2023|750,Jessica Litaud Bourgogne Aligote BG,2023,750,70,"Retailer listing, vintage-specific",ws_single_retailer,2026-09-17,0
jessica litaud macon fuisse|2023|750,Jessica Litaud Macon Fuisse,2023,750,49,"Wine-Searcher average retail, vintage-specific",ws_vintage,2026-09-15,0
jessica litaud pouilly fuisse la marechaude|2023|750,Jessica Litaud Pouilly-Fuisse La Maréchaude,2023,750,,"Insufficient data - searched, only CAD/GBP/AUD pricing found",insufficient,2026-10-05,0
jessica litaud pouilly fuisse le trio|2022|750,Jessica Litaud Pouilly-Fuisse Le Trio,2022,750,,Insufficient data,insufficient,2026-09-15,0
jessica litaud pouilly fuisse les crays|2023|750,Jessica Litaud Pouilly-Fuisse Les Crays,2023,750,,"Insufficient data - searched, only CAD/GBP/AUD pricing found",insufficient,2026-10-05,0
jessica litaud saint veran les pommards|2023|750,Jessica Litaud Saint Véran Les Pommards,2023,750,75,"Wine-Searcher average retail, vintage-specific",ws_vintage,2026-09-17,0
joan d anguera montsant finca l argata|2016|750,Joan D'Anguera Montsant Finca l'Argata,2016,750,36,"Wine-Searcher average price $36/750ml, vintage-specific (2016), 92pt",ws_vintage,2026-09-28,0
johnnes and company gevrey chambertin|2009|750,Johnnes and Company Gevrey-Chambertin,2009,750,,Insufficient data - producer not found on Wine-Searcher,insufficient,2026-09-15,0
jose dhondt brut rose de saignee|NV|750,Jose Dhondt Brut Rosé de Saignée,NV,750,,Insufficient data,insufficient,2026-09-15,0
joseph colin chassagne montrachet hereditas|2023|750,Joseph Colin Chassagne-Montrachet Hereditas,2023,750,99.99,"K&L Wines $99.99/750ml, vintage-specific (2023)",ws_vintage,2026-09-28,0
joseph colin chassagne montrachet vieilles vignes rouge|2021|750,Joseph Colin Chassagne-Montrachet Vieilles Vignes Rouge,2021,750,95,"Wine-Searcher average price (ex-tax) $95/750ml, vintage-specific (2021), 87pt",ws_vintage,2026-09-28,0
joseph colin chassagne montrachet vieilles vignes rouge|2022|750,Joseph Colin Chassagne-Montrachet Vieilles Vignes Rouge,2022,750,63,"Wine-Searcher average price $63/750ml, vintage-specific (2022)",ws_vintage,2026-09-28,0
joseph colin saint aubin les combes|2018|750,Joseph Colin Saint-Aubin Les Combes,2018,750,,No reliable price found: only a European price for the 2018,insufficient,2026-09-21,0
joseph drouhin beaune greves|2005|750,Joseph Drouhin Beaune Greves,2005,750,,"only 2015/2016 vintages found, gap too large to use as adjacent",insufficient,2026-09-01,0
joseph drouhin beaune greves|2015|750,Joseph Drouhin Beaune Greves,2015,750,89.98,"wine.com, exact vintage match (sold out but price displayed)",ws_vintage,2026-09-01,0
joseph drouhin chablis vaudesir|2006|750,Joseph Drouhin Chablis Vaudésir,2006,750,85,"Estimate based on producer/appellation reputation (Drouhin Chablis Grand Cru Vaudesir, mature vintage)",estimate,2026-08-24,0
joseph drouhin gevrey chambertin bel air|2015|750,Joseph Drouhin Gevrey-Chambertin Bel Air,2015,750,,"Stage 1: only the plain village Gevrey-Chambertin was priced ($63), not the Bel Air premier cru -- rejected as a cuvee mismatch",insufficient,2026-09-28,0
joseph drouhin puligny montrachet|2023|750,Joseph Drouhin Puligny-Montrachet,2023,750,130.0,"Wine-Searcher average retail (ex-tax), vintage-specific 2023 page",ws_vintage,2026-09-21,0
joseph faiveley clos st denis|2013|750,Joseph Faiveley Clos St. Denis,2013,750,266.64,"saratogawine.com, exact vintage match",ws_vintage,2026-09-01,0
joseph mellot pouilly fume le troncsec screwcap|2023|750,Joseph Mellot Pouilly-Fumé Le Troncsec (Screwcap),2023,750,38,"Wine-Searcher average retail, vintage-specific",ws_vintage,2026-09-07,0
joseph perrier brut blanc de blancs|NV|750,Joseph Perrier Brut Blanc de Blancs,NV,750,81.0,Wine-Searcher average retail (ex-tax) for Joseph Perrier Cuvee Royale Blanc de Blancs Brut NV (the house's only NV blanc de blancs; auction name omits Cuvee Royale),ws_allvintage,2026-09-21,0
joseph perrier brut cuvee royale blanc de blancs|NV|750,Joseph Perrier Brut Cuvee Royale Blanc de Blancs,NV,750,81.0,"Wine-Searcher average retail (ex-tax), NV Joseph Perrier Cuvee Royale Blanc de Blancs Brut page",ws_allvintage,2026-09-21,0
joseph perrier brut cuvee royale|2008|1500,Joseph Perrier Brut Cuvee Royale,2008,1500,143.0,Wine-Searcher 2008 Joseph Perrier Cuvee Royale Vintage Brut $65/750ml x 2.2 = $143 for a magnum (size mismatch: no observed magnum price),ws_vintage,2026-09-21,0
joseph perrier brut cuvee royale|NV|1500,Joseph Perrier Brut Cuvee Royale,NV,1500,102.99,Grand Cru Direct lists Joseph Perrier Cuvee Royale Brut NV magnum at $102.99 (observed magnum price single retailer),ws_single_retailer,2026-09-21,0
joseph perrier cuvee royale brut rose|NV|1500,Joseph Perrier Cuvee Royale Brut Rose,NV,1500,165.0,"Wine-Searcher NV 750ml average $75 x 2.2 magnum scaling; size mismatch, scaled not observed",ws_allvintage,2026-09-21,0
joseph perrier cuvee royale brut rose|NV|750,Joseph Perrier Cuvee Royale Brut Rose,NV,750,75.0,"Wine-Searcher average retail (ex-tax), NV Joseph Perrier Cuvee Royale Brut Rose page",ws_allvintage,2026-09-21,0
joseph perrier extra brut cuvee royale|2015|750,Joseph Perrier Extra Brut Cuvee Royale,2015,750,,No reliable price found: only a different cuvee (Brut not Extra Brut) surfaced,insufficient,2026-09-21,0
joseph perrier extra brut cuvee royale|2018|1500,Joseph Perrier Extra Brut Cuvee Royale,2018,1500,,No reliable price found: magnum Extra Brut 2018; no listing found,insufficient,2026-09-21,0
joseph perrier extra brut cuvee royale|2018|750,Joseph Perrier Extra Brut Cuvee Royale,2018,750,,No reliable price found: Extra Brut 2018 not matched to a priced listing (the Vintage Brut listing is a possibly different label),insufficient,2026-09-21,0
joseph roty bourgogne grand ordinaire|2010|750,Joseph Roty Bourgogne Grand Ordinaire,2010,750,,Insufficient data,insufficient,2026-09-15,0
jules desjourneys pouilly fuisse vignes de la cote|2019|750,Jules Desjourneys Pouilly-Fuisse Vignes de la Cote,2019,750,,"Insufficient data - searched, only GBP/CHF/EUR pricing found",insufficient,2026-10-05,0
jules desjourneys pouilly vinzelles|2019|750,Jules Desjourneys Pouilly-Vinzelles,2019,750,,Insufficient data: only CHF/GBP and other-vintage prices (searched once),insufficient,2026-10-05,0
julien baillard chablis fourchaume|2020|750,Julien Baillard Chablis Fourchaume,2020,750,,could not confirm price for this specific premier cru cuvee (only a different base Chablis cuvee found),insufficient,2026-09-01,0
julien denby brut reserve|NV|750,Julien Denby Brut Reserve,NV,750,,Insufficient data: no listing found (searched once),insufficient,2026-10-05,0
julien pilon cote rotie la porchette|2012|750,Julien Pilon Côte-Rôtie La Porchette,2012,750,,"Insufficient data - searched, only other vintages found",insufficient,2026-10-05,0
julien schaal riesling sommerberg granite|2017|750,Julien Schaal Riesling Sommerberg Granite,2017,750,,"Insufficient data - searched, only GBP pricing found",insufficient,2026-10-05,0
krug brut|1996|750,Krug Brut,1996,750,675.0,"Bottle Barn $675 in stock (Chambers St $700, Acker $749, JJB $695; Wine Decider avg $763) for Krug Brut 1996 750ml",ws_vintage,2026-10-05,0
l aubry fils le nombre d or campanae veteres vites sable blanc des blancs|2014|750,L. Aubry Fils Le Nombre d'Or Campanae Veteres Vites Sablé Blanc des Blancs,2014,750,54.0,Wine-Searcher average retail 2014 L. Aubry Le Nombre d'Or Campanae Veteres Vites $54/750ml (Gomer's $59.98),ws_vintage,2026-09-21,0
l esprit de chevalier blanc|2012|750,L'Esprit de Chevalier Blanc,2012,750,,no direct retailer price found,insufficient,2026-09-01,0
la cartuja priorat|2016|750,La Cartuja Priorat,2016,750,23,"Wine-Searcher average retail, vintage-specific",ws_vintage,2026-09-15,0
la clarte de haut brion|2022|750,La Clarte De Haut Brion,2022,750,135.0,"Wine-Searcher average retail (ex-tax), vintage-specific 2022 page",ws_vintage,2026-09-21,0
la clarte de haut brion|2023|750,La Clarte De Haut Brion,2023,750,120.0,"Wine-Searcher average retail (ex-tax), vintage-specific 2023 page",ws_vintage,2026-09-21,0
la closerie des eyrins|2020|750,La Closerie des Eyrins,2020,750,49.99,"flaskfinewines.com, exact vintage match",ws_vintage,2026-09-01,0
la combarbia vino nobile di montepulciano riserva|2019|750,La Combàrbia Vino Nobile di Montepulciano Riserva,2019,750,,Insufficient data,insufficient,2026-09-15,0
la combarbia vino nobile di montepulciano|2016|750,La Combàrbia Vino Nobile di Montepulciano,2016,750,,Insufficient data,insufficient,2026-09-15,0
la combarbia vino nobile di montepulciano|2020|750,La Combàrbia Vino Nobile di Montepulciano,2020,750,,Insufficient data,insufficient,2026-09-15,0
la croix de beaucaillou|2014|750,La Croix de Beaucaillou,2014,750,63.0,Wine-Searcher average retail 2014 Chateau Ducru-Beaucaillou La Croix de Beaucaillou $63/750ml,ws_vintage,2026-09-21,0
la croix de beaucaillou|2019|750,La Croix de Beaucaillou,2019,750,49.99,"wine.com, exact vintage match (sold out but price displayed)",ws_vintage,2026-09-01,0
la dame de montrose|2018|750,La Dame de Montrose,2018,750,58.0,Wine-Searcher average retail 2018 La Dame de Montrose $58/750ml (Saratoga $51.90 JJ Buckley $49.94),ws_vintage,2026-09-21,0
la dame de montrose|2022|750,La Dame de Montrose,2022,750,,no reliable price found (zachys candidate page did not resolve to a priced product),insufficient,2026-09-01,0
la fortuna brunello di montalcino|2010|750,La Fortuna Brunello di Montalcino,2010,750,70,"Wine-Searcher average retail, vintage-specific",ws_vintage,2026-09-17,0
la gerla brunello di montalcino la pieve|2019|750,La Gerla Brunello di Montalcino La Pieve,2019,750,90,"Wine-Searcher average retail, vintage-specific",ws_vintage,2026-09-07,0
la gerla brunello di montalcino|2010|750,La Gerla Brunello di Montalcino,2010,750,65,"Wine-Searcher average retail, vintage-specific",ws_vintage,2026-09-17,0
la gerla brunello di montalcino|2012|750,La Gerla Brunello di Montalcino,2012,750,51.95,"Wine-Searcher listing $51.95/750ml, vintage-specific (2012)",ws_vintage,2026-09-28,0
la gravette de certan|2016|750,La Gravette de Certan,2016,750,91,"Wine-Searcher average price (ex-tax) $91/750ml, vintage-specific (2016); Zachys/Saratoga $73-85",ws_vintage,2026-09-28,0
la massa chianti classico giorgio primo|1999|1500,La Massa Chianti Classico Giorgio Primo,1999,1500,194,"Wine-Searcher average retail, vintage-specific (750ml x 2.2 scaled to magnum)",ws_vintage,2026-09-17,0
la poderina brunello di montalcino|1999|1500,La Poderina Brunello di Montalcino,1999,1500,,Insufficient data: no 1999 1.5L price found (searched once),insufficient,2026-10-05,0
la reserve de leoville barton|2020|750,La Reserve de Leoville Barton,2020,750,,no reliable price found (saratogawine.com page found but out of stock with no price shown),insufficient,2026-09-01,0
la rioja alta gran reserva 904 seleccion especial|2015|750,La Rioja Alta Gran Reserva 904 Seleccion Especial,2015,750,108.0,"Wine-Searcher average retail (ex-tax), vintage-specific 2015 page (904 Seleccion Especial)",ws_vintage,2026-09-21,0
la rioja alta gran reserva 904|2004|750,La Rioja Alta Gran Reserva 904,2004,750,138,"Wine-Searcher average price ~$138/750ml, vintage-specific (2004); one retailer outlier at $59.99",ws_vintage,2026-09-28,0
la rioja alta gran reserva 904|2007|750,La Rioja Alta Gran Reserva 904,2007,750,135,"Wine-Searcher, ~$135/750ml, vintage-specific (2007), 93pt WS / 97pt JS",ws_vintage,2026-09-28,0
la rioja alta gran reserva 904|2010|750,La Rioja Alta Gran Reserva 904,2010,750,79.9,"Tribeca Wine Merchants (NYC), case of 4, $79.90/750ml, vintage-specific (2010)",ws_single_retailer,2026-09-28,0
la rioja alta gran reserva 904|2011|750,La Rioja Alta Gran Reserva 904,2011,750,112,"Wine-Searcher average price $112/750ml, vintage-specific (2011) (a second figure of $93 tied to a 94pt rating also appeared)",ws_vintage,2026-09-28,0
la rioja alta gran reserva 904|2016|750,La Rioja Alta Gran Reserva 904,2016,750,115.0,"Wine-Searcher average retail (ex-tax), vintage-specific 2016 page",ws_vintage,2026-09-21,0
la rioja alta vina ardanza rioja reserva|2001|750,La Rioja Alta Vina Ardanza Rioja Reserva,2001,750,321,"Wine-Searcher average price (ex-tax) $321/750ml, vintage-specific (2001) -- 2001 is a declared Reserva Especial vintage (only 3rd ever after 1964/1973)",ws_vintage,2026-09-28,0
la rioja alta vina ardanza rioja reserva|2007|750,La Rioja Alta Vina Ardanza Rioja Reserva,2007,750,46,"Wine-Searcher average price (ex-tax) $46/750ml, vintage-specific (2007)",ws_vintage,2026-09-28,0
la rioja alta vina ardanza rioja reserva|2008|750,La Rioja Alta Vina Ardanza Rioja Reserva,2008,750,46,"Wine-Searcher average price (USA) $46/750ml, vintage-specific (2008)",ws_vintage,2026-09-28,0
la rioja alta vina ardanza rioja reserva|2015|750,La Rioja Alta Vina Ardanza Rioja Reserva,2015,750,48.0,"Wine-Searcher average retail (ex-tax), vintage-specific 2015 page",ws_vintage,2026-09-21,0
la rogerie famille petit boxler grand cru la grande vie|NV|750,La Rogerie (Famille Petit-Boxler) Grand Cru La Grande Vie,NV,750,87,"Wine-Searcher average retail, all-vintage (EUR80 converted to USD)",ws_allvintage,2026-09-15,0
la rogerie famille petit boxler grand cru le bourg sud|NV|750,La Rogerie (Famille Petit-Boxler) Grand Cru Le Bourg Sud,NV,750,160,"US retailers (Crush Wine & Spirits, Tribeca Wine Merchants) $144.95-$184/750ml, midpoint used",ws_vintage,2026-09-28,0
la scolca gavi la scolca d antan|2008|750,La Scolca Gavi La Scolca d'Antan,2008,750,109.97,Flask Fine Wine $109.97 (Delectable avg $80) for 2008 La Scolca Gavi d'Antan 750ml,ws_single_retailer,2026-10-05,0
la spinetta barbaresco gallina|1997|750,La Spinetta Barbaresco Gallina,1997,750,,"Insufficient data - searched, only other vintages found",insufficient,2026-10-05,0
la spinetta barbaresco gallina|2017|750,La Spinetta Barbaresco Gallina,2017,750,137,"Wine-Searcher $137/750ml, vintage-specific (2017), 92pt, Vursu Vigneto Gallina",ws_vintage,2026-09-28,0
la versa oltrepo pavese collezione brut metodo classico|NV|750,La Versa Oltrepò Pavese Collezione Brut Metodo Classico,NV,750,,Insufficient data,insufficient,2026-09-15,0
laboure roi corton charlemagne|1995|750,Laboure-Roi Corton-Charlemagne,1995,750,,"Stage 2: only current-release pricing (~$192) found, not usable for 1995",insufficient,2026-09-28,0
laleure piot corton bressandes|1981|750,Laleure-Piot Corton Bressandes,1981,750,,Insufficient data,insufficient,2026-08-24,0
lallier ouvrage eleve sous liege|NV|750,Lallier Ouvrage Elevè Sous Liège,NV,750,182,"Wine-Searcher average retail, NV Grand Cru Extra Brut",ws_allvintage,2026-09-07,0
lanson brut green label|NV|750,Lanson Brut Green Label,NV,750,65.93,Midway Wine and Liquor lists Lanson Green Label Organic Brut NV at $65.93 (US retailers $65.93-$85.11); lowest US retailer used,ws_single_retailer,2026-09-21,0
lanson brut rose|NV|750,Lanson Brut Rosé,NV,750,70,"Wine-Searcher average retail, all-vintage",ws_allvintage,2026-09-15,0
larmandier bernier latitude|NV|750,Larmandier-Bernier Latitude,NV,750,82,Wine-Searcher average retail,ws_vintage,2026-08-24,0
larose de gruaud|2006|750,Larose de Gruaud,2006,750,46,"Wine-Searcher average retail, vintage-specific (marketed historically as Sarget de Gruaud-Larose)",ws_vintage,2026-09-15,0
larose de gruaud|2009|750,Larose de Gruaud,2009,750,,Insufficient data - could not isolate a confident price for this specific label among several related Gruaud-Larose listings,insufficient,2026-09-15,0
laurent perrier brut cuvee rose reserve|NV|750,Laurent-Perrier Brut Cuvee Rosé Reserve,NV,750,95.0,Pogo's Wine $95 (Lunds & Byerlys $104.99) for Laurent-Perrier Cuvee Rose NV 750ml,ws_single_retailer,2026-10-05,0
laurent perrier brut la cuvee|NV|1500,Laurent-Perrier Brut La Cuvee,NV,1500,147.4,"Wine-Searcher NV 750ml average $67 x 2.2 magnum scaling; size mismatch, scaled not observed",ws_allvintage,2026-09-21,0
laurent perrier brut la cuvee|NV|750,Laurent-Perrier Brut La Cuvee,NV,750,67.0,"Wine-Searcher average retail (ex-tax), NV Laurent-Perrier La Cuvee Brut page",ws_allvintage,2026-09-21,0
laurent perrier cuvee rose brut|NV|750,Laurent-Perrier Cuvee Rose Brut,NV,750,73.0,Timeless Wines lists Laurent-Perrier Cuvee Rose Brut NV at $73.00 (other US retailers $79.99-$109.99); lowest retailer used,ws_single_retailer,2026-09-21,0
laurent perrier cuvee ultra brut|NV|750,Laurent-Perrier Cuvee Ultra Brut,NV,750,88,"Wine-Searcher average retail, all-vintage",ws_allvintage,2026-09-15,0
laurent thibault brut tradition|NV|1500,Laurent Thibault Brut Tradition,NV,1500,,no reliable price found before search budget exhausted,insufficient,2026-09-01,0
le brun de neuville cote blanche|NV|750,Le Brun de Neuville Cote Blanche,NV,750,,Insufficient data: only AUD price found (searched once),insufficient,2026-10-05,0
le carillon de l angelus|2018|750,Le Carillon de l'Angelus,2018,750,,"Insufficient data - searched, conflicting quotes",insufficient,2026-10-05,0
le charme de cos labory|2015|750,Le Charme de Cos Labory,2015,750,,Insufficient data,insufficient,2026-09-15,0
le chemin du roi brut rose|NV|750,Le Chemin du Roi Brut Rosé,NV,750,311,Wine-Searcher average retail,ws_vintage,2026-08-24,0
le chemin du roi brut|NV|375,Le Chemin du Roi Brut,NV,375,79.94,"saratogawine.com, NV exact match, exact 375ml format",ws_vintage,2026-09-01,0
le dome|2011|750,Le Dome,2011,750,119.0,Laguna Cellar $119 (out of stock) for 2011 Le Dome 750ml,ws_single_retailer,2026-10-05,0
le gode brunello di montalcino|2007|750,Le Gode Brunello di Montalcino,2007,750,89.99,"Cellar.com $89.99/750ml, vintage-specific (2007)",ws_vintage,2026-09-28,0
le piane boca|2008|750,Le Piane Boca,2008,750,87,"Wine-Searcher average retail, vintage-specific",ws_vintage,2026-09-07,0
le pupille saffredi|1997|750,Le Pupille Saffredi,1997,750,,"Insufficient data - searched, no USD price found",insufficient,2026-10-05,0
le pupille saffredi|1999|750,Le Pupille Saffredi,1999,750,,"Insufficient data - searched, no USD price found",insufficient,2026-10-05,0
le ragnaie brunello di montalcino fornace|2013|750,Le Ragnaie Brunello di Montalcino Fornace,2013,750,144,"Wine-Searcher average price (ex-tax) $144/750ml, 92pt (not clearly vintage-tied to 2013)",ws_allvintage,2026-09-28,0
le ragnaie brunello di montalcino vv|2013|750,Le Ragnaie Brunello di Montalcino VV,2013,750,130,"Wine-Searcher average price (ex-tax) $130/750ml, vintage-specific (2013), 93pt",ws_vintage,2026-09-28,0
le ragnaie brunello di montalcino|2016|750,Le Ragnaie Brunello di Montalcino,2016,750,114.0,Wine-Searcher average retail 2016 Le Ragnaie Brunello di Montalcino $114/750ml (retailers $68.99-$84.99 so avg is at the high end),ws_vintage,2026-09-21,0
le vieux donjon chateauneuf du pape|1999|750,Le Vieux Donjon Châteauneuf-du-Pape,1999,750,125,"Wine-Searcher average retail, vintage-specific",ws_vintage,2026-09-15,0
le vieux donjon chateauneuf du pape|2005|750,Le Vieux Donjon Châteauneuf-du-Pape,2005,750,109.99,"wine.com, exact vintage match (sold out but price displayed)",ws_vintage,2026-09-01,0
le vieux donjon chateauneuf du pape|2008|1500,Le Vieux Donjon Châteauneuf-du-Pape,2008,1500,165,"Wine-Searcher average retail (all-vintage average), scaled to magnum",ws_allvintage,2026-08-24,0
le vieux donjon chateauneuf du pape|2009|750,Le Vieux Donjon Châteauneuf-du-Pape,2009,750,49,"Wine-Searcher average retail, vintage-specific",ws_vintage,2026-08-24,0
le vieux donjon chateauneuf du pape|2010|750,Le Vieux Donjon Châteauneuf-du-Pape,2010,750,75,"Wine-Searcher average retail, vintage-specific",ws_vintage,2026-08-24,0
le vieux donjon chateauneuf du pape|2015|1500,Le Vieux Donjon Châteauneuf-du-Pape,2015,1500,140.8,"Wine-Searcher average price $64/750ml, vintage-specific (2015), scaled x2.2 for 1.5L magnum format",ws_vintage,2026-09-28,0
le vieux donjon chateauneuf du pape|2015|750,Le Vieux Donjon Châteauneuf-du-Pape,2015,750,71,"Wine-Searcher average retail, vintage-specific",ws_vintage,2026-08-24,0
le vieux donjon chateauneuf du pape|2016|1500,Le Vieux Donjon Châteauneuf-du-Pape,2016,1500,165,"Wine-Searcher average retail, vintage-specific, scaled to magnum",ws_vintage,2026-08-24,0
le vieux donjon chateauneuf du pape|2016|750,Le Vieux Donjon Châteauneuf-du-Pape,2016,750,75,"Wine-Searcher average retail, vintage-specific",ws_vintage,2026-08-24,0
le vieux donjon chateauneuf du pape|2017|1500,Le Vieux Donjon Châteauneuf-du-Pape,2017,1500,156.2,"Wine-Searcher average retail, vintage-specific, scaled to magnum",ws_vintage,2026-08-24,0
le vieux donjon chateauneuf du pape|2017|750,Le Vieux Donjon Châteauneuf-du-Pape,2017,750,71,"Wine-Searcher average retail, vintage-specific",ws_vintage,2026-08-24,0
le vieux donjon chateauneuf du pape|2019|1500,Le Vieux Donjon Châteauneuf-du-Pape,2019,1500,169.4,"Wine-Searcher average retail, vintage-specific (750ml base scaled to magnum)",ws_vintage,2026-08-24,0
le vieux donjon chateauneuf du pape|2019|750,Le Vieux Donjon Châteauneuf-du-Pape,2019,750,77,"Wine-Searcher average retail, vintage-specific",ws_vintage,2026-08-24,0
le vieux donjon chateauneuf du pape|2020|1500,Le Vieux Donjon Châteauneuf-du-Pape,2020,1500,147.4,"Wine-Searcher average retail, vintage-specific (750ml base scaled to magnum)",ws_vintage,2026-08-24,0
le vieux donjon chateauneuf du pape|2021|750,Le Vieux Donjon Châteauneuf-du-Pape,2021,750,66,"Wine-Searcher average retail, vintage-specific",ws_vintage,2026-08-24,0
lecci e brocchi chianti classico|2014|750,Lecci e Brocchi Chianti Classico,2014,750,32.99,Flatiron Wines NYC 2013 Lecci e Brocchi Chianti Classico 750ml $32.99; 2014 not listed; adjacent-vintage substitution,ws_adjacent,2026-10-05,0
les cailloux brunel chateauneuf de pape|1996|750,Les Cailloux (Brunel) Chateauneuf de Pape,1996,750,,No reliable price found: no 1996 price at any source,insufficient,2026-09-21,0
les cailloux brunel chateauneuf de pape|1998|750,Les Cailloux (Brunel) Chateauneuf de Pape,1998,750,,No reliable price found: only a single unnamed $60 listing for the 1998,insufficient,2026-09-21,0
les cailloux brunel chateauneuf de pape|2005|750,Les Cailloux (Brunel) Chateauneuf de Pape,2005,750,114,"Wine-Searcher average retail, vintage-specific",ws_vintage,2026-09-15,0
les cailloux brunel chateauneuf de pape|2007|750,Les Cailloux (Brunel) Chateauneuf de Pape,2007,750,133.0,"Wine-Searcher average retail (ex-tax), vintage-specific 2007 page (Lucien et Andre Brunel Les Cailloux)",ws_vintage,2026-09-21,0
les delices de la ferme aperitif du pays manceau la milessiane|NV|700,Les Delices de la Ferme Aperitif du pays Manceau La Milessiane,NV,700,,no reliable price found (retailer page hides price behind interaction),insufficient,2026-09-01,0
les fiefs de lagrange|2005|750,Les Fiefs de Lagrange,2005,750,,"Insufficient data - searched, only an auction estimate found",insufficient,2026-10-05,0
les hauts de pez|2015|750,Les Hauts De Pez,2015,750,,Insufficient data,insufficient,2026-09-15,0
les hauts de smith blanc|2020|750,Les Hauts De Smith Blanc,2020,750,57.0,"Wine-Searcher average retail (ex-tax), vintage-specific 2020 page",ws_vintage,2026-09-21,0
les heritiers du comte lafon macon milly lamartine|2003|750,Les Heritiers du Comte Lafon Mâcon-Milly-Lamartine,2003,750,39,"Wine-Searcher average retail, all-vintage fallback (no 2003-specific figure surfaced)",ws_allvintage,2026-09-07,0
les heritiers du comte lafon vire clesse|2009|750,Les Heritiers du Comte Lafon Viré-Clessé,2009,750,45,"Wine-Searcher market range estimate ($40-50), all-vintage",ws_allvintage,2026-09-15,0
les horees beaune les prevolles|2022|750,Les Horées Beaune Les Prevolles,2022,750,,"Insufficient data - searched, only EUR auction estimates found",insufficient,2026-10-05,0
les pagodes de cos|2019|750,Les Pagodes de Cos,2019,750,,"Insufficient data - searched, conflicting quotes of unclear vintage",insufficient,2026-10-05,0
les pelerins de lafon rochet|2015|750,Les Pelerins de Lafon-Rochet,2015,750,,no reliable price found (millesima-usa.com page found but out of stock with no price shown),insufficient,2026-09-01,0
les petits lieux bourgogne chardonnay|2023|750,Les Petits Lieux Bourgogne Chardonnay,2023,750,,Insufficient data,insufficient,2026-09-15,0
les petits lieux bourgogne rouge|2023|750,Les Petits Lieux Bourgogne Rouge,2023,750,,Insufficient data,insufficient,2026-09-15,0
les petits lieux nuits saint georges aux bousselots|2023|750,Les Petits Lieux Nuits-Saint-Georges Aux Bousselots,2023,750,,Insufficient data,insufficient,2026-09-15,0
les petits lieux saint romain la combe bazin|2023|750,Les Petits Lieux Saint-Romain La Combe Bazin,2023,750,,Insufficient data,insufficient,2026-09-15,0
les petits lieux santenay clos faubard|2023|750,Les Petits Lieux Santenay Clos Faubard,2023,750,87,"Wine-Searcher average retail, vintage-specific",ws_vintage,2026-09-15,0
les plantiers du haut brion|1991|750,Les Plantiers du Haut-Brion,1991,750,,Insufficient data - only an unsourced EUR100 estimate found,insufficient,2026-09-15,0
librandi gravello|1998|1500,Librandi Gravello,1998,1500,,Insufficient data,insufficient,2026-09-15,0
lisini brunello di montalcino|2009|1500,Lisini Brunello di Montalcino,2009,1500,204.6,"James Suckling listed average price (ex-tax) $93 for 2009 Lisini Brunello 750ml, scaled x2.2 for 1.5L magnum (size mismatch; not an observed magnum price)",ws_vintage,2026-10-05,0
lisini brunello di montalcino|2019|1500,Lisini Brunello di Montalcino,2019,1500,131.98,"Wine Factor (San Diego, CA) $59.99/750ml bottle, scaled x2.2 for 1.5L magnum format (source priced standard bottles, size mismatch noted)",ws_single_retailer,2026-09-28,0
lombard and cie extra brut|NV|750,Lombard & Cie Extra Brut,NV,750,54,"Wine-Searcher average retail, NV Premier Cru Extra Brut",ws_allvintage,2026-09-07,0
lopez de heredia rioja vina bosconia reserva|2004|750,Lopez de Heredia Rioja Vina Bosconia Reserva,2004,750,210,"Wine-Searcher average price $210/750ml, vintage-specific (2004)",ws_vintage,2026-09-28,0
lopez de heredia rioja vina bosconia reserva|2005|750,Lopez de Heredia Rioja Vina Bosconia Reserva,2005,750,40,"Wine-Searcher/retailer range $30-50/750ml across vintages, midpoint used, not clearly 2005-specific",ws_allvintage,2026-09-28,0
lopez de heredia rioja vina bosconia reserva|2006|750,Lopez de Heredia Rioja Vina Bosconia Reserva,2006,750,40,"Wine-Searcher/retailer range $30-50/750ml across vintages, midpoint used, not clearly 2006-specific",ws_allvintage,2026-09-28,0
lopez de heredia rioja vina bosconia reserva|2007|750,Lopez de Heredia Rioja Vina Bosconia Reserva,2007,750,40,"Wine-Searcher/retailer range $30-50/750ml across vintages, midpoint used, not clearly 2007-specific",ws_allvintage,2026-09-28,0
lopez de heredia rioja vina bosconia reserva|2008|750,Lopez de Heredia Rioja Vina Bosconia Reserva,2008,750,50,"Wine-Searcher average price $50/750ml, vintage-specific (2008)",ws_vintage,2026-09-28,0
lopez de heredia rioja vina bosconia reserva|2009|750,Lopez de Heredia Rioja Vina Bosconia Reserva,2009,750,36.99,"Zachys Wine & Liquor $36.99/750ml, vintage-specific (2009)",ws_vintage,2026-09-28,0
lopez de heredia rioja vina tondonia gran reserva rosado|2011|750,Lopez de Heredia Rioja Vina Tondonia Gran Reserva Rosado,2011,750,151,"Wine-Searcher average retail, vintage-specific",ws_vintage,2026-08-24,0
lopez de heredia rioja vina tondonia reserva|2001|750,Lopez de Heredia Rioja Vina Tondonia Reserva,2001,750,145,"Wine-Searcher average retail, vintage-specific",ws_vintage,2026-09-07,0
lopez de heredia rioja vina tondonia reserva|2005|750,Lopez de Heredia Rioja Vina Tondonia Reserva,2005,750,68,"Wine-Searcher average price $68/750ml across vintages, not clearly 2005-specific",ws_allvintage,2026-09-28,0
lopez de heredia rioja vina tondonia reserva|2008|750,Lopez de Heredia Rioja Vina Tondonia Reserva,2008,750,,Insufficient data,insufficient,2026-09-15,0
lopez de heredia rioja vina tondonia reserva|2010|750,Lopez de Heredia Rioja Vina Tondonia Reserva,2010,750,68,"Wine-Searcher average price $68/750ml across vintages, not clearly 2010-specific",ws_allvintage,2026-09-28,0
lopez de heredia rioja vina tondonia reserva|2012|750,Lopez de Heredia Rioja Vina Tondonia Reserva,2012,750,65.0,"Wine-Searcher average retail (ex-tax), vintage-specific 2012 page (Vina Tondonia Reserva red)",ws_vintage,2026-09-21,0
lopez de heredia rioja vina tondonia reserva|2013|750,Lopez de Heredia Rioja Vina Tondonia Reserva,2013,750,74.99,"Retailer listing $74.99/750ml, vintage-specific (2013)",ws_vintage,2026-09-28,0
louis affre corton charlemagne|2004|750,Louis Affre Corton-Charlemagne,2004,750,,No reliable price found: no Louis Affre Corton-Charlemagne listing found at all,insufficient,2026-09-21,0
louis bernard chateauneuf du pape|2001|750,Louis Bernard Châteauneuf-du-Pape,2001,750,32,"Wine-Searcher average retail, vintage-specific",ws_vintage,2026-09-07,0
louis billard chambolle musigny|2023|750,Louis Billard Chambolle-Musigny,2023,750,,Insufficient data,insufficient,2026-09-15,0
louis billard pommard les fremiers|2023|750,Louis Billard Pommard Les Fremiers,2023,750,232,"Wine-Searcher average retail, vintage-specific",ws_vintage,2026-09-15,0
louis billard vosne romanee|2023|750,Louis Billard Vosne-Romanée,2023,750,142,"Wine-Searcher average retail, adjacent-vintage (2022 substituted for 2023)",ws_adjacent,2026-09-17,0
louis boillot and fils beaune les epenottes|2009|750,Louis Boillot & Fils Beaune Les Epenottes,2009,750,,No reliable price found: no 2009 price (backordered listing shows none),insufficient,2026-09-21,0
louis boillot and fils beaune les epenottes|2017|750,Louis Boillot & Fils Beaune Les Epenottes,2017,750,58,"Wine-Searcher, ~$54-$62/750ml range, 89pt, midpoint used",ws_allvintage,2026-09-28,0
louis boillot and fils gevrey chambertin les champonnet|2006|750,Louis Boillot & Fils Gevrey-Chambertin Les Champonnet,2006,750,,No reliable price found: conflicting figures (all-vintage avg $148 vs current retail $112); no 2006 price,insufficient,2026-09-21,0
louis boillot and fils volnay les angles|2020|750,Louis Boillot & Fils Volnay Les Angles,2020,750,90.0,Wine-Searcher 2020 vintage price (Domaine Louis Boillot Volnay Les Angles); all-vintage avg $99,ws_vintage,2026-09-21,0
louis chenu savigny les beaune les saucours|2021|750,Louis Chenu Savigny-les-Beaune Les Saucours,2021,750,,Insufficient data,insufficient,2026-08-24,0
louis claude desvignes morgon javernieres aux pierres|2023|750,Louis Claude Desvignes Morgon Javernières Aux Pierres,2023,750,35,"Wine-Searcher average retail, vintage-specific",ws_vintage,2026-09-17,0
louis jadot beaune premier cru celebration|2009|750,Louis Jadot Beaune Premier Cru Celebration,2009,750,127,"Wine-Searcher average retail, vintage-specific (150th Anniversary cuvee)",ws_vintage,2026-09-07,0
louis jadot chablis|2022|750,Louis Jadot Chablis,2022,750,29.99,"wine.com, exact vintage match (out of stock but price displayed)",ws_vintage,2026-09-01,0
louis jadot chablis|2023|750,Louis Jadot Chablis,2023,750,29.99,"wine.com, exact vintage match (sold out but price displayed)",ws_vintage,2026-09-01,0
louis jadot chassagne montrachet les embazees|2016|750,Louis Jadot Chassagne-Montrachet Les Embazees,2016,750,,Insufficient data: no Jadot Les Embazees 2016 price (searched once),insufficient,2026-10-05,0
louis jadot domaine des heritiers beaune boucherottes|2020|750,Louis Jadot Domaine des Héritiers Beaune Boucherottes,2020,750,64.94,"jjbuckley.com, exact vintage match",ws_vintage,2026-09-01,0
louis jadot domaine des heritiers beaune bressandes|2010|750,Louis Jadot Domaine des Héritiers Beaune Bressandes,2010,750,132,"Wine-Searcher average price $132/750ml, vintage-specific (2010), 91pt",ws_vintage,2026-09-28,0
louis jadot domaine des heritiers beaune clos de couchereaux|2009|750,Louis Jadot Domaine des Héritiers Beaune Clos de Couchereaux,2009,750,,"Insufficient data - searched, no Couchereaux 2009 price found",insufficient,2026-10-05,0
louis jadot domaine des heritiers beaune clos des ursules|1994|750,Louis Jadot Domaine des Héritiers Beaune Clos des Ursules,1994,750,,Insufficient data,insufficient,2026-09-15,0
louis jadot domaine des heritiers beaune clos des ursules|1995|750,Louis Jadot Domaine des Héritiers Beaune Clos des Ursules,1995,750,150,"Wally's Wine & Spirits $150/750ml, vintage-specific (1995)",ws_vintage,2026-09-28,0
louis jadot domaine des heritiers beaune clos des ursules|2005|750,Louis Jadot Domaine des Héritiers Beaune Clos des Ursules,2005,750,,Stage 2: no 2005-specific price found; only current-release average ($117),insufficient,2026-09-28,0
louis jadot domaine des heritiers corton pougets|1981|750,Louis Jadot Domaine des  Héritiers Corton Pougets,1981,750,,Insufficient data,insufficient,2026-08-24,0
louis jadot domaine des heritiers corton pougets|1997|750,Louis Jadot Domaine des  Héritiers Corton Pougets,1997,750,337.65,"Aabalat Fine & Rare Wines (Petaluma, CA) $337.65/750ml, vintage-specific (1997)",ws_single_retailer,2026-09-28,0
louis jadot domaine des heritiers corton pougets|2002|750,Louis Jadot Domaine des  Héritiers Corton Pougets,2002,750,,"candidate retailer page timed out, no other price found",insufficient,2026-09-01,0
louis jadot domaine des heritiers corton pougets|2015|750,Louis Jadot Domaine des  Héritiers Corton Pougets,2015,750,165,"Wine-Searcher average retail, vintage-specific",ws_vintage,2026-08-24,0
louis jadot domaine des heritiers pernand vergelesses clos de la croix pierre rouge|2021|750,Louis Jadot Domaine des Héritiers Pernand Vergelesses Clos de la Croix Pierre Rouge,2021,750,62,"Wine-Searcher average retail, vintage-specific",ws_vintage,2026-09-07,0
louis jadot domaine gagey beaune cent vignes|2010|750,Louis Jadot Domaine Gagey Beaune Cent Vignes,2010,750,,no retailer price found for this vintage,insufficient,2026-09-01,0
louis jadot domaine gagey beaune greves les clos blanc|2020|750,Louis Jadot Domaine Gagey Beaune Greves Les Clos Blanc,2020,750,,saratogawine.com listing found but out of stock with no price shown,insufficient,2026-09-01,0
louis jadot domaine gagey beaune greves|2012|750,Louis Jadot Domaine Gagey Beaune Greves,2012,750,,no retailer price found for this vintage,insufficient,2026-09-01,0
louis jadot domaine gagey nuits st georges les boudots|2010|750,Louis Jadot Domaine Gagey Nuits St. Georges Les Boudots,2010,750,,"Insufficient data - searched, only an auction sale price and non-USD prices",insufficient,2026-10-05,0
louis jadot domaine gagey volnay chanlin|2012|750,Louis Jadot Domaine Gagey Volnay Chanlin,2012,750,99.0,"killervino.com, exact vintage match, regular price used (page also showed a $77.00 sale price)",ws_vintage,2026-09-01,0
louis jadot fleurie|1994|750,Louis Jadot Fleurie,1994,750,,Stage 2: no price figure found for 1994 vintage,insufficient,2026-09-28,0
louis jadot gevrey chambertin clos st jacques|2010|750,Louis Jadot Gevrey-Chambertin Clos St. Jacques,2010,750,317.88,Saratoga Wine $317.88 for 2010 Jadot Gevrey-Chambertin Clos St Jacques 750ml,ws_single_retailer,2026-10-05,0
louis jadot meursault les narvaux|2017|750,Louis Jadot Meursault Les Narvaux,2017,750,,"Insufficient data - searched, no Narvaux 2017 price found",insufficient,2026-10-05,0
louis jadot pommard clos de la commaraine|2017|750,Louis Jadot Pommard Clos de la Commaraine,2017,750,64,"Wine-Searcher average retail, all-vintage fallback (current retail runs $69-75)",ws_allvintage,2026-09-07,0
louis jadot pommard|2019|750,Louis Jadot Pommard,2019,750,85,"Wine-Searcher average retail, all-vintage fallback (village-level bottling; no 2019-specific figure surfaced)",ws_allvintage,2026-09-07,0
louis jadot puligny montrachet les caillerets|2020|750,Louis Jadot Puligny-Montrachet Les Caillerets,2020,750,,Stage 2: no price found for Les Caillerets specifically; only the unrelated Les Combettes cru priced ($219) -- rejected as cru mismatch,insufficient,2026-09-28,0
louis jadot puligny montrachet les perrieres|2002|750,Louis Jadot Puligny-Montrachet Les Perrières,2002,750,51.23,"idealwine.com auction result, exact vintage match; hammer+commission EUR 47 converted at 1.09 USD/EUR",auction,2026-09-01,0
louis jadot puligny montrachet les pucelles|2020|750,Louis Jadot Puligny Montrachet Les Pucelles,2020,750,221,"Wine-Searcher average price $221/750ml across vintages (2020 shows no listed price; 2019=$201, 2018=$249)",ws_allvintage,2026-09-28,0
louis jadot vosne romanee les suchots|2009|750,Louis Jadot Vosne-Romanée Les Suchots,2009,750,145.0,"wine.com, exact vintage match, regular price used (page also showed a sold-out $134.99 price)",ws_vintage,2026-09-01,0
louis latour beaune perrieres|2019|750,Louis Latour Beaune Perrières,2019,750,83.0,Wine-Searcher average retail Louis Latour Beaune 1er Cru Perrieres $83/750ml (not tied to 2019),ws_allvintage,2026-09-21,0
louis latour gevrey chambertin|1999|750,Louis Latour Gevrey Chambertin,1999,750,,No reliable price found: only current-vintage prices for the village Gevrey; no 1999 price,insufficient,2026-09-21,0
louis latour meursault|2016|750,Louis Latour Meursault,2016,750,105.0,"Wine-Searcher average retail (ex-tax), all-vintage average for Louis Latour Meursault village; 2016 same bottling, not vintage-tied",ws_allvintage,2026-09-21,0
louis latour meursault|2022|750,Louis Latour Meursault,2022,750,105.0,"Wine-Searcher average retail (ex-tax), all-vintage average for Louis Latour Meursault village; 2022 recent release (Wine.com CA lists $114.99)",ws_allvintage,2026-09-21,0
louis latour meursault|2024|750,Louis Latour Meursault,2024,750,90.0,"Wine-Searcher average retail (ex-tax), vintage-specific 2024 page",ws_vintage,2026-09-21,0
louis latour puligny montrachet truffieres|2005|750,Louis Latour Puligny Montrachet Truffieres,2005,750,,Insufficient data,insufficient,2026-09-15,0
louis michel chablis montee de tonnerre|2021|750,Louis Michel Chablis Montée de Tonnerre,2021,750,59.0,"Wine-Searcher average retail (ex-tax), all-vintage average for Domaine Louis Michel Montee de Tonnerre; 2021 recent release of same cuvee",ws_allvintage,2026-09-21,0
louis nicaise extra brut premier cru millesime|2011|750,Louis Nicaise Extra Brut Premier Cru Millesime,2011,750,,No reliable price found: no 2011 price (only 2016/2018 Extra Brut Millesime at $65-$66),insufficient,2026-09-21,0
louis remy chambolle musigny derriere la grange|2001|750,Louis Remy Chambolle-Musigny Derriere la Grange,2001,750,,"candidate page showed a 1985 vintage of a differently-sourced bottling, not a reliable match for our 2001 lot",insufficient,2026-09-01,0
louis roederer blanc de blancs|2009|750,Louis Roederer Blanc de Blancs,2009,750,121,"Wine-Searcher average retail, all-vintage fallback (Millesime line; no 2009-specific figure surfaced)",ws_allvintage,2026-09-07,0
louis roederer brut collection 243|NV|750,Louis Roederer Brut Collection 243,NV,750,73,"Wine-Searcher average retail, Collection 243 edition-specific",ws_vintage,2026-08-24,0
louis roederer brut collection|NV|750,Louis Roederer Brut Collection,NV,750,67,"Wine-Searcher average retail, all-edition average",ws_allvintage,2026-08-24,0
louis roederer brut premier|NV|750,Louis Roederer Brut Premier,NV,750,74,"Wine-Searcher average retail (USA), NV",ws_allvintage,2026-09-07,0
louis roederer brut vintage|2016|750,Louis Roederer Brut Vintage,2016,750,104,"Wine-Searcher average retail, vintage-specific",ws_vintage,2026-08-24,0
louis roederer cristal|1990|1500,Louis Roederer Cristal,1990,1500,1894.2,Wine Decider 1990 Cristal 750ml avg $861 scaled x2.2 for 1.5L magnum (size mismatch; not an observed magnum price),ws_vintage,2026-10-05,0
louis roederer|2009|750,Louis Roederer,2009,750,80,"Wine-Searcher average retail, vintage-specific (Vintage Brut)",ws_vintage,2026-09-07,0
luce della vite toscana luce|2021|750,Luce della Vite Toscana Luce,2021,750,99.95,Tarzana Wine & Spirits lists Luce 2021 (the flagship not Lucente) at $99.95 (single retailer),ws_single_retailer,2026-09-21,0
luce della vite toscana luce|2022|750,Luce della Vite Toscana Luce,2022,750,120.0,Wine-Searcher average retail Tenuta Luce Luce Toscana ~$120/750ml (not tied to 2022; the 2021 retails at $99.95),ws_allvintage,2026-09-21,0
lucia saint emilion|2005|750,Lucia (Saint-Emilion),2005,750,69.94,J.J. Buckley 2005 Lucia (St-Emilion) 750ml $69.94 (listed out of stock),ws_single_retailer,2026-10-05,0
luciano sandrone barbera d alba|2016|750,Luciano Sandrone Barbera d' Alba,2016,750,45,"Wine-Searcher-sourced average store price, not clearly vintage-dated",ws_allvintage,2026-08-24,0
luciano sandrone barolo aleste|2014|750,Luciano Sandrone Barolo Aleste,2014,750,275,"Wine-Searcher average retail, vintage-specific",ws_vintage,2026-08-24,0
luciano sandrone barolo aleste|2015|750,Luciano Sandrone Barolo Aleste,2015,750,150,"Wine-Searcher average price (ex-tax) $150/750ml, vintage-specific (2015)",ws_vintage,2026-09-28,0
luciano sandrone barolo aleste|2021|750,Luciano Sandrone Barolo Aleste,2021,750,159.0,"Wine-Searcher average retail (ex-tax), vintage-specific 2021 page (Aleste-Cannubi Boschis)",ws_vintage,2026-09-21,0
luciano sandrone barolo cannubi boschis|2008|750,Luciano Sandrone Barolo Cannubi Boschis,2008,750,166,"Wine-Searcher $166/750ml, vintage-specific (2008), 95pt (same bottling, renamed Aleste from 2013)",ws_vintage,2026-09-28,0
luciano sandrone barolo le vigne|2012|750,Luciano Sandrone Barolo Le Vigne,2012,750,124,"Wine-Searcher average retail, vintage-specific",ws_vintage,2026-08-24,0
luciano sandrone barolo le vigne|2013|750,Luciano Sandrone Barolo Le Vigne,2013,750,156,"Wine-Searcher average price (ex-tax) $156/750ml, vintage-specific (2013), 98pt",ws_vintage,2026-09-28,0
luciano sandrone barolo le vigne|2014|750,Luciano Sandrone Barolo Le Vigne,2014,750,124,"Wine-Searcher average retail, vintage-specific",ws_vintage,2026-08-24,0
luciano sandrone barolo le vigne|2015|750,Luciano Sandrone Barolo Le Vigne,2015,750,134,"Wine-Searcher average price $134/750ml, vintage-specific (2015), 95pt",ws_vintage,2026-09-28,0
luciano sandrone barolo le vigne|2017|750,Luciano Sandrone Barolo Le Vigne,2017,750,140.0,"Wine-Searcher average retail (ex-tax), vintage-specific 2017 page",ws_vintage,2026-09-21,0
luciano sandrone nebbiolo d alba valmaggiore|2004|750,Luciano Sandrone Nebbiolo d'Alba Valmaggiore,2004,750,,Insufficient data,insufficient,2026-09-15,0
lucien belland tremeau chassagne montrachet les embrazees|2019|750,Lucien Belland-Tremeau Chassagne-Montrachet Les Embrazées,2019,750,,No reliable price found: only a 2020 price ($77 Wine Spectator listing) and no 2019 retailer price,insufficient,2026-09-21,0
lucien boillot and fils gevrey chambertin les cherbaudes|2008|750,Lucien Boillot & Fils Gevrey-Chambertin Les Cherbaudes,2008,750,179,"Wine-Searcher average retail, vintage-specific",ws_vintage,2026-08-24,0
luigi baudana barolo baudana|2016|750,Luigi Baudana Barolo Baudana,2016,750,95,"Wine-Searcher average retail, vintage-specific",ws_vintage,2026-08-24,0
luigi baudana barolo cerretta|2018|750,Luigi Baudana Barolo Cerretta,2018,750,,"Insufficient data - searched, only AUD pricing found",insufficient,2026-10-05,0
luigi oddero barolo rocche rivera|2014|750,Luigi Oddero Barolo Rocche Rivera,2014,750,161.67,"Grand Cru Direct (California) $161.67/750ml, vintage-specific (2014)",ws_single_retailer,2026-09-28,0
luigi oddero barolo rocche rivera|2017|750,Luigi Oddero Barolo Rocche Rivera,2017,750,80,"Wine-Searcher average price (ex-tax) $80/750ml, vintage-specific (2017), 93pt",ws_vintage,2026-09-28,0
luigi pira barolo margheria|1997|750,Luigi Pira Barolo Margheria,1997,750,,"Insufficient data - searched, only GBP case pricing found",insufficient,2026-10-05,0
luigi pira barolo vigna marenca|2001|750,Luigi Pira Barolo Vigna  Marenca,2001,750,,No reliable price found: only a current-release average ($78); no 2001 price,insufficient,2026-09-21,0
luigi pira barolo vigna marenca|2008|1500,Luigi Pira Barolo Vigna  Marenca,2008,1500,,"Insufficient data - searched, only EUR 750ml price found",insufficient,2026-10-05,0
luigi righetti amarone della valpolicella classico capitel de roari|2020|750,Luigi Righetti Amarone della Valpolicella Classico Capitel de Roari,2020,750,,saratogawine.com listing found but out of stock with no reliable price shown,insufficient,2026-09-01,0
lupe cholet nuits st georges chateau gris|1983|750,Lupe-Cholet Nuits-St.-Georges Chateau Gris,1983,750,350.99,"Wine.com retail listing (historical, now sold out)",ws_single_retailer,2026-08-24,0
lupe cholet vosne romanee|1969|750,Lupe-Cholet Vosne Romanee,1969,750,,Stage 2: no price data for 1969; only modern releases ($94-103) found,insufficient,2026-09-28,0
luxor brut la boisson en or brut rose|NV|750,Luxor Brut La Boisson En Or Brut Rose,NV,750,252,"Wine-Searcher average retail, all-vintage",ws_allvintage,2026-09-15,0
luxor brut la boisson en or|NV|750,Luxor Brut La Boisson En Or,NV,750,190,"Wine-Searcher average retail, all-vintage (EUR174 converted to USD)",ws_allvintage,2026-09-15,0
m chapoutier chateauneuf du pape la bernardine|2022|750,M. Chapoutier Chateauneuf du Pape La Bernardine,2022,750,66.0,Wine-Searcher average retail M. Chapoutier CdP La Bernardine Rouge $66/750ml (Total Wine lists $64.99); lot name carries no colour - taken as the rouge,ws_allvintage,2026-09-21,0
m chapoutier cote rotie la mordoree|1993|750,M. Chapoutier Cote-Rotie La Mordoree,1993,750,161,"Wine-Searcher average retail, vintage-specific",ws_vintage,2026-08-24,0
m chapoutier cote rotie la mordoree|1994|750,M. Chapoutier Cote-Rotie La Mordoree,1994,750,202,"Wine-Searcher, vintage-specific average retail",ws_vintage,2026-08-24,0
m chapoutier cote rotie la mordoree|1995|750,M. Chapoutier Cote-Rotie La Mordoree,1995,750,202,"Wine-Searcher, adjacent vintage (1994) used",ws_adjacent,2026-08-24,0
m chapoutier cote rotie la mordoree|1998|750,M. Chapoutier Cote-Rotie La Mordoree,1998,750,204,"Wine-Searcher, all-vintage average",ws_allvintage,2026-08-24,0
m chapoutier cote rotie la mordoree|2003|750,M. Chapoutier Cote-Rotie La Mordoree,2003,750,333.54,"chapoutier.com official shop, exact vintage match (listed as no longer available but price shown); EUR 306.00 converted at 1.09 USD/EUR",ws_vintage,2026-09-01,0
m chapoutier domaine de bila haut occultum lapidem|2013|750,M. Chapoutier Domaine de Bila-Haut Occultum Lapidem,2013,750,35,"Wine-Searcher average retail, vintage-specific",ws_vintage,2026-09-07,0
m chapoutier ermitage cuvee de l oree blanc|1992|750,M. Chapoutier Ermitage Cuvee de l'Oree (Blanc),1992,750,,"Insufficient data - searched, no 1992 price found",insufficient,2026-10-05,0
m chapoutier hermitage la sizeranne|1996|750,M. Chapoutier Hermitage La Sizeranne,1996,750,,"Insufficient data - searched, no 1996 price found",insufficient,2026-10-05,0
m chapoutier hermitage la sizeranne|2005|750,M. Chapoutier Hermitage La Sizeranne,2005,750,108,"Wine-Searcher average retail, vintage-specific (aka 'Monier de la Sizeranne'; cross-source range $108-147)",ws_vintage,2026-09-07,0
m chapoutier hermitage la sizeranne|2015|1500,M. Chapoutier Hermitage La Sizeranne,2015,1500,323.4,"Wine-Searcher average price $147/750ml, vintage-specific (2015), scaled x2.2 for 1.5L magnum format",ws_vintage,2026-09-28,0
m haslinger and fils brut|NV|750,M. Haslinger & Fils Brut,NV,750,30,"Wine-Searcher average retail (USA), NV",ws_allvintage,2026-09-07,0
m hostomme extra brut perfect blanc de blancs|NV|750,M. Hostomme Extra Brut Perfect Blanc de Blancs,NV,750,,No reliable price found: no price displayed for the NV Perfect Extra Brut BdB,insufficient,2026-09-21,0
m marengo barolo bricco viole|2007|750,M. Marengo Barolo Bricco Viole,2007,750,,"Insufficient data - searched, no price found",insufficient,2026-10-05,0
m marengo barolo brunate|2004|750,M. Marengo Barolo Brunate,2004,750,,"Insufficient data - searched, no price found",insufficient,2026-10-05,0
m marengo barolo brunate|2015|750,M. Marengo Barolo Brunate,2015,750,61,"Wine-Searcher, vintage-specific average retail (ex-tax)",ws_vintage,2026-08-24,0
m marengo barolo vecchia vigna delle brunate|2008|750,M. Marengo Barolo Vecchia Vigna delle Brunate,2008,750,,"Insufficient data - searched, no price found",insufficient,2026-10-05,0
m marengo barolo|2016|750,M. Marengo Barolo,2016,750,50,"Wine-Searcher, vintage-specific average retail (ex-tax)",ws_vintage,2026-08-24,0
madame veuve point pommard 1er cru|2019|750,Madame Veuve Point Pommard 1er Cru,2019,750,85,"Wine-Searcher, $76-$95/750ml range, midpoint used (not clearly vintage-tied to 2019)",ws_allvintage,2026-09-28,0
madame zero blanc de blancs|NV|750,Madame Zéro Blanc de Blancs,NV,750,,no price displayed on retailer page,insufficient,2026-09-01,0
madame zero extra brut rose|NV|750,Madame Zéro Extra Brut Rosé,NV,750,,no reliable retailer price found,insufficient,2026-09-01,0
mailly brut reserve grand cru|NV|750,Mailly Brut Reserve Grand Cru,NV,750,101.99,"highlanderwine.com, NV exact match, regular price used (page also showed a $81.99 sale price)",ws_vintage,2026-09-01,0
maison denuziere cornas|2016|750,Maison Denuzière Cornas,2016,750,68,"Wine-Searcher average retail, vintage-specific ('En Sauman' bottling; exact cuvee match to plain 'Cornas' label uncertain)",ws_allvintage,2026-09-07,0
maison la berthaude chateauneuf du pape vignes centenaires reserve v v|2018|750,Maison la Berthaude Châteauneuf-du-Pape Vignes Centenaires Reserve V.V.,2018,750,65,Estimate based on producer/appellation/cuvee quality; no price surfaced in search,estimate,2026-08-24,0
maison les alexandrins crozes hermitage blanc|2019|750,Maison Les Alexandrins Crozes-Hermitage Blanc,2019,750,26,"Wine-Searcher, single-country retail listing (Switzerland, 23 CHF)",ws_single_retailer,2026-08-24,0
maison roche de bellene vosne romanee vieilles vignes|2018|750,Maison Roche de Bellene Vosne-Romanée Vieilles Vignes,2018,750,74.27,"SaratogaWine.com $74.27/750ml, vintage-specific (2018)",ws_vintage,2026-09-28,0
marc bonadieu cotes du rhone blanc|2024|750,Marc Bonadieu Cotes-du-Rhone Blanc,2024,750,,No reliable price found: no price displayed for the 2024,insufficient,2026-09-21,0
marc colin chassagne montrachet vieilles vignes rouge|2003|750,Marc Colin Chassagne-Montrachet Vieilles Vignes Rouge,2003,750,,Insufficient data,insufficient,2026-09-15,0
marc colin saint aubin 1er cru cuvee 5c|2021|750,Marc Colin Saint-Aubin 1er Cru Cuvee 5C,2021,750,85,"Wine-Searcher average retail, vintage-specific",ws_vintage,2026-09-15,0
marc hebrart premier cru mes favorites|NV|750,Marc Hebrart Premier Cru Mes Favorites,NV,750,68,"Retailer listing (Saratoga Wine), all-vintage",ws_single_retailer,2026-09-15,0
marcel lapierre morgon|2017|750,Marcel Lapierre Morgon,2017,750,39.0,"vervewine.com, exact vintage match",ws_vintage,2026-09-01,0
marcel servin chablis vaillons|2022|750,Marcel Servin Chablis Vaillons,2022,750,48.95,"marquis-wines.com listing for 2023 vintage, our lot is 2022; CAD 67.99 converted at 0.72 USD/CAD",ws_adjacent,2026-09-01,0
marchand grillot bourgogne grand ordinaire en bollery|2010|750,Marchand-Grillot Bourgogne Grand Ordinaire En Bollery,2010,750,30,"Wine-Searcher, adjacent/recent-vintage average",ws_adjacent,2026-08-24,0
marchand grillot gevrey chambertin en songe|2009|750,Marchand-Grillot Gevrey Chambertin En Songe,2009,750,,Insufficient data,insufficient,2026-08-24,0
marchand grillot gevrey chambertin petite chapelle|2009|750,Marchand-Grillot Gevrey-Chambertin Petite Chapelle,2009,750,157,"Wine-Searcher, all-vintage average (vintage not confirmed as 2009)",ws_allvintage,2026-08-24,0
marchand tawse clos saint denis|2016|750,Marchand-Tawse Clos Saint-Denis,2016,750,310,"Westgarth Wines (CA), case of 6, $310/750ml, vintage-specific (2016)",ws_single_retailer,2026-09-28,0
marchesato degli aleramici brunello di montalcino|2001|750,Marchesato Degli Aleramici Brunello di Montalcino,2001,750,70,"Wine-Searcher listed price, vintage-specific (base bottling)",ws_vintage,2026-09-15,0
marchesi antinori brunello di montalcino pian delle vigne|2020|750,Marchesi Antinori Brunello di Montalcino Pian delle Vigne,2020,750,66.0,Wine-Searcher price on the 2020 vintage page (all-vintage avg $82),ws_vintage,2026-09-21,0
marchesi antinori castello della sala cervaro della sala chardonnay|2020|750,Marchesi Antinori Castello della Sala Cervaro della Sala Chardonnay,2020,750,76,"Wine-Searcher, vintage-specific average retail (ex-tax)",ws_vintage,2026-08-24,0
marchesi antinori chianti classico badia a passignano gran selezione|2016|750,Marchesi Antinori Chianti Classico Badia a Passignano Gran Selezione,2016,750,64.0,"Wine-Searcher average retail (ex-tax), vintage-specific 2016 page",ws_vintage,2026-09-21,0
marchesi antinori chianti classico marchese antinori riserva|2003|1500,Marchesi Antinori Chianti Classico Marchese Antinori Riserva,2003,1500,,Insufficient data,insufficient,2026-08-24,0
marchesi antinori chianti classico peppoli|2007|750,Marchesi Antinori Chianti Classico Peppoli,2007,750,,Insufficient data,insufficient,2026-09-07,0
marchesi antinori guado al tasso|1997|750,Marchesi Antinori Guado Al Tasso,1997,750,266.7,"hedonism.co.uk, exact vintage match; GBP 210.00 converted at 1.27 USD/GBP",ws_vintage,2026-09-01,0
marchesi antinori guado al tasso|1998|750,Marchesi Antinori Guado Al Tasso,1998,750,98.1,"vinsetmillesimes.com, exact vintage match; EUR 90.00 converted at 1.09 USD/EUR",ws_vintage,2026-09-01,0
marchesi antinori guado al tasso|2019|750,Marchesi Antinori Guado Al Tasso,2019,750,171.0,"Wine-Searcher average retail (ex-tax), vintage-specific 2019 page (Tenuta Guado al Tasso Bolgheri Superiore)",ws_vintage,2026-09-21,0
marchesi antinori guado al tasso|2023|750,Marchesi Antinori Guado Al Tasso,2023,750,172,"Wine-Searcher average retail, vintage-specific (Bolgheri Superiore flagship)",ws_vintage,2026-09-07,0
marchesi antinori rosso di montalcino pian delle vigne|2023|750,Marchesi Antinori Rosso di Montalcino Pian delle Vigne,2023,750,35.0,"Wine-Searcher average retail (ex-tax), all-vintage average for Antinori Pian delle Vigne Rosso di Montalcino; 2023 recent release",ws_allvintage,2026-09-21,0
marchesi antinori tenuta guado al tasso il bruciato|2008|750,Marchesi Antinori Tenuta Guado Al Tasso IL Bruciato,2008,750,34,"Wine-Searcher average retail (California), vintage-specific",ws_vintage,2026-09-17,0
marchesi di barolo barolo cannubi|2019|750,Marchesi di Barolo Barolo Cannubi,2019,750,145.0,"Wine-Searcher average retail (ex-tax), all-vintage average for Marchesi di Barolo Cannubi; 2019 same cuvee, not vintage-tied",ws_allvintage,2026-09-21,0
marchesi di frescobaldi castelgiocondo brunello di montalcino riserva|2019|750,Marchesi di Frescobaldi Castelgiocondo Brunello di Montalcino Riserva,2019,750,122.0,Wine-Searcher average retail Castelgiocondo Brunello Riserva (Ripe al Convento) ~$122/750ml (Hi-Time lists the 2019 at $136.99); lot taken as that Riserva,ws_allvintage,2026-09-21,0
marchesi di frescobaldi castelgiocondo brunello di montalcino|1997|750,Marchesi di Frescobaldi Castelgiocondo Brunello di Montalcino,1997,750,120,"Retailer listing (wine.com), vintage-specific, confirmed base bottling not Riserva",ws_single_retailer,2026-09-15,0
marchesi di frescobaldi castelgiocondo brunello di montalcino|2020|750,Marchesi di Frescobaldi Castelgiocondo Brunello di Montalcino,2020,750,61,"Wine-Searcher average price (ex-tax) $61/750ml, vintage-specific (2020)",ws_vintage,2026-09-28,0
marchesi di frescobaldi castelgiocondo brunello di montalcino|2021|750,Marchesi di Frescobaldi Castelgiocondo Brunello di Montalcino,2021,750,77,Wine-Searcher average price $77/750ml (not clearly vintage-tied to 2021),ws_allvintage,2026-09-28,0
marguerite carillon chorey les beaune|2020|750,Marguerite Carillon Chorey-Les-Beaune,2020,750,,no retailer price found for this vintage,insufficient,2026-09-01,0
marguerite carillon corton les marechaudes|2017|750,Marguerite Carillon Corton Les Marechaudes,2017,750,41.14,"idealwine.com auction result for 2013 vintage, our lot is 2017; hammer+commission EUR 37.74 converted at 1.09 USD/EUR",auction,2026-09-01,0
marie et pierre benetiere vin de france cordeloux syrah|2015|750,Marie et Pierre Benetiere Vin de France Cordeloux Syrah,2015,750,142,"Wine-Searcher average retail (USA), vintage-specific",ws_vintage,2026-09-07,0
marion amarone della valpolicella corte lavel|2016|750,Marion Amarone della Valpolicella Corte Lavel,2016,750,,Stage 2: wine tracked on CellarTracker but no price figure found,insufficient,2026-09-28,0
marques de grinon dominio de valdepusa emeritus|1998|750,Marques De Grinon Dominio De Valdepusa Emeritus,1998,750,,Stage 2: no 1998-specific price found; only current-vintage average (EUR55-58),insufficient,2026-09-28,0
marques de murrieta ygay rioja blanco capellania|2019|750,Marques de Murrieta Ygay Rioja Blanco Capellania,2019,750,127.0,Wine-Searcher average retail 2019 Marques de Murrieta Capellania Rioja Blanco Reserva $127/750ml,ws_vintage,2026-09-21,0
marques de murrieta ygay rioja reserva|2015|750,Marques de Murrieta Ygay Rioja Reserva,2015,750,29.87,"bighammerwines.com, exact vintage and Reserva-tier match",ws_vintage,2026-09-01,0
marques de riscal rioja gran reserva 150 aniversario|2017|750,Marques de Riscal Rioja Gran Reserva 150 Aniversario,2017,750,112.0,"Wine-Searcher average retail (ex-tax), all-vintage average for Marques de Riscal 150th Aniversario Gran Reserva; 2017 same cuvee, not vintage-tied",ws_allvintage,2026-09-21,0
marques de riscal rioja|1975|750,Marques de Riscal Rioja,1975,750,,"Stage 2: no price data for 1975; only current Reserva/Gran Reserva pricing found, tier for 1975 unclear",insufficient,2026-09-28,0
marquis anselme mathieu chateauneuf du pape vignes centenaires|2004|750,Marquis Anselme Mathieu Chateauneuf du Pape Vignes Centenaires,2004,750,,Stage 2: 92pt rating found but no price figure returned,insufficient,2026-09-28,0
marquis d angerville pommard combes dessus|2018|750,Marquis d'Angerville Pommard Combes Dessus,2018,750,,"Insufficient data - searched, only EUR pricing found",insufficient,2026-10-05,0
marquis d angerville volnay champans|2013|750,Marquis d'Angerville Volnay Champans,2013,750,,"Insufficient data - searched, no 2013 price found",insufficient,2026-10-05,0
marquis d angerville volnay champans|2017|750,Marquis d'Angerville Volnay Champans,2017,750,230.0,Pogo's Wine $230 (out of stock) for 2017 Volnay Champans 750ml; single retailer,ws_single_retailer,2026-10-05,0
marquis d angerville volnay champans|2018|750,Marquis d'Angerville Volnay Champans,2018,750,172.89,California retailer $172.89 (another $185) for 2018 Volnay Champans 750ml,ws_single_retailer,2026-10-05,0
marquis d angerville volnay champans|2020|750,Marquis d'Angerville Volnay Champans,2020,750,,"Insufficient data - searched, only CAD price found",insufficient,2026-10-05,0
marquis d angerville volnay clos des angles|2019|750,Marquis d'Angerville Volnay Clos des Angles,2019,750,176.0,"Wine-Searcher average retail (ex-tax), all-vintage average for Marquis d'Angerville Volnay Clos des Angles; 2019 same cuvee, not vintage-tied",ws_allvintage,2026-09-21,0
marquis d angerville volnay clos des angles|2020|750,Marquis d'Angerville Volnay Clos des Angles,2020,750,125.0,Thatchers Wine $125 for 2020 Volnay 1er Cru Les Angles (listed as Les Angles; d'Angerville Clos des Angles); single retailer,ws_single_retailer,2026-10-05,0
marquis d angerville volnay fremiets|2018|750,Marquis d'Angerville Volnay Fremiets,2018,750,195.0,Retailer $195 for 2018 Volnay Fremiets 750ml (search snippet),ws_single_retailer,2026-10-05,0
marquis d angerville volnay fremiets|2019|750,Marquis d'Angerville Volnay Fremiets,2019,750,156.53,Saratoga Wine $156.53 (Verve Wine $175) for 2019 Volnay Fremiets 750ml,ws_single_retailer,2026-10-05,0
marquis d angerville volnay fremiets|2020|750,Marquis d'Angerville Volnay Fremiets,2020,750,169.0,Retailer $169 for 2020 Volnay Fremiets 750ml (search snippet),ws_single_retailer,2026-10-05,0
marquis d angerville volnay les caillerets|2012|750,Marquis d'Angerville Volnay Les Caillerets,2012,750,192.15,Saratoga Wine $192.15 for 2012 Volnay Caillerets 750ml,ws_single_retailer,2026-10-05,0
marquis d angerville volnay les caillerets|2020|750,Marquis d'Angerville Volnay Les Caillerets,2020,750,199.99,Cree Wine $199.99 (was $234.99; sold out) for 2020 Volnay Caillerets,ws_single_retailer,2026-10-05,0
marquis d angerville volnay premier cru|2012|750,Marquis d'Angerville Volnay Premier Cru,2012,750,,"Insufficient data - searched, no 2012 price found",insufficient,2026-10-05,0
marquis d angerville volnay premier cru|2020|750,Marquis d'Angerville Volnay Premier Cru,2020,750,129.95,Retailer $129.95 for 2020 Volnay Premier Cru 750ml (search snippet),ws_single_retailer,2026-10-05,0
marquis d angerville volnay taillepieds|2012|750,Marquis d'Angerville Volnay Taillepieds,2012,750,,"Insufficient data - searched, no 2012 price found",insufficient,2026-10-05,0
marquis d angerville volnay taillepieds|2019|750,Marquis d'Angerville Volnay Taillepieds,2019,750,,"Insufficient data - searched, only GBP case pricing found",insufficient,2026-10-05,0
marquis d angerville volnay taillepieds|2020|750,Marquis d'Angerville Volnay Taillepieds,2020,750,,"Insufficient data - searched, only GBP and an unattributed sale price",insufficient,2026-10-05,0
marquis d angerville volnay|2019|750,Marquis d'Angerville Volnay,2019,750,,"Insufficient data - searched, only EUR pricing found",insufficient,2026-10-05,0
marteaux guillaume cuvee le metisse|2018|750,Marteaux Guillaume Cuvee Le Metisse,2018,750,,"Insufficient data: no price found for Le Metisse 2018 (searched once, cluster query)",insufficient,2026-10-05,0
marteaux guillaume cuvee le metisse|NV|750,Marteaux Guillaume Cuvee Le Metisse,NV,750,,"Insufficient data: no price found for Le Metisse NV (searched once, cluster query)",insufficient,2026-10-05,0
martoccia di brunelli brunello di montalcino|2006|750,Martoccia Di Brunelli Brunello di Montalcino,2006,750,57.99,"K&L Wines $59.99 / Wine.com $55.99, vintage-specific (2006), average used",ws_vintage,2026-09-28,0
mas de daumas gassac moulin de gassac|2011|750,Mas de Daumas Gassac Moulin De Gassac,2011,750,14,"Wine-Searcher average retail, vintage-specific (basic negociant bottling)",ws_vintage,2026-09-17,0
mas doix costers de vinyes velles priorat|2007|750,Mas Doix Costers de Vinyes Velles Priorat,2007,750,181,"Wine-Searcher average retail, vintage-specific",ws_vintage,2026-09-07,0
mas martinet cami pesseroles|2021|750,Mas Martinet Cami Pesseroles,2021,750,117.0,"Wine-Searcher average USA retail, vintage-specific 2021 page (Wine.com lists $134.99)",ws_vintage,2026-09-21,0
mas martinet clos martinet priorat|2009|750,Mas Martinet Clos Martinet Priorat,2009,750,180,"Wine-Searcher average retail, vintage-specific",ws_vintage,2026-09-15,0
mas martinet clos martinet priorat|2017|750,Mas Martinet Clos Martinet Priorat,2017,750,87,"Wine Enthusiast $80 / Wine-Searcher $94, vintage-specific (2017), average used",ws_vintage,2026-09-28,0
mas martinet clos martinet priorat|2020|750,Mas Martinet Clos Martinet Priorat,2020,750,97.0,"Wine-Searcher average retail (ex-tax), vintage-specific 2020 page",ws_vintage,2026-09-21,0
mas martinet degustacio no 7|2009|750,Mas Martinet Degustacio No. 7,2009,750,,Insufficient data,insufficient,2026-09-15,0
masi costasera amarone della valpolicella classico riserva|2019|750,Masi Costasera Amarone della Valpolicella Classico Riserva,2019,750,69.0,Wine-Searcher average retail 2019 Masi Costasera Amarone Riserva $69/750ml (one retailer $85.99 sale from $110),ws_vintage,2026-09-21,0
masi costasera amarone della valpolicella classico|2017|750,Masi Costasera Amarone della Valpolicella Classico,2017,750,64.0,"Wine-Searcher average retail (ex-tax), vintage-specific 2017 page",ws_vintage,2026-09-21,0
masi costasera amarone della valpolicella classico|2018|750,Masi Costasera Amarone della Valpolicella Classico,2018,750,70.0,"Wine-Searcher average retail (ex-tax), vintage-specific 2018 page",ws_vintage,2026-09-21,0
masi costasera amarone della valpolicella classico|2019|750,Masi Costasera Amarone della Valpolicella Classico,2019,750,69.0,"Wine-Searcher average retail (ex-tax), vintage-specific 2019 page",ws_vintage,2026-09-21,0
masi costasera amarone della valpolicella classico|2020|750,Masi Costasera Amarone della Valpolicella Classico,2020,750,68.0,"Wine-Searcher average retail (ex-tax), vintage-specific 2020 page",ws_vintage,2026-09-21,0
massolino barolo parussi|2015|750,Massolino Barolo Parussi,2015,750,112,"Wine-Searcher average price $112/750ml, vintage-specific (2015), 93pt",ws_vintage,2026-09-28,0
massolino barolo serralunga d alba|2010|750,Massolino Barolo (Serralunga d'Alba),2010,750,48,"Retailer listing (wine.com), vintage-specific",ws_single_retailer,2026-09-15,0
massolino barolo vigna margheria|2015|750,Massolino Barolo Vigna Margheria,2015,750,111,"Wine-Searcher average price (ex-tax) $111/750ml, vintage-specific (2015)",ws_vintage,2026-09-28,0
massolino barolo vigna rionda riserva|1999|750,Massolino Barolo Vigna Rionda Riserva,1999,750,,Stage 2: 92pt rating found but no vintage-specific price; recent vintages range too wide ($158-326) to extrapolate,insufficient,2026-09-28,0
massolino langhe nebbiolo|2015|750,Massolino Langhe Nebbiolo,2015,750,34,"Wine-Searcher average price (ex-tax) $34/750ml, vintage-specific (2015)",ws_vintage,2026-09-28,0
mathilde et yves gangloff cote rotie la barbarine|2022|750,Mathilde et Yves Gangloff Cote Rotie La Barbarine,2022,750,248,"Retailer listing (Saratoga Wine), vintage-specific",ws_single_retailer,2026-09-15,0
maurice grumier extra brut o ma vallee blanc de noirs|NV|750,Maurice Grumier Extra Brut Ô ma Vallée Blanc de Noirs,NV,750,55.0,"wineaccess.com, NV exact match",ws_vintage,2026-09-01,0
mauro veglio barolo castelletto|2007|750,Mauro Veglio Barolo Castelletto,2007,750,,"Insufficient data - searched, no 2007 price found",insufficient,2026-10-05,0
mauro veglio barolo castelletto|2012|750,Mauro Veglio Barolo Castelletto,2012,750,69,"Wine-Searcher average retail, vintage-specific",ws_vintage,2026-09-07,0
mazzei siepi|2016|750,Mazzei Siepi,2016,750,110.5,"Wine-Searcher average price $109-$112/750ml, vintage-specific (2016)",ws_vintage,2026-09-28,0
michel and stephane ogier la rosine syrah|2011|750,Michel & Stéphane Ogier La Rosine Syrah,2011,750,,No reliable price found: only an all-vintage average ($32) for La Rosine; no 2011 price,insufficient,2026-09-21,0
michel arnould and fils rose grand cru|NV|750,Michel Arnould & Fils Rose Grand Cru,NV,750,59,"Wine-Searcher average retail, all-vintage (NV Grand Cru Rose)",ws_allvintage,2026-09-17,0
michel lafarge beaune clos des aigrots|2022|750,Michel Lafarge Beaune Clos des Aigrots,2022,750,119.95,"Sotheby's Wine $119.95 (Flatiron $129.99, Pogo's $142) for 2022 Lafarge Beaune Clos des Aigrots rouge 750ml",ws_single_retailer,2026-10-05,0
michele and patrice rion nuits st georges clos st marc|2013|750,Michele & Patrice Rion Nuits-St.-Georges Clos St. Marc,2013,750,114,"Wine-Searcher average price $114/750ml across vintages, not clearly 2013-specific",ws_allvintage,2026-09-28,0
michele reverdito barolo castagni|2009|750,Michele Reverdito Barolo Castagni,2009,750,,Insufficient data,insufficient,2026-09-15,0
mickael bourg cornas les p tits bouts|2022|750,Mickaël Bourg Cornas Les P'tits Bouts,2022,750,67.99,US retailer $67.99 for 2022 Bourg Cornas Les P'tits Bouts 750ml (search snippet),ws_single_retailer,2026-10-05,0
miguel torres mas la plana black label cabernet sauvignon|2017|750,Miguel Torres Mas La Plana Black Label Cabernet Sauvignon,2017,750,88.22,Case price $88.22/750ml for 2017 Torres Mas La Plana (SF Wine Trading lists single bottle $98.94); lower used,ws_single_retailer,2026-09-21,0
mocali brunello di montalcino riserva|2016|750,Mocali Brunello di Montalcino Riserva,2016,750,93.96,"Saratoga Wine Exchange (NY) $93.96/750ml, vintage-specific (2016)",ws_single_retailer,2026-09-28,0
moccagatta barbaresco basarin|1997|750,Moccagatta Barbaresco Basarin,1997,750,,"Insufficient data - searched, only recent vintages priced",insufficient,2026-10-05,0
moccagatta barbaresco bric balin|2012|750,Moccagatta Barbaresco Bric Balin,2012,750,68,"Wine-Searcher average price (ex-tax) $68/750ml, vintage-specific (2012), 90pt",ws_vintage,2026-09-28,0
moccagatta barbaresco bric balin|2016|750,Moccagatta Barbaresco Bric Balin,2016,750,65,"Wine-Searcher, vintage-specific average retail (ex-tax)",ws_vintage,2026-08-24,0
moccagatta barbaresco cole|1997|750,Moccagatta Barbaresco Cole,1997,750,,"Insufficient data - searched, only recent vintages priced",insufficient,2026-10-05,0
moccagatta barbaresco cole|1998|750,Moccagatta Barbaresco Cole,1998,750,,No reliable price found: no 1998 price at any source,insufficient,2026-09-21,0
moet et chandon brut imperial red limited edition|NV|750,Moet et Chandon Brut Impérial Red Limited Edition,NV,750,64.0,"Wine-Searcher average retail (ex-tax), NV Moet & Chandon Brut Imperial Red Limited Edition page",ws_allvintage,2026-09-21,0
moet et chandon brut imperial rose|NV|1500,Moet et Chandon Brut Imperial Rose,NV,1500,147.38,"totalwine.com 750ml listing $66.99, scaled x2.2 for 1.5L magnum per project convention",ws_adjacent,2026-09-01,0
moet et chandon brut imperial rose|NV|750,Moet et Chandon Brut Imperial Rose,NV,750,66.99,"totalwine.com, NV exact match",ws_vintage,2026-09-01,0
moet et chandon brut imperial|NV|1500,Moet et Chandon Brut Imperial,NV,1500,159.99,Wooden Cork $159.99 for Moet Brut Imperial NV 1.5L (typical US range $100-$190); single retailer,ws_single_retailer,2026-10-05,0
moet et chandon brut imperial|NV|3000,Moet et Chandon Brut Imperial,NV,3000,,"Insufficient data - searched, no 3L price found",insufficient,2026-10-05,0
moet et chandon brut imperial|NV|750,Moet et Chandon Brut Imperial,NV,750,49.99,"marketviewliquor.com, NV exact match",ws_vintage,2026-09-01,0
moet et chandon demi sec nectar imperial rose|NV|750,Moet et Chandon Demi-Sec Nectar Imperial Rose,NV,750,47.98,Universal Fine Wine and Spirits lists Moet Nectar Imperial Rose NV at $47.98 (US retailers $47.98-$58.29); lowest retailer used,ws_single_retailer,2026-09-21,0
moet et chandon dom perignon|2004|750,Moet et Chandon Dom Perignon,2004,750,259.94,J.J. Buckley / SFWTC $259.94 for 2004 Dom Perignon 750ml (WineBid sale price not used),ws_single_retailer,2026-10-05,0
moet et chandon grand vintage rose|2015|750,Moet et Chandon Grand Vintage Rose,2015,750,134,"Wine-Searcher average price $134/750ml, vintage-specific (2015), California",ws_vintage,2026-09-28,0
moet et chandon grand vintage|2012|750,Moet et Chandon Grand Vintage,2012,750,108,"Wine-Searcher, vintage-specific average retail (ex-tax)",ws_vintage,2026-08-24,0
moet et chandon grand vintage|2015|750,Moet et Chandon Grand Vintage,2015,750,111.0,"Wine-Searcher average retail (ex-tax), vintage-specific 2015 page",ws_vintage,2026-09-21,0
moet et chandon nectar imperial demi sec|NV|750,Moet et Chandon Nectar Impérial Demi Sec,NV,750,61.99,Philippe Liquors lists Moet Nectar Imperial Demi-Sec NV at $61.99 (US retailers $61.99-$89.99); lowest retailer used,ws_single_retailer,2026-09-21,0
moingeon et fils puligny montrachet la garenne|2018|750,Moingeon et Fils Puligny-Montrachet La Garenne,2018,750,,"only a 2024 vintage found (6-year gap, beyond adjacent-vintage threshold)",insufficient,2026-09-01,0
monastero suore cistercensi lazio coenobium|2020|750,Monastero Suore Cistercensi Lazio Coenobium,2020,750,35,"Wine-Searcher average retail, vintage-specific",ws_vintage,2026-09-15,0
mongeard mugneret nuits st georges les plateaux|2018|750,Mongeard-Mugneret Nuits-St.-Georges Les Plateaux,2018,750,152,"Single reputable retailer listing (Vinissimus UK, GBP 119.60)",ws_single_retailer,2026-08-24,0
mongeard mugneret savigny les beaune narbantons|2007|750,Mongeard-Mugneret Savigny Les Beaune Narbantons,2007,750,,Insufficient data,insufficient,2026-09-15,0
monteverro tinata|2018|750,Monteverro Tinata,2018,750,186,"Wine-Searcher average retail, vintage-specific",ws_vintage,2026-09-07,0
monteverro toscana terra di monteverro|2018|750,Monteverro Toscana Terra di Monteverro,2018,750,51,"Wine-Searcher, vintage-specific average retail",ws_vintage,2026-08-24,0
monteverro toscana|2017|750,Monteverro Toscana,2017,750,173.97,"winechateau.com, exact vintage match, regular price used (page also showed a $154.97 sale price)",ws_vintage,2026-09-01,0
montevertine pian del ciampolo|2016|750,Montevertine Pian del Ciampolo,2016,750,30,"Retailer listing (K&L Wines), vintage-specific",ws_single_retailer,2026-09-15,0
montevertine|2004|750,Montevertine,2004,750,,"Insufficient data - searched, no price found",insufficient,2026-10-05,0
montevertine|2018|750,Montevertine,2018,750,102,"Wine-Searcher, vintage-specific average retail (ex-tax)",ws_vintage,2026-08-24,0
montevetrano|1997|750,Montevetrano,1997,750,,"Insufficient data - searched, only a stale (c.2014) critic-site average found",insufficient,2026-10-05,0
montevetrano|2003|750,Montevetrano,2003,750,85,"Benchmark Wine Group $85/750ml, vintage-specific (2003), 94pt RP",ws_vintage,2026-09-28,0
montevetrano|2004|750,Montevetrano,2004,750,122.7,"Retailer listing $122.70/750ml, vintage-specific (2004)",ws_vintage,2026-09-28,0
montevetrano|2005|750,Montevetrano,2005,750,93.5,"Wine-Searcher $93.50/750ml, vintage-specific (2005), 93pt WS",ws_vintage,2026-09-28,0
monthelie douhairet porcheret monthelie clos du meix garnier|2010|750,Monthelie-Douhairet-Porcheret Monthelie Clos du Meix Garnier,2010,750,59,"Wine-Searcher listed price, vintage-specific (89/100 rated)",ws_vintage,2026-09-17,0
monthelie douhairet porcheret monthelie clos du meix garnier|2021|750,Monthelie-Douhairet-Porcheret Monthelie Clos du Meix Garnier,2021,750,44.99,"shop.klwines.com, exact vintage match",ws_vintage,2026-09-01,0
morey blanc aloxe corton les vercots|2004|750,Morey-Blanc Aloxe-Corton Les Vercots,2004,750,,Insufficient data,insufficient,2026-08-24,0
morey blanc meursault genevrieres|2003|750,Morey-Blanc Meursault Genevrieres,2003,750,,Insufficient data,insufficient,2026-08-24,0
morey blanc meursault gouttes d or|2004|750,Morey-Blanc Meursault Gouttes d'Or,2004,750,175,Estimate based on Morey-Blanc Meursault village pricing plus premier cru premium for Gouttes d'Or vineyard,estimate,2026-08-24,0
morey blanc meursault les charmes|2000|750,Morey-Blanc Meursault Les Charmes,2000,750,,Insufficient data,insufficient,2026-09-15,0
morey blanc meursault|2004|750,Morey-Blanc Meursault,2004,750,143,"Wine-Searcher average retail, appears to reflect this wine but not confirmed vintage-specific",ws_allvintage,2026-08-24,0
morey blanc saint aubin 1er cru|2006|750,Morey-Blanc Saint Aubin 1er Cru,2006,750,70,Estimate based on typical Morey-Blanc negociant 1er cru Saint-Aubin pricing,estimate,2026-08-24,0
morey blanc volnay santenots|2003|750,Morey-Blanc Volnay Santenots,2003,750,85,Estimate based on typical Volnay 1er Cru Santenots red Burgundy pricing,estimate,2026-08-24,0
mossi impetuoso gutturnio classico superiore|2019|750,Mossi Impetuoso Gutturnio Classico Superiore,2019,750,17,"Wine-Searcher average retail, all-vintage",ws_allvintage,2026-09-15,0
moulin des carruades|1979|750,Moulin des Carruades,1979,750,,No reliable price found: no 1979 price displayed (only past auction lots),insufficient,2026-09-21,0
moulin touchais anjou doue la fontaine|1964|750,Moulin Touchais Anjou Doué La Fontaine,1964,750,194.0,"Wine-Searcher average retail (ex-tax), vintage-specific 1964 page (Moulin Touchais Coteaux du Layon; sweet aged Chenin, Dessert)",ws_vintage,2026-09-21,0
mousse fils l or d eugene perpetuelle blanc de noir|NV|750,Moussé Fils L'Or d'Eugene Perpetuelle Blanc de Noir,NV,750,60.0,Fine Wines International NV Mousse Fils L'Or d'Eugene Perpetuelle BdN 750ml $60.00 (range $56-$69.99 across Verve/K&L/Flatiron),ws_single_retailer,2026-10-05,0
moutard brut rose de cuvaison|NV|750,Moutard Brut Rose de Cuvaison,NV,750,43.99,D&M Wines NV Moutard Rose de Cuvaison 750ml $43.99 (range $36.99-$49.95 US retailers),ws_single_retailer,2026-10-05,0
mouzon leroux and fils grand cru l atavique tradition|NV|750,Mouzon-Leroux & Fils Grand Cru L'Atavique Tradition,NV,750,67.99,Flatiron Wines lists Mouzon-Leroux L'Atavique Tradition NV at $67.99 (WS avg $83 and other retailers $52.95-$68 conflict; mid-range list price used),ws_single_retailer,2026-09-21,0
negro giuseppe barbaresco pian cavallo|2016|750,Negro Giuseppe Barbaresco Pian Cavallo,2016,750,,Insufficient data,insufficient,2026-09-07,0
nervi conterno gattinara|2015|1500,Nervi Conterno Gattinara,2015,1500,211.2,"Wine-Searcher all-vintage average retail ($96/750ml), scaled to magnum",ws_allvintage,2026-08-24,0
nervi conterno gattinara|2016|1500,Nervi Conterno Gattinara,2016,1500,167.2,"Wine-Searcher average retail, vintage-specific ($76/750ml), scaled to magnum",ws_vintage,2026-08-24,0
nervi conterno gattinara|2016|750,Nervi Conterno Gattinara,2016,750,76,"Wine-Searcher average retail, vintage-specific",ws_vintage,2026-08-24,0
nicolas feuillatte brut reserve exclusive|NV|750,Nicolas Feuillatte Brut Réserve Exclusive,NV,750,37.21,"saratogawine.com, NV exact match",ws_vintage,2026-09-01,0
nicolas feuillatte cuvee gastronomie reserve exclusive rose|NV|750,Nicolas Feuillatte Cuvee Gastronomie Réserve Exclusive Rosé,NV,750,38.39,"bighammerwines.com, NV exact match",ws_vintage,2026-09-01,0
nicolas joly savennieres clos de la coulee de serrant|2018|750,Nicolas Joly Savennieres Clos De La Coulee De Serrant,2018,750,,No reliable price found: only current-vintage prices (~$170); no 2018 price displayed,insufficient,2026-09-21,0
nicolas joly savennieres les vieux clos|2020|750,Nicolas Joly Savennieres Les Vieux Clos,2020,750,55,Estimate based on typical US retail pricing for this cuvee,estimate,2026-08-24,0
nicolas potel santenay clos rousseau|2002|750,Nicolas Potel Santenay Clos Rousseau,2002,750,,Insufficient data,insufficient,2026-09-15,0
nicolas potel volnay les caillerets|2005|750,Nicolas Potel Volnay Les Caillerets,2005,750,,"candidate klwines listing was for the 1999 vintage with no price shown, not a match for our 2005 lot",insufficient,2026-09-01,0
niepoort douro batuta|2003|750,Niepoort Douro Batuta,2003,750,,Insufficient data,insufficient,2026-09-15,0
nikolaihof gruner veltliner hefeabzug screwcap|2019|750,Nikolaihof Grüner Veltliner Hefeabzug (Screwcap),2019,750,34,"Wine-Searcher average retail, likely all-vintage average",ws_allvintage,2026-08-24,0
nikolaihof riesling smaragd vom stein|2011|750,Nikolaihof Riesling Smaragd Vom Stein,2011,750,55,Estimate based on typical Nikolaihof Smaragd Riesling pricing,estimate,2026-08-24,0
nikolaihof riesling smaragd vom stein|2014|750,Nikolaihof Riesling Smaragd Vom Stein,2014,750,58,Estimate based on typical Nikolaihof Smaragd Riesling pricing,estimate,2026-08-24,0
nikolaihof riesling steiner hund|2012|750,Nikolaihof Riesling Steiner Hund,2012,750,68.84,"Single Miami retailer listing, vintage-specific",ws_single_retailer,2026-08-24,0
nikolaihof riesling steiner hund|2013|750,Nikolaihof Riesling Steiner Hund,2013,750,84,"Wine-Searcher $84/750ml, 92pt, Reserve bottling (not clearly vintage-tied to 2013)",ws_allvintage,2026-09-28,0
nikolaihof steinriesler riesling|1999|750,Nikolaihof Steinriesler Riesling,1999,750,,Insufficient data: no 1999 Steinriesler price (searched once),insufficient,2026-10-05,0
nikolaihof vinothek riesling|2002|750,Nikolaihof Vinothek Riesling,2002,750,222.0,"Wine-Searcher average retail (ex-tax), vintage-specific 2002 page (Familie Saahs Nikolaihof Vinothek Riesling)",ws_vintage,2026-09-21,0
nozzole il pareto|2018|750,Nozzole Il Pareto,2018,750,78,"Wine-Searcher average price (ex-tax) $78/750ml, vintage-specific (2018)",ws_vintage,2026-09-28,0
nozzole il pareto|2021|750,Nozzole Il Pareto,2021,750,85,"Wine-Searcher $85/750ml, vintage-specific (2021), 92pt",ws_vintage,2026-09-28,0
numanthia termes termanthia|2003|750,Numanthia-Termes Termanthia,2003,750,202.0,"Wine-Searcher average retail (ex-tax), vintage-specific 2003 page",ws_vintage,2026-09-21,0
numanthia termes termanthia|2010|750,Numanthia-Termes Termanthia,2010,750,273,"Wine-Searcher average retail, vintage-specific",ws_vintage,2026-08-24,0
numanthia termes termes|2020|750,Numanthia-Termes Termes,2020,750,28.0,"wine.com, exact vintage match, regular price used (page also showed a $26.99 discounted price)",ws_vintage,2026-09-01,0
olga raffault chinon champ chenin blanc|2013|750,Olga Raffault Chinon Champ-Chenin Blanc,2013,750,48,"Wine-Searcher average retail, vintage not explicitly confirmed",ws_allvintage,2026-08-24,0
olga raffault chinon le champ chenin|2013|750,Olga Raffault Chinon Le Champ-Chenin,2013,750,48,"Wine-Searcher average retail, vintage not explicitly confirmed",ws_allvintage,2026-08-24,0
olga raffault chinon les picasses|2008|750,Olga Raffault Chinon Les Picasses,2008,750,66,"Wine-Searcher average retail, 2008 vintage context",ws_allvintage,2026-08-24,0
olga raffault chinon les picasses|2009|750,Olga Raffault Chinon Les Picasses,2009,750,73,"Multiple retailer listings, vintage-specific ($69.99-$75.99)",ws_vintage,2026-08-24,0
olga raffault chinon les picasses|2014|750,Olga Raffault Chinon Les Picasses,2014,750,19,"Wine-Searcher average retail, vintage-specific",ws_vintage,2026-09-15,0
olivier leflaive chassagne montrachet les chaumees|2000|750,Olivier Leflaive Chassagne-Montrachet Les Chaumées,2000,750,,Insufficient data,insufficient,2026-09-15,0
olivier leflaive chassagne montrachet rouge|1988|750,Olivier Leflaive Chassagne-Montrachet (Rouge),1988,750,,Insufficient data,insufficient,2026-08-24,0
olivier leflaive meursault les perrieres|1996|750,Olivier Leflaive Meursault Les Perrières,1996,750,,"Insufficient data - searched, no 1996 price found",insufficient,2026-10-05,0
olivier leflaive meursault les poruzots|2019|750,Olivier Leflaive Meursault Les Poruzots,2019,750,172,"Wine-Searcher $172/750ml, 92pt (not clearly vintage-tied to 2019)",ws_allvintage,2026-09-28,0
olivier leflaive pommard|1995|750,Olivier Leflaive Pommard,1995,750,,Stage 2: no 1995-specific price found; only current releases ($80-119),insufficient,2026-09-28,0
ontanon rioja gran reserva|1995|750,Ontanon Rioja Gran Reserva,1995,750,,Insufficient data,insufficient,2026-09-15,0
ontanon rioja gran reserva|2001|750,Ontanon Rioja Gran Reserva,2001,750,,Insufficient data,insufficient,2026-09-15,0
ontanon rioja reserva|2005|750,Ontanon Rioja Reserva,2005,750,30,"Wine-Searcher average retail, vintage-specific",ws_vintage,2026-09-15,0
ostertag pinot gris zellberg|2018|750,Ostertag Pinot Gris Zellberg,2018,750,37,"Single retailer listing (grandsbourgognes.com), vintage-specific, converted from EUR",ws_single_retailer,2026-08-24,0
ostertag riesling fronholz|2018|750,Ostertag Riesling Fronholz,2018,750,51,"Wine-Searcher average retail, vintage-specific",ws_vintage,2026-08-24,0
ostertag riesling heissenberg|2018|750,Ostertag Riesling Heissenberg,2018,750,65,"Wine-Searcher average retail, vintage-specific (USA avg)",ws_vintage,2026-08-24,0
p de marcilly chablis mont de milieu|2018|750,P De Marcilly Chablis Mont de Milieu,2018,750,,"Insufficient data - searched, other producers only",insufficient,2026-10-05,0
paitin de pasquero elia barbaresco sori paitin|1998|750,Paitin de Pasquero(Elia) Barbaresco Sori Paitin,1998,750,,No reliable price found: only 1.5L prices for the 1998,insufficient,2026-09-21,0
paitin de pasquero elia barbaresco sori paitin|2010|750,Paitin de Pasquero(Elia) Barbaresco Sori Paitin,2010,750,66,"Wine-Searcher $66/750ml, 92pt (not clearly vintage-tied; Serraboella cru pricing may differ)",ws_allvintage,2026-09-28,0
palacios remondo propiedad h remondo rioja|2021|750,Palacios Remondo Propiedad H. Remondo Rioja,2021,750,42,"Wine-Searcher average retail, vintage-specific",ws_vintage,2026-09-07,0
palari faro|2006|750,Palari Faro,2006,750,,Insufficient data,insufficient,2026-09-15,0
palari faro|2007|750,Palari Faro,2007,750,53,"Wine-Searcher average retail, vintage-specific",ws_vintage,2026-09-17,0
palmer and co brut reserve|NV|750,Palmer & Co Brut Réserve,NV,750,57.0,"Wine-Searcher average retail (ex-tax), NV Palmer & Co La Reserve Brut page",ws_allvintage,2026-09-21,0
palmer and co brut|2012|750,Palmer & Co Brut,2012,750,92.0,"Wine-Searcher average retail (ex-tax), vintage-specific 2012 page",ws_vintage,2026-09-21,0
paolo bea montefalco sagrantino secco cerrete|2015|750,Paolo Bea Montefalco Sagrantino Secco Cerrete,2015,750,193,"Wine-Searcher average retail, vintage-specific",ws_vintage,2026-08-24,0
paolo conterno barolo ginestra riserva|2010|750,Paolo Conterno Barolo Ginestra Riserva,2010,750,134,"Wine-Searcher average price (ex-tax) $134/750ml, vintage-specific (2010)",ws_vintage,2026-09-28,0
paolo manzone barolo meriame|2017|750,Paolo Manzone Barolo Meriame,2017,750,43,"Wine-Searcher average retail, vintage-specific",ws_vintage,2026-08-24,0
paolo scavino barolo bric del fiasc|2021|750,Paolo Scavino Barolo Bric del Fiasc,2021,750,127,"Wine-Searcher average price (ex-tax) $127/750ml, vintage-specific (2021)",ws_vintage,2026-09-28,0
paolo scavino barolo bricco ambrogio|2021|750,Paolo Scavino Barolo Bricco Ambrogio,2021,750,77,"US retailers ~$75-$79/750ml, vintage-specific (2021), 92pt",ws_vintage,2026-09-28,0
paolo scavino barolo bussia vigna fantini|2021|750,Paolo Scavino Barolo Bussia Vigna Fantini,2021,750,78.5,"US retailers (Center Wine, Saratoga, Wine Solutions) $76.99-$80.99/750ml, vintage-specific (2021)",ws_vintage,2026-09-28,0
paolo scavino barolo prapo|2021|750,Paolo Scavino Barolo Prapò,2021,750,87,"Wine-Searcher average price $87/750ml, vintage-specific (2021), 94pt",ws_vintage,2026-09-28,0
paolo scavino barolo|2005|750,Paolo Scavino Barolo,2005,750,,"Insufficient data - only single-vineyard bottlings priced, no confident base-Barolo match",insufficient,2026-09-15,0
pasanau germans finca la planeta|1997|750,Pasanau Germans Finca La Planeta,1997,750,,Insufficient data: no 1997 price; only 2004 ($39.99) found (searched once),insufficient,2026-10-05,0
pascal chevigny vosne romanee aux champs perdrix vieilles vignes reserve|1997|750,Pascal Chevigny Vosne Romanee Aux Champs Perdrix Vieilles Vignes Reserve,1997,750,84,"Wine-Searcher average retail, vintage-specific (producer now called Domaine Chevigny-Rousseau; cross-source range $84-122)",ws_vintage,2026-09-07,0
pascal chevigny vosne romanee la combe brulee reserve v v|1996|750,Pascal Chevigny Vosne Romanee La Combe Brulee Reserve V.V.,1996,750,,Insufficient data,insufficient,2026-09-07,0
pascal clement bourgogne pinot noir|2016|750,Pascal Clément Bourgogne Pinot Noir,2016,750,51,"Wine-Searcher average retail, all-vintage average",ws_allvintage,2026-08-24,0
pascal clement bourgogne pinot noir|2017|750,Pascal Clément Bourgogne Pinot Noir,2017,750,51,"Wine-Searcher average retail, all-vintage average",ws_allvintage,2026-08-24,0
pascal cotat sancerre les monts damnes|2017|750,Pascal Cotat Sancerre Les Monts Damnés,2017,750,90,"Wine-Searcher $90/750ml, vintage-specific (2017), 92pt",ws_vintage,2026-09-28,0
pascal doquet brut grand cru blanc de blancs|NV|750,Pascal Doquet Brut Grand Cru Blanc de Blancs,NV,750,,"Insufficient data - searched, cuvee match uncertain",insufficient,2026-10-05,0
passopisciaro contrada sciaranuova|2020|750,Passopisciaro Contrada Sciaranuova,2020,750,83,"Wine-Searcher average retail, vintage-specific",ws_vintage,2026-09-15,0
passopisciaro etna passorosso|2014|750,Passopisciaro Etna Passorosso,2014,750,34.99,"shop.klwines.com, exact vintage match",ws_vintage,2026-09-01,0
passopisciaro|2008|750,Passopisciaro,2008,750,,"Insufficient data - only single-vineyard Contrada bottlings priced, no confident base match",insufficient,2026-09-15,0
patriarche pere et fils nuits st georges|1959|750,Patriarche Père et Fils Nuits-St.-Georges,1959,750,,Insufficient data,insufficient,2026-09-15,0
patrick and christophe bonnefond cote rotie les rochins|2021|750,Patrick & Christophe Bonnefond Cote-Rotie Les Rochins,2021,750,54.99,Wine Library 2021 Bonnefond Cote-Rotie Les Rochains 750ml $54.99 current price (list $74.99; lower used),ws_single_retailer,2026-10-05,0
patrick et martine jacob girard pernand vergelesses|2009|750,Patrick et Martine Jacob-Girard Pernand Vergelesses,2009,750,,Insufficient data,insufficient,2026-08-24,0
patrick et martine jacob girard savigny aux gravains|2009|1500,Patrick et Martine Jacob-Girard Savigny Aux Gravains,2009,1500,,Insufficient data,insufficient,2026-08-24,0
patrick et martine jacob girard savigny aux gravains|2009|750,Patrick et Martine Jacob-Girard Savigny Aux Gravains,2009,750,,Insufficient data,insufficient,2026-08-24,0
patrick et martine jacob girard savigny hauts jarrons|2009|1500,Patrick et Martine Jacob-Girard Savigny Hauts Jarrons,2009,1500,109.89,"Single retailer listing (Woodland Hills Wine Company), $49.95",ws_single_retailer,2026-08-24,0
patrick et martine jacob girard savigny les beaune|2009|1500,Patrick et Martine Jacob-Girard Savigny-Les-Beaune,2009,1500,,Insufficient data,insufficient,2026-08-24,0
patrick et martine jacob girard savigny les beaune|2009|750,Patrick et Martine Jacob-Girard Savigny-Les-Beaune,2009,750,,Insufficient data,insufficient,2026-08-24,0
patrick et martine jacob girard savigny les marconnets|2009|1500,Patrick et Martine Jacob-Girard Savigny Les Marconnets,2009,1500,,Insufficient data,insufficient,2026-08-24,0
patrick piuze chablis bougros|2019|750,Patrick Piuze Chablis Bougros,2019,750,130,"Wine-Searcher average retail, vintage-specific",ws_vintage,2026-09-15,0
patrick piuze chablis les clos|2018|750,Patrick Piuze Chablis Les Clos,2018,750,149.99,"wine.com, exact vintage match, regular price used (sold out)",ws_vintage,2026-09-01,0
pauillac de lynch bages|2010|750,Pauillac De Lynch Bages,2010,750,291,"Wine-Searcher average retail, vintage-specific",ws_vintage,2026-09-15,0
paul autard chateauneuf du pape cuvee la cote ronde|1998|750,Paul Autard Chateauneuf Du Pape Cuvee La Cote Ronde,1998,750,,Insufficient data: only unconfirmed-cuvee $89 Wine Dispensary listing and WineBid-own figure (searched once),insufficient,2026-10-05,0
paul autard chateauneuf du pape|1995|750,Paul Autard Châteauneuf-du-Pape,1995,750,,Insufficient data,insufficient,2026-09-15,0
paul bara brut grand cru bouzy comtesse marie de france|2015|750,Paul Bara Brut Grand Cru Bouzy Comtesse Marie de France,2015,750,138,"Wine-Searcher average price (ex-tax) $138/750ml, vintage-specific (2015), 91pt",ws_vintage,2026-09-28,0
paul bara brut grand cru bouzy|2018|750,Paul Bara Brut Grand Cru Bouzy,2018,750,103,"Kermit Lynch Wine Merchant (Berkeley, CA) $103/750ml, vintage-specific (2018)",ws_single_retailer,2026-09-28,0
paul bara brut grand cru grande rose|NV|750,Paul Bara Brut Grand Cru Grande Rosé,NV,750,,Insufficient data,insufficient,2026-09-15,0
paul bara coteaux champenois bouzy rouge|2020|750,Paul Bara Coteaux Champenois Bouzy Rouge,2020,750,82,"Wine-Searcher average price $82/750ml, vintage-specific (2020), 95pt",ws_vintage,2026-09-28,0
paul bara extra brut grand cru|NV|750,Paul Bara Extra Brut Grand Cru,NV,750,,"Insufficient data - searched, only EUR pricing found",insufficient,2026-10-05,0
paul bertrand cahors crocus la roche mere|2014|750,Paul Bertrand Cahors Crocus La Roche Mere,2014,750,129.99,"wine.com, exact vintage match, regular price used (sold out)",ws_vintage,2026-09-01,0
paul dethune brut grand cru|NV|750,Paul Dethune Brut Grand Cru,NV,750,41.99,Bottle Barn NV Paul Dethune Brut Grand Cru 750ml $41.99,ws_single_retailer,2026-10-05,0
paul garaudet meursault le limozin|2022|750,Paul Garaudet Meursault Le Limozin,2022,750,,"Insufficient data - searched, only other producers' Limozin found",insufficient,2026-10-05,0
paul jaboulet aine cornas domaine de saint pierre|2000|750,Paul Jaboulet Aine Cornas Domaine de Saint Pierre,2000,750,66,"Wine-Searcher average retail, all-vintage average",ws_allvintage,2026-08-24,0
paul jaboulet aine cornas domaine de saint pierre|2010|750,Paul Jaboulet Aine Cornas Domaine de Saint Pierre,2010,750,,"Insufficient data - searched, 2010 price not found",insufficient,2026-10-05,0
paul jaboulet aine cote rotie les jumelles|1983|750,Paul Jaboulet Aine Cote-Rotie Les Jumelles,1983,750,105.73,"idealwine.com price estimate, exact vintage match; EUR 97.00 converted at 1.09 USD/EUR",auction,2026-09-01,0
paul jaboulet aine crozes hermitage domaine de thalabert|2015|750,Paul Jaboulet Aine Crozes-Hermitage Domaine de Thalabert,2015,750,,only a 1.5L magnum pre-arrival listing found with no confirmed per-bottle price for 750ml; other retailer pages blocked,insufficient,2026-09-01,0
paul jaboulet aine hermitage la chapelle|1996|750,Paul Jaboulet Aine Hermitage La Chapelle,1996,750,189.99,"shop.klwines.com, exact vintage match",ws_vintage,2026-09-01,0
paul jaboulet aine hermitage la chapelle|2000|750,Paul Jaboulet Aine Hermitage La Chapelle,2000,750,109.99,"shop.klwines.com, exact vintage match",ws_vintage,2026-09-01,0
paul jaboulet aine saint joseph le grand pompee|2022|750,Paul Jaboulet Aine Saint Joseph Le Grand Pompee,2022,750,43.99,"avonwines.com, exact vintage match, per-bottle price derived from a 12-pack case price ($527.87/12)",ws_vintage,2026-09-01,0
paul pillot bourgogne aligote|2019|750,Paul Pillot Bourgogne Aligoté,2019,750,46,"Wine-Searcher average retail, vintage-specific",ws_vintage,2026-09-15,0
paul pillot saint aubin les charmois|2022|750,Paul Pillot Saint Aubin Les Charmois,2022,750,130,"Wine-Searcher average price (ex-tax) $130/750ml, vintage-specific (2022), 90pt",ws_vintage,2026-09-28,0
paul prieur and fils sancerre mise de printemps|2023|750,Paul Prieur & Fils Sancerre Mise De Printemps,2023,750,42.0,Wine-Searcher average retail Domaine Paul Prieur Sancerre ~$42/750ml (2023 base Sancerre; Mise de Printemps price not shown separately),ws_allvintage,2026-09-21,0
pavillon de leoville poyferre|2019|750,Pavillon de Leoville Poyferre,2019,750,57.0,"Wine-Searcher average retail (ex-tax), vintage-specific 2019 page",ws_vintage,2026-09-21,0
pelissero barbaresco nubiola|2010|1500,Pelissero Barbaresco Nubiola,2010,1500,,"Insufficient data - searched, magnum price not found",insufficient,2026-10-05,0
pelissero barbaresco vanotu|2009|750,Pelissero Barbaresco Vanotu,2009,750,171,"Wine-Searcher average price $171/750ml, vintage-specific (2009), 92pt",ws_vintage,2026-09-28,0
pere pape chateauneuf du pape la crau de ma mere|1998|750,Pere Pape Châteauneuf-du-Pape La Crau De Ma Mère,1998,750,,Insufficient data: no 1998 price; only CAD for 1999/2000 (searched once),insufficient,2026-10-05,0
perillo taurasi riserva|2001|750,Perillo Taurasi Riserva,2001,750,81,"Wine-Searcher average retail, all-vintage",ws_allvintage,2026-09-15,0
perrier jouet fleur de champagne brut cuvee belle epoque|2014|750,Perrier-Jouet Fleur de Champagne Brut Cuvee Belle Epoque,2014,750,221.0,"Wine-Searcher average retail (ex-tax), all-vintage average for Perrier-Jouet Belle Epoque Brut Millesime; 2014 same cuvee, not vintage-tied",ws_allvintage,2026-09-21,0
perrier jouet grand brut label 7|NV|750,Perrier-Jouet Grand Brut (Label #7),NV,750,64,"Wine-Searcher average retail, USA average",ws_vintage,2026-08-24,0
perrin et fils cotes du rhone villages|2007|750,Perrin et fils Côtes du Rhône Villages,2007,750,,Insufficient data,insufficient,2026-09-07,0
pertimali brunello di montalcino dieci sassetti livio|2007|750,Pertimali Brunello di Montalcino Dieci Sassetti Livio,2007,750,167,"Wine-Searcher average price $167/750ml, vintage-specific (2007), 93pt",ws_vintage,2026-09-28,0
pertimali brunello di montalcino sassetti livio|2010|750,Pertimali Brunello di Montalcino Sassetti Livio,2010,750,74,"Wine-Searcher average retail, vintage-specific",ws_vintage,2026-08-24,0
pertimali brunello di montalcino sassetti livio|2012|750,Pertimali Brunello di Montalcino Sassetti Livio,2012,750,77.95,"saratogawine.com, exact vintage match, case-only pre-arrival pricing",ws_vintage,2026-09-01,0
pertimali brunello di montalcino sassetti livio|2013|750,Pertimali Brunello di Montalcino Sassetti Livio,2013,750,75.0,"wine.com, exact vintage match, regular price used (sold out, was $74.99)",ws_vintage,2026-09-01,0
petit and bajan brut grand cru nymphea rose|NV|750,Petit & Bajan Brut Grand Cru Nymphea Rose,NV,750,70,"Wine Expo Santa Monica (CA retailer) listing, exact product match",ws_single_retailer,2026-09-17,0
philine isabelle langhe chardonnay|2023|750,Philine Isabelle Langhe Chardonnay,2023,750,60.0,Thatcher's Wine 2023 Philine Isabelle Langhe Chardonnay 750ml $60 (Leon & Son $65),ws_single_retailer,2026-10-05,0
philippe alliet chinon coteau de noire|2014|750,Philippe Alliet Chinon Coteau de Noiré,2014,750,54,"Wine-Searcher $54/750ml (94pt tied to 2014 separately, price not explicitly vintage-tied)",ws_allvintage,2026-09-28,0
philippe alliet chinon coteau de noire|2018|750,Philippe Alliet Chinon Coteau de Noiré,2018,750,65,"Wine-Searcher average retail, vintage-specific",ws_vintage,2026-08-24,0
philippe alliet chinon l huisserie|2018|750,Philippe Alliet Chinon L'Huisserie,2018,750,23,"Wine-Searcher average retail, vintage-specific",ws_vintage,2026-08-24,0
philippe alliet chinon vieilles vignes|2018|750,Philippe Alliet Chinon Vieilles Vignes,2018,750,36,"Wine-Searcher average retail, vintage-specific",ws_vintage,2026-08-24,0
philippe dechelle cuvee quentin roosevelt|NV|750,Philippe Dechelle Cuvée Quentin Roosevelt,NV,750,,Insufficient data,insufficient,2026-08-24,0
philippe foreau vouvray brut|2014|750,Philippe Foreau Vouvray Brut,2014,750,45.0,"sommselect.com, exact vintage match",ws_vintage,2026-09-01,0
philippe fourrier brut blanc de noirs|NV|750,Philippe Fourrier Brut Blanc de Noirs,NV,750,,no retailer price found; wine-searcher and wine spectator pages blocked,insufficient,2026-09-01,0
philippe gavignet cote de nuits villages les vignottes reserve|1996|750,Philippe Gavignet Cote de Nuits-Villages Les Vignottes Reserve,1996,750,,Insufficient data,insufficient,2026-09-07,0
philippe glavier grand cru la grace d hakamiah|NV|750,Philippe Glavier Grand Cru La Grace D'Hakamiah,NV,750,96.99,US retailer (Perrine's Wine Shop) NV Philippe Glavier La Grace d'Hakamiah Extra Brut 750ml $96.99,ws_single_retailer,2026-10-05,0
philippe gonet brut grande reserve|NV|750,Philippe Gonet Brut Grande Réserve,NV,750,39.09,Costco $39.09 (Last Bottle $32) for Philippe Gonet Brut Reserve NV 750ml,ws_single_retailer,2026-10-05,0
philippe livera domaine des tilleuls chapelle chambertin reserve vieilles vignes|1999|750,Philippe Livera (Domaine Des Tilleuls) Chapelle Chambertin Reserve Vieilles Vignes,1999,750,,Insufficient data,insufficient,2026-09-07,0
philippe livera domaine des tilleuls gevrey chambertin en etelois reserve v v|1996|750,Philippe Livera (Domaine Des Tilleuls) Gevrey Chambertin en Etelois Reserve V.V.,1996,750,,Insufficient data,insufficient,2026-09-07,0
philippe prie brut rose|NV|750,Philippe Prie Brut Rosé,NV,750,,"Insufficient data - searched, no Brut Rose price found",insufficient,2026-10-05,0
philippe prie brut tradition|NV|1500,Philippe Prie Brut Tradition,NV,1500,54.99,Wines Till Sold Out Philippe Prie Brut Tradition NV 1.5L $54.99 (750ml $24.99); magnum format price direct,ws_single_retailer,2026-10-05,0
philippe prie brut tradition|NV|750,Philippe Prie Brut Tradition,NV,750,24.99,Wines Till Sold Out $24.99 for Philippe Prie Brut Tradition NV 750ml,ws_single_retailer,2026-10-05,0
philipponnat brut royale reserve rose|NV|375,Philipponnat Brut Royale Reserve Rose,NV,375,42.99,Flatiron Wines SF Philipponnat Royale Reserve Rose NV 375ml $42.99 (listed out of stock),ws_single_retailer,2026-10-05,0
piccini chianti classico riserva|2005|750,Piccini Chianti Classico Riserva,2005,750,21,"Wine-Searcher average retail, all-vintage",ws_allvintage,2026-09-15,0
pieropan soave classico la rocca|2019|750,Pieropan Soave Classico La Rocca,2019,750,32,Estimate based on producer/appellation knowledge (no price in search snippet),estimate,2026-08-24,0
pierre bitouzet pommard platieres|1996|750,Pierre Bitouzet Pommard Platieres,1996,750,,Insufficient data,insufficient,2026-09-15,0
pierre bouree fils beaune les epenottes|1990|750,Pierre Bouree Fils Beaune Les Epenottes,1990,750,,"only a 2017 vintage found in market (27-year gap, beyond adjacent-vintage threshold)",insufficient,2026-09-01,0
pierre bovis negociant chateauneuf du pape|2022|750,Pierre Bovis (negociant) Châteauneuf-du-Pape,2022,750,,no retailer price found; specs.com and bistro555.net pages returned no price data,insufficient,2026-09-01,0
pierre caillet pommard|1979|750,Pierre Caillet Pommard,1979,750,,Insufficient data,insufficient,2026-08-24,0
pierre dubreuil fontaine corton bressandes|1981|750,Pierre Dubreuil-Fontaine Corton Bressandes,1981,750,180,"Estimate based on producer/appellation reputation (Domaine Dubreuil-Fontaine Corton Bressandes Grand Cru, no vintage-specific price data found)",estimate,2026-08-24,0
pierre dubreuil fontaine pernand vergelesses clos berthet|2010|750,Pierre Dubreuil-Fontaine Pernand Vergelesses Clos Berthet,2010,750,87,"Wine-Searcher average retail, all-vintage (monopole)",ws_allvintage,2026-09-17,0
pierre dubreuil fontaine pernand vergelesses clos berthet|2011|750,Pierre Dubreuil-Fontaine Pernand Vergelesses Clos Berthet,2011,750,87,"Wine-Searcher average retail, all-vintage (monopole)",ws_allvintage,2026-09-17,0
pierre gaillard st joseph clos de cuminaille|2020|750,Pierre Gaillard St. Joseph Clos De Cuminaille,2020,750,,"candidate differentdrop.com listing was for the base Saint-Joseph Rouge bottling, not the Clos de Cuminaille cuvee; no reliable match found",insufficient,2026-09-01,0
pierre gelin gevrey chambertin clos des meixvelles|2014|750,Pierre Gelin Gevrey-Chambertin Clos des Meixvelles,2014,750,97,"Wine-Searcher average retail, vintage-specific",ws_vintage,2026-09-07,0
pierre gelin gevrey chambertin clos des meixvelles|2015|750,Pierre Gelin Gevrey-Chambertin Clos des Meixvelles,2015,750,97,"Wine-Searcher average retail, all-vintage fallback (no 2015-specific figure surfaced)",ws_allvintage,2026-09-07,0
pierre guillemot savigny les beaune aux serpentieres|2010|750,Pierre Guillemot Savigny-les-Beaune Aux Serpentieres,2010,750,,Stage 2: 2010 vintage listing found but out of stock with no price shown,insufficient,2026-09-28,0
pierre guillemot savigny les beaune aux serpentieres|2018|750,Pierre Guillemot Savigny-les-Beaune Aux Serpentieres,2018,750,81,"Wine-Searcher average price (ex-tax) $81/750ml, vintage-specific (2018), 94pt RP",ws_vintage,2026-09-28,0
pierre guillemot savigny les beaune les grands picotins|2018|750,Pierre Guillemot Savigny-Les-Beaune Les Grands Picotins,2018,750,47.99,Adjacent vintage: 2020 Guillemot Les Grands Picotins $47.99 (2018 not priced),ws_adjacent,2026-10-05,0
pierre marie chermette domaine du vissoux moulin a vent les trois roches|2009|750,Pierre-Marie Chermette Domaine du Vissoux Moulin a Vent Les Trois Roches,2009,750,35,"Retailer listing (Wine Spectrum), vintage-specific",ws_single_retailer,2026-09-15,0
pierre moncuit brut grand cru pierre moncuit delos blanc de blancs|NV|750,Pierre Moncuit Brut Grand Cru Pierre Moncuit-Delos Blanc de Blancs,NV,750,56,"Wine-Searcher average retail, all-vintage (Cuvee Delos Extra Brut, closest match)",ws_allvintage,2026-09-15,0
pierre morey meursault les terres blanches|2006|750,Pierre Morey Meursault  Les Terres Blanches,2006,750,105,"Estimate based on comparable Pierre Morey Meursault village pricing (no explicit WS price in snippet, only 89/100 critic score)",estimate,2026-08-24,0
pierre morey meursault les tessons|2005|750,Pierre Morey Meursault Les Tessons,2005,750,115,"Estimate based on comparable Pierre Morey Meursault pricing (no explicit WS price in snippet, only 92/100 critic score)",estimate,2026-08-24,0
pierre morey meursault|2005|750,Pierre Morey Meursault,2005,750,103,"Wine-Searcher average retail, vintage-specific",ws_vintage,2026-08-24,0
pierre morey monthelie|2006|750,Pierre Morey Monthélie,2006,750,55,"Estimate based on producer/appellation reputation (no explicit WS price in snippet, only 88/100 critic score)",estimate,2026-08-24,0
pierre peters grand cru blanc de blancs reserve oubliee|NV|750,Pierre Peters Grand Cru Blanc de Blancs Réserve Oubliée,NV,750,145,"Wine-Searcher average retail (current release, non-vintage)",ws_allvintage,2026-08-24,0
pierre peters rose for albane|NV|750,Pierre Peters Rose for Albane,NV,750,120,Wine-Searcher average retail (non-vintage),ws_allvintage,2026-08-24,0
pierre trichet brut 1er cru l exception|2015|750,Pierre Trichet Brut 1er Cru L'Exception,2015,750,71,"Wine-Searcher average retail, all-millesime average (2015-specific price not shown)",ws_allvintage,2026-08-24,0
pierre trichet brut premier cru le caractere blanc de noirs|NV|750,Pierre Trichet Brut Premier Cru Le Caractere Blanc de Noirs,NV,750,29,Wine-Searcher average retail (non-vintage),ws_allvintage,2026-08-24,0
pierre usseglio chateauneuf du pape cuvee de mon aieul|1999|1500,Pierre Usseglio Chateauneuf du Pape Cuvee de Mon Aieul,1999,1500,211.2,"Wine-Searcher 1999 750ml average $96 x 2.2 magnum scaling; size mismatch, scaled not observed",ws_vintage,2026-09-21,0
pierre usseglio chateauneuf du pape cuvee de mon aieul|2001|1500,Pierre Usseglio Chateauneuf du Pape Cuvee de Mon Aieul,2001,1500,253,"Wine-Searcher $115/750ml, vintage-specific (2001), 94pt, scaled x2.2 for 1.5L magnum format",ws_vintage,2026-09-28,0
pierre usseglio chateauneuf du pape cuvee de mon aieul|2003|750,Pierre Usseglio Chateauneuf du Pape Cuvee de Mon Aieul,2003,750,126,"Wine-Searcher average retail, vintage-specific",ws_vintage,2026-09-15,0
pierre usseglio chateauneuf du pape cuvee de mon aieul|2010|750,Pierre Usseglio Chateauneuf du Pape Cuvee de Mon Aieul,2010,750,154.0,"Wine-Searcher average retail (ex-tax), vintage-specific 2010 page",ws_vintage,2026-09-21,0
pierre usseglio chateauneuf du pape reserve des deux freres|2015|750,Pierre Usseglio Chateauneuf du Pape Reserve des Deux Freres,2015,750,170.0,"Wine-Searcher average retail (ex-tax), vintage-specific 2015 page (~$169-171)",ws_vintage,2026-09-21,0
pierre usseglio chateauneuf du pape|2002|750,Pierre Usseglio Châteauneuf-du-Pape,2002,750,,Insufficient data,insufficient,2026-09-07,0
pierre yves colin morey monthelie blanc|2020|750,Pierre Yves Colin-Morey Monthelie Blanc,2020,750,,No reliable price found: no price displayed for the 2020 Monthelie Blanc,insufficient,2026-09-21,0
pieve santa restituta gaja brunello di montalcino|2016|750,Pieve Santa Restituta (Gaja) Brunello di Montalcino,2016,750,,"Insufficient data - searched, only the Rennina single-vineyard priced (different cuvee)",insufficient,2026-10-05,0
pieve santa restituta gaja brunello di montalcino|2020|750,Pieve Santa Restituta (Gaja) Brunello di Montalcino,2020,750,114.0,"Wine-Searcher average retail (ex-tax), all-vintage average for Gaja Pieve Santa Restituta Brunello; 2020 recent release",ws_allvintage,2026-09-21,0
pio cesare barolo|1997|750,Pio Cesare Barolo,1997,750,,"Insufficient data - searched, conflicting quotes ($449.99 retailer vs $132 stale average)",insufficient,2026-10-05,0
pio cesare barolo|2004|750,Pio Cesare Barolo,2004,750,139,"Wine-Searcher average retail, vintage-specific",ws_vintage,2026-09-15,0
pio cesare barolo|2006|750,Pio Cesare Barolo,2006,750,85,"Retailer listing $85/750ml, vintage-specific (2006), plain bottling (excluded Ornato)",ws_vintage,2026-09-28,0
pio cesare barolo|2015|750,Pio Cesare Barolo,2015,750,88,"Wine-Searcher average price (ex-tax) $88/750ml, vintage-specific (2015), plain bottling",ws_vintage,2026-09-28,0
pio cesare barolo|2021|750,Pio Cesare Barolo,2021,750,89.0,"Wine-Searcher average retail (ex-tax), vintage-specific 2021 page",ws_vintage,2026-09-21,0
piper heidsieck brut heritage|NV|750,Piper-Heidsieck Brut Heritage,NV,750,47.99,Tom Thumb lists Piper-Heidsieck Brut Heritage NV at $47.99 (US retailers $47.99-$82.99); lowest retailer used,ws_single_retailer,2026-09-21,0
piper heidsieck brut rose sauvage|NV|750,Piper-Heidsieck Brut Rose Sauvage,NV,750,66,"Wine-Searcher average retail, all-vintage",ws_allvintage,2026-09-15,0
piper heidsieck brut|NV|1500,Piper-Heidsieck Brut,NV,1500,119,"Wine-Searcher average retail (USA), NV (750ml $54 scaled to magnum at 2.2x)",ws_allvintage,2026-09-07,0
piper heidsieck cuvee brut|NV|750,Piper-Heidsieck Cuvee Brut,NV,750,53,"Wine-Searcher average retail (non-vintage), USA",ws_allvintage,2026-08-24,0
ployez jacquemart extra brut blanc de blancs|2010|750,Ployez-Jacquemart Extra Brut Blanc de Blancs,2010,750,115,"Wine-Searcher average retail, vintage-specific",ws_vintage,2026-09-15,0
podere canneta brunello di montalcino|1997|750,Podere Canneta Brunello di Montalcino,1997,750,,"Insufficient data - searched, only a differently-named producer (I Mori Canneta) found",insufficient,2026-09-15,0
podere le boncie giovanna morganti toscana chiesamonti|2020|750,Podere le Boncie (Giovanna Morganti) Toscana Chiesamonti,2020,750,88,"Wine-Searcher average retail, vintage-specific",ws_vintage,2026-08-24,0
podere le ripi brunello di montalcino lupi e sirene riserva|2018|750,Podere Le Ripi Brunello di Montalcino Lupi e Sirene Riserva,2018,750,189,"Wine-Searcher listed price, vintage-specific",ws_vintage,2026-09-15,0
podere le ripi brunello di montalcino lupi e sirene|2004|750,Podere Le Ripi Brunello di Montalcino Lupi e Sirene,2004,750,,No reliable price found: only a current-release average; no 2004 price,insufficient,2026-09-21,0
podere le ripi brunello di montalcino lupi e sirene|2014|750,Podere Le Ripi Brunello di Montalcino Lupi e Sirene,2014,750,,No reliable price found: conflicting figures (Brunello vs Riserva) for the 2014; no clean price,insufficient,2026-09-21,0
podere poggio scalette il carbonaione|2006|750,Podere Poggio Scalette Il Carbonaione,2006,750,89.27,Saratoga Wine $89.27 for 2006 Poggio Scalette Il Carbonaione 750ml,ws_single_retailer,2026-10-05,0
podere poggio scalette il carbonaione|2010|750,Podere Poggio Scalette Il Carbonaione,2010,750,72,"Wine-Searcher average price (ex-tax) $72/750ml, vintage-specific (2010), 92pt",ws_vintage,2026-09-28,0
podere poggio scalette il carbonaione|2017|750,Podere Poggio Scalette Il Carbonaione,2017,750,52,"Wine-Searcher average price (ex-tax) $52/750ml, vintage-specific (2017), 93pt",ws_vintage,2026-09-28,0
podere san luigi fidenzio|2004|750,Podere San Luigi Fidenzio,2004,750,,"Insufficient data: only GBP price for 2004 (searched once, cluster query)",insufficient,2026-10-05,0
podere san luigi fidenzio|2005|750,Podere San Luigi Fidenzio,2005,750,,"Insufficient data: no USD price for 2005 (searched once, cluster query)",insufficient,2026-10-05,0
poggio amorelli chianti classico riserva|2011|1500,Poggio Amorelli Chianti Classico Riserva,2011,1500,50.6,"Wine-Searcher all-vintage 750ml average $23 x 2.2 magnum scaling; size mismatch, scaled not observed",ws_allvintage,2026-09-21,0
poggio di sotto rosso di montalcino|2007|750,Poggio di Sotto Rosso di Montalcino,2007,750,,Insufficient data,insufficient,2026-09-15,0
poggio landi brunello di montalcino riserva|2019|750,Poggio Landi Brunello di Montalcino Riserva,2019,750,70,"Wine-Searcher $70/750ml, 92pt, Riserva bottling (not clearly vintage-tied)",ws_allvintage,2026-09-28,0
poggio salvi brunello di montalcino|1997|750,Poggio Salvi Brunello di Montalcino,1997,750,,Insufficient data: no Poggio Salvi 1997 price; only other producers/vintages (searched once),insufficient,2026-10-05,0
poggio san polo brunello di montalcino|2000|750,Poggio San Polo Brunello di Montalcino,2000,750,75,"Wine-Searcher average retail, all-vintage",ws_allvintage,2026-09-17,0
poggio san polo brunello di montalcino|2018|750,Poggio San Polo Brunello di Montalcino,2018,750,56.68,"superiore.de, exact vintage match; EUR 52.00 converted at 1.09 USD/EUR",ws_vintage,2026-09-01,0
pol roger brut reserve|NV|1500,Pol Roger Brut Réserve,NV,1500,154.0,"Wine-Searcher NV 750ml average $70 x 2.2 magnum scaling; size mismatch, scaled not observed",ws_allvintage,2026-09-21,0
pol roger brut reserve|NV|750,Pol Roger Brut Réserve,NV,750,70.0,"Wine-Searcher average retail (ex-tax), NV Pol Roger Brut Reserve page",ws_allvintage,2026-09-21,0
pol roger brut|2015|750,Pol Roger Brut,2015,750,126.0,Wine-Searcher price on 2015 vintage page,ws_vintage,2026-09-21,0
pol roger rose|2015|750,Pol Roger Rosé,2015,750,130.0,"Wine-Searcher average retail (ex-tax), vintage-specific 2015 page",ws_vintage,2026-09-21,0
poliziano vino da tavola le stanze|2004|750,Poliziano Vino da Tavola Le Stanze,2004,750,,Insufficient data,insufficient,2026-09-15,0
poliziano vino nobile di montepulciano asinone|2006|750,Poliziano Vino Nobile di Montepulciano Asinone,2006,750,77,"Wine-Searcher average retail, vintage-specific (93/100)",ws_vintage,2026-09-17,0
poliziano vino nobile di montepulciano|2018|750,Poliziano Vino Nobile di Montepulciano,2018,750,31,"Wine-Searcher average price $31/750ml, discussed alongside 2018 vintage tasting notes",ws_vintage,2026-09-28,0
pommery brut rose royal|NV|750,Pommery Brut Rose Royal,NV,750,65.0,"wine.com, NV exact match, regular price used (sold out, was $49.99)",ws_vintage,2026-09-01,0
pommery brut royal|NV|750,Pommery Brut Royal,NV,750,47,"Wine-Searcher/retailer average, all-vintage",ws_allvintage,2026-09-15,0
potinet ampeau puligny montrachet les champs gains|2016|750,Potinet-Ampeau Puligny-Montrachet Les Champs Gains,2016,750,,no retailer price found across three candidate pages,insufficient,2026-09-01,0
potinet ampeau volnay les carelles sous la chapelle|2010|750,Potinet-Ampeau Volnay Les Carelles Sous la Chapelle,2010,750,,Insufficient data: only other-producer 2010 Volnay prices in GBP (searched once),insufficient,2026-10-05,0
prager wachstum bodenstein riesling smaragd|2013|750,Prager Wachstum Bodenstein Riesling Smaragd,2013,750,94,"Wine-Searcher $94/750ml, 94pt (not clearly vintage-tied to 2013)",ws_allvintage,2026-09-28,0
prats and symington chryseia|2020|750,Prats & Symington Chryseia,2020,750,100.0,"Wine-Searcher average retail (ex-tax), vintage-specific 2020 page",ws_vintage,2026-09-21,0
prats and symington chryseia|2021|750,Prats & Symington Chryseia,2021,750,102.49,"Wine-Searcher 2021 vintage page, single retailer listing $102.49 via search snippet; not independently averaged (2020 vintage avg $100 is consistent)",ws_single_retailer,2026-09-21,0
prelude a grand puy ducasse|2015|1500,Prelude a Grand-Puy-Ducasse,2015,1500,81.4,"Wine-Searcher average retail, vintage-specific (750ml $37 scaled to magnum at 2.2x)",ws_vintage,2026-09-07,0
prelude a grand puy ducasse|2016|750,Prelude a Grand-Puy-Ducasse,2016,750,31,"Wine-Searcher average retail, vintage-specific",ws_vintage,2026-09-07,0
prevoteau perrier cuvee adrienne lecouvreur brut|NV|750,Prevoteau-Perrier Cuvee Adrienne-Lecouvreur Brut,NV,750,23,"Wine-Searcher average price (ex-tax) $23/750ml, California",ws_vintage,2026-09-28,0
principe corsini chianti classico cortevecchia riserva|2018|750,Principe Corsini Chianti Classico Cortevecchia Riserva,2018,750,31,"Wine-Searcher average retail, vintage-specific",ws_vintage,2026-08-24,0
produttori del barbaresco barbaresco asili riserva|2005|750,Produttori del Barbaresco Barbaresco Asili Riserva,2005,750,71,"Wine-Searcher average retail, vintage-specific",ws_vintage,2026-09-15,0
produttori del barbaresco barbaresco asili riserva|2008|750,Produttori del Barbaresco Barbaresco Asili Riserva,2008,750,93,"Wine-Searcher $93/750ml, vintage-specific (2008), 94pt",ws_vintage,2026-09-28,0
produttori del barbaresco barbaresco asili riserva|2013|750,Produttori del Barbaresco Barbaresco Asili Riserva,2013,750,88,"Wine-Searcher average retail, vintage-specific",ws_vintage,2026-09-07,0
produttori del barbaresco barbaresco asili riserva|2015|750,Produttori del Barbaresco Barbaresco Asili Riserva,2015,750,115,"Wine-Searcher average price (ex-tax) $115/750ml, vintage-specific (2015), 94pt",ws_vintage,2026-09-28,0
produttori del barbaresco barbaresco montefico riserva|2017|750,Produttori del Barbaresco Barbaresco Montefico Riserva,2017,750,88,"Wine-Searcher average retail, vintage-specific",ws_vintage,2026-09-07,0
produttori del barbaresco barbaresco montefico riserva|2019|750,Produttori del Barbaresco Barbaresco Montefico Riserva,2019,750,79.94,"J.J. Buckley $79.94 (K&L $79.99, Wine House $84.99, Flatiron $95.99, Champion $95) for 2019 Montefico Riserva 750ml",ws_vintage,2026-10-05,0
produttori del barbaresco barbaresco montefico riserva|2021|750,Produttori del Barbaresco Barbaresco Montefico Riserva,2021,750,93.0,"Wine-Searcher average retail (ex-tax) range $90-96, all-vintage for Produttori del Barbaresco Montefico Riserva; 2021 recent release, midpoint used",ws_allvintage,2026-09-21,0
produttori del barbaresco barbaresco montestefano riserva|2013|750,Produttori del Barbaresco Barbaresco Montestefano Riserva,2013,750,115,"Wine-Searcher average retail, vintage-specific",ws_vintage,2026-08-24,0
produttori del barbaresco barbaresco montestefano riserva|2017|750,Produttori del Barbaresco Barbaresco Montestefano Riserva,2017,750,,"Insufficient data - searched, only AUD price found",insufficient,2026-10-05,0
produttori del barbaresco barbaresco muncagota riserva|2013|750,Produttori del Barbaresco Barbaresco Muncagota Riserva,2013,750,110,Estimate based on comparable Produttori del Barbaresco single-vineyard Riserva pricing (no explicit WS price in snippet),estimate,2026-08-24,0
produttori del barbaresco barbaresco muncagota riserva|2017|750,Produttori del Barbaresco Barbaresco Muncagota Riserva,2017,750,109.99,Millesima USA $109.99 for 2017 Muncagota Riserva 750ml,ws_single_retailer,2026-10-05,0
produttori del barbaresco barbaresco ovello riserva|2017|750,Produttori del Barbaresco Barbaresco Ovello Riserva,2017,750,82.13,Saratoga Wine $82.13 for 2017 Ovello Riserva 750ml,ws_single_retailer,2026-10-05,0
produttori del barbaresco barbaresco paje riserva|2014|750,Produttori del Barbaresco Barbaresco Paje Riserva,2014,750,82,"Wine-Searcher average price (ex-tax) $82/750ml, vintage-specific (2014), 93pt",ws_vintage,2026-09-28,0
produttori del barbaresco barbaresco paje riserva|2017|750,Produttori del Barbaresco Barbaresco Paje Riserva,2017,750,,"Insufficient data - searched, no Paje 2017 price found",insufficient,2026-10-05,0
produttori del barbaresco barbaresco pora riserva|1997|750,Produttori del Barbaresco Barbaresco Pora Riserva,1997,750,259,"Wine-Searcher average retail, vintage-specific (90/100)",ws_vintage,2026-09-17,0
produttori del barbaresco barbaresco rabaja riserva|2005|750,Produttori del Barbaresco Barbaresco Rabajà Riserva,2005,750,,Insufficient data,insufficient,2026-09-15,0
produttori del barbaresco barbaresco rabaja riserva|2008|750,Produttori del Barbaresco Barbaresco Rabajà Riserva,2008,750,129,"Wine-Searcher average price $129/750ml, vintage-specific (2008), 92pt",ws_vintage,2026-09-28,0
produttori del barbaresco barbaresco rabaja riserva|2015|750,Produttori del Barbaresco Barbaresco Rabajà Riserva,2015,750,99,"Wine-Searcher average price $99/750ml, vintage-specific (2015)",ws_vintage,2026-09-28,0
produttori del barbaresco barbaresco|1989|750,Produttori del Barbaresco Barbaresco,1989,750,,"Stage 2: only Riserva cru bottlings (Asili $150, Pora, Rabaja) priced -- rejected as tier mismatch for the plain bottling",insufficient,2026-09-28,0
produttori del barbaresco barbaresco|2006|750,Produttori del Barbaresco Barbaresco,2006,750,69.0,"Wine-Searcher average retail (ex-tax), vintage-specific 2006 page",ws_vintage,2026-09-21,0
produttori del barbaresco barbaresco|2010|750,Produttori del Barbaresco Barbaresco,2010,750,72.0,Wine-Searcher average retail 2010 Produttori del Barbaresco Barbaresco $72/750ml (Benchmark $85),ws_vintage,2026-09-21,0
produttori del barbaresco barbaresco|2012|750,Produttori del Barbaresco Barbaresco,2012,750,84.0,Wine-Searcher average retail 2012 Produttori del Barbaresco Barbaresco $84/750ml,ws_vintage,2026-09-21,0
produttori del barbaresco barbaresco|2013|1500,Produttori del Barbaresco Barbaresco,2013,1500,169.4,"Wine-Searcher average price $77/750ml, vintage-specific (2013), plain DOCG bottling, scaled x2.2 for 1.5L magnum format",ws_vintage,2026-09-28,0
produttori del barbaresco barbaresco|2015|750,Produttori del Barbaresco Barbaresco,2015,750,74,"Wine-Searcher average price $74/750ml, vintage-specific (2015), plain bottling",ws_vintage,2026-09-28,0
produttori del barbaresco barbaresco|2016|750,Produttori del Barbaresco Barbaresco,2016,750,82,"Wine-Searcher average price $82/750ml, vintage-specific (2016), plain bottling",ws_vintage,2026-09-28,0
produttori del barbaresco barbaresco|2022|750,Produttori del Barbaresco Barbaresco,2022,750,42.94,"saratogawine.com, exact vintage match",ws_vintage,2026-09-01,0
pujanza la paul|2018|750,Pujanza La Paul,2018,750,51.0,James Suckling listed average price (ex-tax) $51 for 2018 Pujanza La Paul 750ml,ws_vintage,2026-10-05,0
pujanza norte rioja|2017|750,Pujanza Norte Rioja,2017,750,93,"Wine-Searcher $93/750ml, vintage-specific (2017), 93pt",ws_vintage,2026-09-28,0
punta crena colline savonesi cruvin|2021|750,Punta Crena Colline Savonesi Cruvin,2021,750,38.0,"wine.com, exact vintage match, regular price used (sold out, was $34.99)",ws_vintage,2026-09-01,0
quancard st emilion|1967|750,Quancard St. Emilion,1967,750,,Stage 2: no price found; exact cuvee match to 1967 'Crin Noir' by same house uncertain,insufficient,2026-09-28,0
querciabella batar|2016|750,Querciabella Batar,2016,750,134.0,Wine-Searcher average retail Querciabella Batar $134/750ml (Wine Chateau lists the 2016 at $140.97 sale from $160.97),ws_allvintage,2026-09-21,0
querciabella camartina|1991|750,Querciabella Camartina,1991,750,,Insufficient data,insufficient,2026-09-15,0
querciabella camartina|2006|750,Querciabella Camartina,2006,750,144,"Wine-Searcher average retail, vintage-specific",ws_vintage,2026-09-15,0
querciabella camartina|2016|750,Querciabella Camartina,2016,750,142,"Wine-Searcher average price (ex-tax) $142/750ml, vintage-specific (2016)",ws_vintage,2026-09-28,0
quinta do fojo douro vinha do fojo|1999|750,Quinta do Fojo Douro Vinha do Fojo,1999,750,,"Insufficient data - only this same auction's own listing price surfaced, no independent market source",insufficient,2026-09-15,0
quinta do vale meao|2021|750,Quinta do Vale Meao,2021,750,145.39,Saratoga Wine lists Quinta do Vale Meao Douro 2021 at $145.39 (Yiannis $149.99 confirms; WE release $119); lowest retailer used,ws_single_retailer,2026-09-21,0
radikon pinot grigio sivi|2009|750,Radikon Pinot Grigio Sivi,2009,750,,Insufficient data,insufficient,2026-09-07,0
rafael palacios val do bibei as sortes|2024|750,Rafael Palacios Val do Bibei As Sortes,2024,750,82,"Wine-Searcher average retail, vintage-specific",ws_vintage,2026-09-07,0
rapet pere and fils bourgogne en bully|2002|750,Rapet Pere & Fils Bourgogne En Bully,2002,750,37,"Wine-Searcher market range estimate ($33-42), all-vintage",ws_allvintage,2026-09-15,0
raul perez la vizcaina el rapolao lomas de valtuille|2016|750,Raul Pérez La Vizcaina El Rapolao Lomas De Valtuille,2016,750,44,"Wine-Searcher average retail, adjacent vintage (2018) used as proxy",ws_adjacent,2026-08-24,0
raul perez la vizcaina el rapolao lomas de valtuille|2018|750,Raul Pérez La Vizcaina El Rapolao Lomas De Valtuille,2018,750,44,"Wine-Searcher average retail, vintage-specific",ws_vintage,2026-08-24,0
raul perez la vizcaina el rapolao lomas de valtuille|2019|750,Raul Pérez La Vizcaina El Rapolao Lomas De Valtuille,2019,750,44,"Wine-Searcher average retail, adjacent vintage (2018) used as proxy",ws_adjacent,2026-08-24,0
raul perez la vizcaina la del vivo lomas de valtuille|2016|750,Raul Pérez La Vizcaina La Del Vivo Lomas de Valtuille,2016,750,43,"Wine-Searcher average retail, vintage-specific",ws_vintage,2026-08-24,0
raul perez la vizcaina la del vivo lomas de valtuille|2017|750,Raul Pérez La Vizcaina La Del Vivo Lomas de Valtuille,2017,750,45,"Wine-Searcher average retail, vintage-specific",ws_vintage,2026-08-24,0
raul perez la vizcaina la del vivo lomas de valtuille|2020|750,Raul Pérez La Vizcaina La Del Vivo Lomas de Valtuille,2020,750,,Insufficient data,insufficient,2026-08-24,0
raul perez la vizcaina la poulosa lomas de valtuille|2015|750,Raul Pérez La Vizcaina La Poulosa Lomas De Valtuille,2015,750,30,"Wine-Searcher average retail, adjacent vintage (2016) used as proxy for 2015",ws_adjacent,2026-08-24,0
raul perez la vizcaina la poulosa lomas de valtuille|2016|750,Raul Pérez La Vizcaina La Poulosa Lomas De Valtuille,2016,750,30,"Wine-Searcher average retail, vintage-specific",ws_vintage,2026-08-24,0
raul perez la vizcaina la poulosa lomas de valtuille|2018|750,Raul Pérez La Vizcaina La Poulosa Lomas De Valtuille,2018,750,32,"Wine-Searcher average retail, vintage-specific",ws_vintage,2026-08-24,0
raul perez la vizcaina la vitoriana lomas de valtuille|2016|750,Raul Pérez La Vizcaina La Vitoriana Lomas De Valtuille,2016,750,43,"Wine-Searcher average retail, all-vintage average",ws_allvintage,2026-08-24,0
raul perez la vizcaina la vitoriana lomas de valtuille|2018|750,Raul Pérez La Vizcaina La Vitoriana Lomas De Valtuille,2018,750,43,"Wine-Searcher average retail, adjacent/all-vintage price used as proxy",ws_adjacent,2026-08-24,0
raul perez la vizcaina las gundinas lomas de valtuille|2016|750,Raul Pérez La Vizcaina Las Gundiñas Lomas De Valtuille,2016,750,38,"Wine-Searcher average retail, vintage-specific",ws_vintage,2026-08-24,0
raul perez la vizcaina las gundinas lomas de valtuille|2018|750,Raul Pérez La Vizcaina Las Gundiñas Lomas De Valtuille,2018,750,43,"Wine-Searcher average retail, vintage-specific",ws_vintage,2026-08-24,0
raul perez la vizcaina las gundinas lomas de valtuille|2019|750,Raul Pérez La Vizcaina Las Gundiñas Lomas De Valtuille,2019,750,43,"Wine-Searcher average retail, vintage-specific",ws_vintage,2026-08-24,0
raul perez ultreia de paluezas|2014|750,Raul Pérez Ultreia de Paluezas,2014,750,,Insufficient data,insufficient,2026-08-24,0
raul perez ultreia de paluezas|2016|750,Raul Pérez Ultreia de Paluezas,2016,750,,Insufficient data,insufficient,2026-08-24,0
raul perez ultreia godello|2016|750,Raul Pérez Ultreia Godello,2016,750,,Insufficient data,insufficient,2026-08-24,0
raul perez ultreia godello|2019|750,Raul Pérez Ultreia Godello,2019,750,31,"Wine-Searcher average retail, vintage-specific",ws_vintage,2026-08-24,0
raul perez ultreia la claudina|2015|750,Raul Pérez Ultreia La Claudina,2015,750,36,"Wine-Searcher average retail, vintage-specific",ws_vintage,2026-08-24,0
raul perez ultreia la claudina|2016|750,Raul Pérez Ultreia La Claudina,2016,750,70,"Wine-Searcher average retail, vintage-specific",ws_vintage,2026-08-24,0
raul perez ultreia mencia rapolao|2014|750,Raul Pérez Ultreia Mencia Rapolao,2014,750,,Insufficient data,insufficient,2026-08-24,0
raul perez ultreia saint jacques|2016|750,Raul Pérez Ultreia Saint Jacques,2016,750,28,"Wine-Searcher average retail, vintage-specific",ws_vintage,2026-08-24,0
raul perez ultreia saint jacques|2018|750,Raul Pérez Ultreia Saint Jacques,2018,750,24,"Wine-Searcher average retail, vintage-specific",ws_vintage,2026-08-24,0
raul perez ultreia saint jacques|2020|750,Raul Pérez Ultreia Saint Jacques,2020,750,23,"Wine-Searcher average retail, vintage-specific",ws_vintage,2026-08-24,0
raventos i blanc blanc de blancs|2020|750,Raventós i Blanc Blanc de Blancs,2020,750,,Insufficient data,insufficient,2026-08-24,0
raymond usseglio chateauneuf du pape cuvee imperiale vignes centenaires|2007|750,Raymond Usseglio Chateauneuf du Pape Cuvee Imperiale Vignes Centenaires,2007,750,159,"Wine-Searcher average retail, vintage-specific",ws_vintage,2026-09-07,0
raymond usseglio chateauneuf du pape cuvee imperiale vignes centenaires|2010|750,Raymond Usseglio Chateauneuf du Pape Cuvee Imperiale Vignes Centenaires,2010,750,145,"Wine-Searcher average price $145/750ml, vintage-specific (2010), 95pt (a single-retailer $60 listing looked anomalously low and was not used)",ws_vintage,2026-09-28,0
raymond usseglio chateauneuf du pape cuvee imperiale|2007|750,Raymond Usseglio Chateauneuf du Pape Cuvee Imperiale,2007,750,155,"Wine Cellarage (Bronx, NY) / Wine-Searcher $155/750ml, vintage-specific (2007), 92pt",ws_vintage,2026-09-28,0
raymond usseglio chateauneuf du pape|2006|750,Raymond Usseglio Châteauneuf-du-Pape,2006,750,73,"Wine-Searcher average retail, all-vintage fallback (base cuvee; no 2006-specific figure surfaced)",ws_allvintage,2026-09-07,0
rebourgeon mure pommard clos des charmots|2018|750,Rebourgeon-Mure Pommard Clos des Charmots,2018,750,62.13,"totalgrandcru.com, exact vintage match; EUR 57.00 converted at 1.09 USD/EUR",ws_vintage,2026-09-01,0
remirez de ganuza fincas de ganuza reserva|2015|750,Remirez de Ganuza Fincas de Ganuza Reserva,2015,750,39.9,Saratoga Wine $39.90 (out of stock) for 2015 Remirez de Ganuza Fincas de Ganuza Reserva 750ml,ws_single_retailer,2026-10-05,0
remirez de ganuza rioja gran reserva|2015|750,Remirez de Ganuza Rioja Gran Reserva,2015,750,,"Insufficient data - searched, only EUR price found",insufficient,2026-10-05,0
remirez de ganuza rioja trasnocho reserva|2018|750,Remirez de Ganuza Rioja Trasnocho Reserva,2018,750,,"Insufficient data - searched, only a 2014 price found",insufficient,2026-10-05,0
remy massin brut tradition|NV|750,Remy Massin Brut Tradition,NV,750,43.0,CallMeWine US Remy Massin Brut Blanc de Noirs Tradition NV 750ml $43.00,ws_single_retailer,2026-10-05,0
renato corino barolo rocche dell annunziata|2010|750,Renato Corino Barolo Rocche dell'Annunziata,2010,750,62,"Wine-Searcher $62/750ml, 92pt (not clearly vintage-tied to 2010)",ws_allvintage,2026-09-28,0
renato ratti barolo marcenasco|2010|750,Renato Ratti Barolo Marcenasco,2010,750,68,"Wine-Searcher average retail, vintage-specific",ws_vintage,2026-09-15,0
renato ratti barolo marcenasco|2021|750,Renato Ratti Barolo Marcenasco,2021,750,76.0,"Wine-Searcher average retail (ex-tax), vintage-specific 2021 page",ws_vintage,2026-09-21,0
rene bourgeons givry|1995|750,Rene Bourgeons Givry,1995,750,21,"Wine-Searcher average retail, all-vintage (basic villages bottling)",ws_allvintage,2026-09-17,0
rene bourgeons givry|1996|750,Rene Bourgeons Givry,1996,750,21,"Wine-Searcher average retail, all-vintage (basic villages bottling)",ws_allvintage,2026-09-17,0
rene leclerc bourgogne rouge|2015|750,Rene Leclerc Bourgogne Rouge,2015,750,28,Estimate — no price digit surfaced in search results,estimate,2026-08-24,0
rene leclerc gevrey chambertin lavaux st jacques|2021|750,Rene Leclerc Gevrey-Chambertin Lavaux St.-Jacques,2021,750,161,"Wine-Searcher average retail, all-vintage (2021-specific retail also seen $144.99-$181.99, Waterford Wine)",ws_allvintage,2026-09-07,0
rene rostaing condrieu la bonnette|2020|750,Rene Rostaing Condrieu La Bonnette,2020,750,96,"Wine-Searcher average retail, vintage-specific (2020)",ws_vintage,2026-08-24,0
rene rostaing condrieu la bonnette|2022|750,Rene Rostaing Condrieu La Bonnette,2022,750,67,"Wine-Searcher average retail, vintage-specific (2022)",ws_vintage,2026-08-24,0
rene rostaing cote rotie ampodium|2021|750,Rene Rostaing Cote-Rotie Ampodium,2021,750,94,"Wine-Searcher average retail, vintage-specific (2021)",ws_vintage,2026-08-24,0
rene rostaing les lezardes viognier|2020|750,Rene Rostaing Les Lezardes Viognier,2020,750,22,"Wine-Searcher average retail, all-vintage average",ws_allvintage,2026-08-24,0
renieri brunello di montalcino riserva|2016|750,Renieri Brunello di Montalcino Riserva,2016,750,100,"Wine-Searcher average retail, vintage-specific",ws_vintage,2026-09-07,0
renieri brunello di montalcino|2013|750,Renieri Brunello di Montalcino,2013,750,75.0,Retail listings for 2013 Renieri Brunello $75.00-$82.99 (Wine Gallery $75.99 Millesima $82.99); lowest used,ws_single_retailer,2026-09-21,0
renieri chianti classico riserva|2021|750,Renieri Chianti Classico Riserva,2021,750,27.99,"totalwine.com, exact vintage match",ws_vintage,2026-09-01,0
renzo marinai chianti classico riserva|2016|750,Renzo Marinai Chianti Classico Riserva,2016,750,32.16,"casaporciatti.it, exact vintage match; EUR 29.50 converted at 1.09 USD/EUR",ws_vintage,2026-09-01,0
reserve de la comtesse|2000|750,Réserve de la Comtesse,2000,750,97,"Wine-Searcher average retail, vintage-specific",ws_vintage,2026-09-15,0
reserve de la comtesse|2016|750,Réserve de la Comtesse,2016,750,74.99,"shop.klwines.com, exact vintage match",ws_vintage,2026-09-01,0
richardot brut rose|NV|750,Richardot Brut Rose,NV,750,,Insufficient data: no Richardot listing found (searched once),insufficient,2026-10-05,0
robert groffier bourgogne pinot noir|1996|750,Robert Groffier Bourgogne Pinot Noir,1996,750,,No reliable price found: no 1996 price at any source,insufficient,2026-09-21,0
roberto mazzi and figli amarone della valpolicella punta di villa classico superiore|2016|750,Roberto Mazzi & Figli Amarone della Valpolicella Punta di Villa Classico Superiore,2016,750,,only candidate price found ($429) had no vintage confirmation and looked inconsistent with this producer's typical pricing; other retailer pages blocked or 404,insufficient,2026-09-01,0
roberto sarotto barolo bergera pezzole|2019|750,Roberto Sarotto Barolo Bergera Pezzole,2019,750,60.0,US retailer $60 for 2019 Roberto Sarotto Barolo 750ml (search snippet; Bergera-Pezzole cru bottling not separately priced),ws_single_retailer,2026-10-05,0
roccolo grassi amarone della valpolicella|2017|750,Roccolo Grassi Amarone Della Valpolicella,2017,750,90.11,"cluboenologique.com, exact vintage match; GBP 70.95 converted at 1.27 USD/GBP",ws_vintage,2026-09-01,0
roger belland chassagne montrachet morgeot clos pitois blanc|2022|750,Roger Belland Chassagne-Montrachet Morgeot Clos Pitois Blanc,2022,750,125.0,"ansoniawines.com, exact vintage match",ws_vintage,2026-09-01,0
roger coulon premier cru heri hodie|NV|750,Roger Coulon Premier Cru Heri-Hodie,NV,750,67.03,"saratogawine.com, NV exact match, case pre-arrival pricing",ws_vintage,2026-09-01,0
roger perrin chateauneuf du pape|2011|750,Roger Perrin Châteauneuf-du-Pape,2011,750,,Insufficient data,insufficient,2026-09-15,0
roger sabon chateauneuf du pape cuvee prestige|2007|750,Roger Sabon Châteauneuf-du-Pape Cuvee Prestige,2007,750,65,"Wine-Searcher average retail, vintage-specific",ws_vintage,2026-09-07,0
roger sabon chateauneuf du pape cuvee reserve|2010|750,Roger Sabon Châteauneuf-du-Pape Cuvee Reserve,2010,750,54,"Wine-Searcher average retail, all-vintage (a 2010-specific figure surfaced by search was for the Cuvee Prestige bottling, not Reserve - excluded as a cuvee mismatch)",ws_allvintage,2026-09-07,0
roger sabon chateauneuf du pape le secret des sabon|2007|750,Roger Sabon Chateauneuf du Pape Le Secret des Sabon,2007,750,,"only candidate price found ($494.62/bottle, saratogawine pre-arrival) looked implausibly high for this cuvee and could not be cross-verified; other sources had no price or were blocked",insufficient,2026-09-01,0
roger sabon chateauneuf du pape le secret des sabon|2016|750,Roger Sabon Chateauneuf du Pape Le Secret des Sabon,2016,750,179,"Wine-Searcher average retail, all-vintage average",ws_allvintage,2026-08-24,0
roland champion brut grand cru special club|2018|750,Roland Champion Brut Grand Cru Special Club,2018,750,104.99,"eBay marketplace listing, exact vintage match",ws_vintage,2026-09-01,0
roland lavantureux bourgogne tonnerre|2022|750,Roland Lavantureux Bourgogne Tonnerre,2022,750,47,"Wine-Searcher average retail, vintage-specific (2022)",ws_vintage,2026-08-24,0
roland lavantureux chablis vaux carres|2023|750,Roland Lavantureux Chablis Vaux Carres,2023,750,42,Estimate — no price digit surfaced in search results,estimate,2026-08-24,0
roland sounit mercurey|2019|750,Roland Sounit Mercurey,2019,750,,no retailer price found for this vintage,insufficient,2026-09-01,0
roland sounit rully meix cadot|2019|750,Roland Sounit Rully Meix Cadot,2019,750,,"only 2020 and 2022 vintages found in market, no reliable 2019 price",insufficient,2026-09-01,0
romaneaux destezet herve souhaut st joseph les cessieux|2022|750,Romaneaux-Destezet (Hervé Souhaut) St. Joseph Les Cessieux,2022,750,80,"Wine-Searcher price history, vintage-specific",ws_vintage,2026-09-07,0
romano dal forno nettare|1997|375,Romano Dal Forno Nettare,1997,375,,"Insufficient data - confirmed a genuine dessert wine (dried-grape, barrique-aged), no price found",insufficient,2026-09-15,0
romano dal forno valpolicella superiore vigneto monte lodoletta|2018|750,Romano Dal Forno Valpolicella Superiore Vigneto Monte Lodoletta,2018,750,153.0,Wine-Searcher price on 2018 vintage page (Dal Forno Vigneto Monte Lodoletta Valpolicella Superiore),ws_vintage,2026-09-21,0
romano dal forno valpolicella superiore|2004|750,Romano Dal Forno Valpolicella Superiore,2004,750,57,"Retailer case price (Berry Bros & Rudd, GBP540/case-12 converted), vintage-specific",ws_single_retailer,2026-09-15,0
romano dal forno valpolicella superiore|2018|750,Romano Dal Forno Valpolicella Superiore,2018,750,153.0,Wine-Searcher 2018 vintage page for Dal Forno Vigneto Monte Lodoletta Valpolicella Superiore (the estate's only Valpolicella Superiore; auction name omits the vineyard),ws_vintage,2026-09-21,0
ronchi di giancarlo rocca barbaresco ronchi|2007|750,Ronchi di Giancarlo Rocca Barbaresco Ronchi,2007,750,,Insufficient data - producer name confusion with unrelated Albino Rocca,insufficient,2026-09-15,0
rossignol trapet gevrey chambertin aux etelois|2019|750,Rossignol-Trapet Gevrey-Chambertin Aux Etelois,2019,750,,"Insufficient data - searched, only NOK pricing found",insufficient,2026-10-05,0
rossignol trapet gevrey chambertin petite chapelle|2021|750,Rossignol-Trapet Gevrey-Chambertin Petite Chapelle,2021,750,,"Insufficient data - searched, only NZD pricing found",insufficient,2026-10-05,0
rotem and mounir saouma chateauneuf du pape blanc magis|2021|750,Rotem & Mounir Saouma Chateauneuf du Pape Blanc Magis,2021,750,157.0,Wine-Searcher price on 2021 vintage page (all-vintage avg $148),ws_vintage,2026-09-21,0
ruffino chianti classico riserva ducale gold label|2017|750,Ruffino Chianti Classico Riserva Ducale (Gold Label),2017,750,21.99,"wine.com, exact vintage match, regular price used (sold out)",ws_vintage,2026-09-01,0
ruffino chianti classico riserva ducale gold label|2020|750,Ruffino Chianti Classico Riserva Ducale (Gold Label),2020,750,40,Estimate — no price digit surfaced in search results,estimate,2026-08-24,0
ruffino chianti classico riserva ducale tan label|2021|750,Ruffino Chianti Classico Riserva Ducale (Tan Label),2021,750,20,"Wine-Searcher average retail, all-vintage average",ws_allvintage,2026-08-24,0
ruinart brut blanc de blancs|NV|750,Ruinart Brut Blanc de Blancs,NV,750,97.2,"saratogawine.com, NV exact match",ws_vintage,2026-09-01,0
ruinart brut rose|NV|750,Ruinart Brut Rosé,NV,750,112,"Wine-Searcher average retail, US average",ws_vintage,2026-08-24,0
s a huet vouvray cuvee constance|2002|500,S.A. Huet Vouvray Cuvee Constance,2002,500,283,"Wine-Searcher average price (ex-tax) $283, vintage-specific (2002), 96pt",ws_vintage,2026-09-28,0
sadi malot brut les 2 cepages|NV|750,Sadi Malot Brut Les 2 Cepages,NV,750,,Insufficient data: only GBP/CHF prices (searched once),insufficient,2026-10-05,0
saint aix coteaux d aix en provence aix rose|2022|1500,Saint Aix Coteaux d'Aix en Provence AIX Rose,2022,1500,,"only non-USD retailer prices found (HKD, GBP pages blocked); no reliable USD price",insufficient,2026-09-01,0
salmon brut cuvee meunier|NV|750,Salmon Brut Cuvée Meunier,NV,750,,"Insufficient data - searched, no price found",insufficient,2026-10-05,0
salmon brut selection|NV|750,Salmon Brut Sélection,NV,750,,"Insufficient data - searched, no price found",insufficient,2026-10-05,0
san giusto a rentennano chianti classico riserva le baroncole|2015|750,San Giusto a Rentennano Chianti Classico Riserva Le Baroncole,2015,750,74,"Wine-Searcher average retail, all-vintage",ws_allvintage,2026-09-07,0
san giusto a rentennano la ricolma|2010|750,San Giusto a Rentennano La Ricolma,2010,750,199,"Benchmark Wine Group (Napa, CA) $199/750ml, vintage-specific (2010), 95pt",ws_single_retailer,2026-09-28,0
san giusto a rentennano percarlo|2007|750,San Giusto a Rentennano Percarlo,2007,750,,"Insufficient data - searched, only GBP/EUR pricing found",insufficient,2026-10-05,0
san giusto a rentennano percarlo|2020|750,San Giusto a Rentennano Percarlo,2020,750,186,"Wine-Searcher average retail (USA), all-vintage",ws_allvintage,2026-09-07,0
san polino brunello di montalcino|2017|750,San Polino Brunello di Montalcino,2017,750,80.0,"wine.com, exact vintage match, regular price used (sold out, was $79.99)",ws_vintage,2026-09-01,0
san rustico ripasso della valpolicella classico superiore vigneti del gaso|1998|750,San Rustico Ripasso della Valpolicella Classico Superiore Vigneti del Gaso,1998,750,46,"Wine-Searcher average retail, all-vintage average (1998 not separately listed)",ws_allvintage,2026-08-24,0
san silvestro barolo patres|2020|750,San Silvestro Barolo Patres,2020,750,55.0,"solanocellars.com, exact vintage match, regular price used (page also showed a $46.00 sale price)",ws_vintage,2026-09-01,0
santa margherita cabernet sauvignon|1986|750,Santa Margherita Cabernet Sauvignon,1986,750,,Insufficient data,insufficient,2026-09-15,0
scarpa barolo tettimorra|2013|750,Scarpa Barolo Tettimorra,2013,750,,Stage 1: 90pt rating found but no price figure,insufficient,2026-09-28,0
scopetone brunello di montalcino|1997|750,Scopetone Brunello di Montalcino,1997,750,,Insufficient data: no 1997 price; only recent vintages (searched once),insufficient,2026-10-05,0
seghesio aldo ricardo barolo la villa|1997|750,Seghesio (Aldo Ricardo) Barolo La Villa,1997,750,85.56,Saratoga Wine Seghesio Barolo La Villa 1997 750ml $85.56 (search synthesis; direct fetch blocked 403; 1996 listed $85.65),ws_single_retailer,2026-10-05,0
sella and mosca cannonau di sardenga riserva|2018|750,Sella & Mosca Cannonau di Sardenga Riserva,2018,750,16.99,"wine.com, exact vintage match",ws_vintage,2026-09-01,0
selvapiana chianti rufina bucerchiale riserva|2004|750,Selvapiana Chianti Rufina Bucerchiale Riserva,2004,750,34,"Wine-Searcher average retail, vintage-specific",ws_vintage,2026-09-15,0
selvapiana chianti rufina bucerchiale riserva|2012|750,Selvapiana Chianti Rufina Bucerchiale Riserva,2012,750,22,"Wine-Searcher average retail, vintage-specific",ws_vintage,2026-09-15,0
selvapiana chianti rufina|2007|750,Selvapiana Chianti Rùfina,2007,750,,Insufficient data,insufficient,2026-09-15,0
senorio de san vicente rioja|1994|750,Senorio de San Vicente Rioja,1994,750,,"Stage 1: price range too wide ($175-$968) to be reliable, no single clean figure",insufficient,2026-09-28,0
senorio de sarria reserva especial|2017|750,Senorio De Sarria Reserva Especial,2017,750,,candidate retailer pages had no visible price or were blocked (robots),insufficient,2026-09-01,0
serre dei roveri barolo|2019|750,Serre dei Roveri Barolo,2019,750,23,"Wine-Searcher average retail, all-vintage (base bottling)",ws_allvintage,2026-09-15,0
sette ponti toscana oreno|2003|750,Sette Ponti Toscana Oreno,2003,750,65,"Benchmark Wine Group (Napa, CA) $65/750ml, vintage-specific (2003)",ws_single_retailer,2026-09-28,0
sette ponti toscana oreno|2006|750,Sette Ponti Toscana Oreno,2006,750,,"Insufficient data - searched, no USD price found",insufficient,2026-10-05,0
sette ponti toscana oreno|2008|750,Sette Ponti Toscana Oreno,2008,750,,"Insufficient data - searched, no USD price found",insufficient,2026-10-05,0
sierra cantabria crianza vendimia especial|1995|750,Sierra Cantabria Crianza Vendimia Especial,1995,750,,Insufficient data,insufficient,2026-08-24,0
silvio grasso barolo|1997|750,Silvio Grasso Barolo,1997,750,83,"Wine-Searcher average retail, vintage-specific",ws_vintage,2026-09-07,0
simon bize savigny les beaune aux vergelesses|2012|750,Simon Bize Savigny Les Beaune Aux Vergelesses,2012,750,,Stage 1: no price figure returned,insufficient,2026-09-28,0
simon bize savigny les beaune aux vergelesses|2016|750,Simon Bize Savigny Les Beaune Aux Vergelesses,2016,750,80,"Wine-Searcher average retail, vintage-specific",ws_vintage,2026-09-15,0
simon bize savigny les beaune les talmettes|2014|750,Simon Bize Savigny-Les-Beaune Les Talmettes,2014,750,101.5,Adjacent vintage: 2015 Bize Les Talmettes $101.50 (2018 $75); 2014 not found,ws_adjacent,2026-10-05,0
siro pacenti brunello di montalcino|2004|750,Siro Pacenti Brunello di Montalcino,2004,750,,"Insufficient data - searched, only a different cuvee (PS) priced",insufficient,2026-10-05,0
siro pacenti brunello di montalcino|2006|750,Siro Pacenti Brunello di Montalcino,2006,750,,Stage 1: no price figure returned,insufficient,2026-09-28,0
sori della sorba nebbiolo|2021|750,Sorì della Sorba Nebbiolo,2021,750,59.95,First Bottle Wines 2021 Sori della Sorba Langhe Nebbiolo 750ml $59.95 sale price (stated retail $100; lower used),ws_single_retailer,2026-10-05,0
sottimano barbaresco curra|2007|750,Sottimano Barbaresco Curra,2007,750,,Insufficient data - only score 91 found,insufficient,2026-09-15,0
sportoletti villa fidelia rosso|1999|750,Sportoletti Villa Fidelia Rosso,1999,750,,Insufficient data: no 1999 price found (searched once),insufficient,2026-10-05,0
stefano farina barolo|1997|750,Stefano Farina Barolo,1997,750,,Insufficient data: no Stefano Farina listing found (searched once),insufficient,2026-10-05,0
stefano farina barolo|2001|750,Stefano Farina Barolo,2001,750,,Insufficient data - only score 90 found,insufficient,2026-09-15,0
sylvain pataille marsannay clos du roy blanc|2023|750,Sylvain Pataille Marsannay Clos du Roy Blanc,2023,750,,"Insufficient data - searched, only EUR pricing found",insufficient,2026-10-05,0
sylvain pataille marsannay la chapitre rouge|2023|750,Sylvain Pataille Marsannay La Chapitre Rouge,2023,750,,Stage 1: matched 'Le Chapitre Rouge' bottling but no price figure returned,insufficient,2026-09-28,0
taittinger brut la francaise|NV|1500,Taittinger Brut La Francaise,NV,1500,139.99,"wine.com, NV exact match, magnum, regular price used (sold out)",ws_vintage,2026-09-01,0
taittinger brut la francaise|NV|750,Taittinger Brut La Francaise,NV,750,65,Wine-Searcher average retail,ws_vintage,2026-08-24,0
taittinger brut prelude|NV|750,Taittinger Brut Prelude,NV,750,,candidate retailer pages had no visible price or were blocked/timed out,insufficient,2026-09-01,0
taittinger brut prestige rose|NV|750,Taittinger Brut Prestige Rose,NV,750,62.38,"saratogawine.com, NV exact match",ws_vintage,2026-09-01,0
taittinger brut reserve fifa world cup 26|NV|750,Taittinger Brut Réserve Fifa World Cup 26,NV,750,70.0,"Wine-Searcher NV average retail (ex-tax), Taittinger FIFA World Cup Edition Reserve Brut page",ws_allvintage,2026-09-21,0
taittinger nocturne rose sec|NV|750,Taittinger Nocturne Rose Sec,NV,750,68.99,"unclefossil.com, NV exact match",ws_vintage,2026-09-01,0
taittinger nocturne sec|NV|750,Taittinger Nocturne Sec,NV,750,84.99,"binnys.com, NV exact match",ws_vintage,2026-09-01,0
tardieu laurent chateauneuf du pape|2010|750,Tardieu-Laurent Châteauneuf-du-Pape,2010,750,,"Insufficient data - searched, no USD price found",insufficient,2026-10-05,0
tardieu laurent cornas coteaux|1996|750,Tardieu-Laurent Cornas Coteaux,1996,750,,"Insufficient data - searched, only EUR auction estimate for another vintage",insufficient,2026-10-05,0
tardieu laurent cornas coteaux|2010|750,Tardieu-Laurent Cornas Coteaux,2010,750,,"Insufficient data - searched, only EUR auction estimate found",insufficient,2026-10-05,0
telmo rodriguez toro gago|1999|750,Telmo Rodriguez Toro Gago,1999,750,,"Insufficient data - searched, no 1999 price found",insufficient,2026-10-05,0
tenimenti d alessandro cortona il bosco syrah|1997|750,Tenimenti d'Alessandro Cortona Il Bosco Syrah,1997,750,32,"Wine-Searcher average retail, vintage-specific",ws_vintage,2026-09-15,0
tenuta argentiera bolgheri superiore|2019|750,Tenuta Argentiera Bolgheri Superiore,2019,750,127.0,"Wine-Searcher average retail (ex-tax), vintage-specific 2019 page",ws_vintage,2026-09-21,0
tenuta caparzo brunello di montalcino|2006|750,Tenuta Caparzo Brunello di Montalcino,2006,750,65,Estimate — no price digit surfaced in search results,estimate,2026-08-24,0
tenuta caparzo brunello di montalcino|2018|750,Tenuta Caparzo Brunello di Montalcino,2018,750,53.0,"Wine-Searcher average retail (ex-tax), vintage-specific 2018 page",ws_vintage,2026-09-21,0
tenuta dell ornellaia poggio alle gazze|2015|750,Tenuta Dell'Ornellaia Poggio alle Gazze,2015,750,58,"Wine-Searcher average retail, vintage-specific (2015)",ws_vintage,2026-08-24,0
tenuta delle terre nere etna bianco calderara sottana cuvee delle vigne niche|2019|750,Tenuta Delle Terre Nere Etna Bianco Calderara Sottana Cuvée delle Vigne Niche,2019,750,46,Estimate — no price digit surfaced in search results,estimate,2026-08-24,0
tenuta delle terre nere etna bianco calderara sottana cuvee delle vigne niche|2020|750,Tenuta Delle Terre Nere Etna Bianco Calderara Sottana Cuvée delle Vigne Niche,2020,750,46,Estimate — no price digit surfaced in search results,estimate,2026-08-24,0
tenuta delle terre nere etna bianco cuvee delle vigne niche|2012|750,Tenuta Delle Terre Nere Etna Bianco Cuvee delle Vigne Niche,2012,750,54,"Wine-Searcher average retail, all-vintage (exact cuvee match)",ws_allvintage,2026-09-17,0
tenuta delle terre nere etna bianco montalto cuvee delle vigne niche|2019|750,Tenuta Delle Terre Nere Etna Bianco Montalto Cuvée delle Vigne Niche,2019,750,43,"Wine-Searcher average retail, vintage-specific (2019)",ws_vintage,2026-08-24,0
tenuta delle terre nere etna bianco santo spirito cuvee delle vigne niche|2019|750,Tenuta Delle Terre Nere Etna Bianco Santo Spirito Cuvée delle Vigne Niche,2019,750,50,"Wine-Searcher average retail, all-vintage average",ws_allvintage,2026-08-24,0
tenuta delle terre nere etna bianco santo spirito cuvee delle vigne niche|2020|750,Tenuta Delle Terre Nere Etna Bianco Santo Spirito Cuvée delle Vigne Niche,2020,750,50,"Wine-Searcher average retail, appears to be all-vintage average",ws_allvintage,2026-08-24,0
tenuta delle terre nere etna bianco superiore cuvee delle vigne niche|2020|750,Tenuta Delle Terre Nere Etna Bianco Superiore Cuvée delle Vigne Niche,2020,750,54,"Wine-Searcher average retail, vintage-specific",ws_vintage,2026-09-15,0
tenuta delle terre nere etna rosso calderara sottana|2017|750,Tenuta Delle Terre Nere Etna Rosso Calderara Sottana,2017,750,72,"Wine-Searcher average retail, 2019 vintage used as adjacent proxy",ws_adjacent,2026-08-24,0
tenuta delle terre nere etna rosso calderara sottana|2019|750,Tenuta Delle Terre Nere Etna Rosso Calderara Sottana,2019,750,72,"Wine-Searcher average retail, vintage-specific",ws_vintage,2026-08-24,0
tenuta delle terre nere etna rosso calderara sottana|2020|750,Tenuta Delle Terre Nere Etna Rosso Calderara Sottana,2020,750,72,"Wine-Searcher average retail, 2019 vintage used as adjacent proxy",ws_adjacent,2026-08-24,0
tenuta delle terre nere etna rosso feudo di mezzo il quadro delle rose|2017|750,Tenuta Delle Terre Nere Etna Rosso Feudo di Mezzo Il Quadro delle Rose,2017,750,65,Estimate based on producer's comparable single-vineyard cru pricing,estimate,2026-08-24,0
tenuta delle terre nere etna rosso feudo di mezzo il quadro delle rose|2019|750,Tenuta Delle Terre Nere Etna Rosso Feudo di Mezzo Il Quadro delle Rose,2019,750,65,Estimate based on producer's comparable single-vineyard cru pricing,estimate,2026-08-24,0
tenuta delle terre nere etna rosso feudo di mezzo il quadro delle rose|2020|750,Tenuta Delle Terre Nere Etna Rosso Feudo di Mezzo Il Quadro delle Rose,2020,750,65,Estimate based on producer's comparable single-vineyard cru pricing,estimate,2026-08-24,0
tenuta delle terre nere etna rosso guardiola|2018|750,Tenuta Delle Terre Nere Etna Rosso Guardiola,2018,750,63,"Wine-Searcher average retail, appears to be all-vintage average",ws_allvintage,2026-08-24,0
tenuta delle terre nere etna rosso guardiola|2019|750,Tenuta Delle Terre Nere Etna Rosso Guardiola,2019,750,63,"Wine-Searcher average retail, appears to be all-vintage average",ws_allvintage,2026-08-24,0
tenuta delle terre nere etna rosso guardiola|2020|750,Tenuta Delle Terre Nere Etna Rosso Guardiola,2020,750,63,"Wine-Searcher average retail, appears to be all-vintage average",ws_allvintage,2026-08-24,0
tenuta delle terre nere etna rosso la vigna di don peppino prephylloxera|2017|750,Tenuta Delle Terre Nere Etna Rosso La Vigna Di Don Peppino Prephylloxera,2017,750,150,Estimate based on producer's top-tier bottling reputation,estimate,2026-08-24,0
tenuta delle terre nere etna rosso moganazzi vecchie vigne|2018|750,Tenuta Delle Terre Nere Etna Rosso Moganazzi Vecchie Vigne,2018,750,53,"Wine-Searcher average retail, 2019 vintage used as adjacent proxy",ws_adjacent,2026-08-24,0
tenuta delle terre nere etna rosso moganazzi vecchie vigne|2019|750,Tenuta Delle Terre Nere Etna Rosso Moganazzi Vecchie Vigne,2019,750,53,"Wine-Searcher average retail, appears to be all-vintage average",ws_allvintage,2026-08-24,0
tenuta delle terre nere etna rosso moganazzi vecchie vigne|2020|750,Tenuta Delle Terre Nere Etna Rosso Moganazzi Vecchie Vigne,2020,750,53,"Wine-Searcher average retail, appears to be all-vintage average",ws_allvintage,2026-08-24,0
tenuta delle terre nere etna rosso santo spirito vecchie vigne|2016|750,Tenuta Delle Terre Nere Etna Rosso Santo Spirito Vecchie Vigne,2016,750,56,"WineBid auction listing, vintage-specific",auction,2026-08-24,0
tenuta delle terre nere etna rosso santo spirito vecchie vigne|2018|750,Tenuta Delle Terre Nere Etna Rosso Santo Spirito Vecchie Vigne,2018,750,60,"Wine-Searcher average retail, appears to be all-vintage average",ws_allvintage,2026-08-24,0
tenuta delle terre nere etna rosso santo spirito vecchie vigne|2019|750,Tenuta Delle Terre Nere Etna Rosso Santo Spirito Vecchie Vigne,2019,750,60,"Wine-Searcher average retail, appears to be all-vintage average",ws_allvintage,2026-08-24,0
tenuta delle terre nere etna rosso santo spirito vecchie vigne|2020|750,Tenuta Delle Terre Nere Etna Rosso Santo Spirito Vecchie Vigne,2020,750,60,"Wine-Searcher average retail, appears to be all-vintage average",ws_allvintage,2026-08-24,0
tenuta delle terre nere san lorenzo vecchie vigne|2017|750,Tenuta Delle Terre Nere San Lorenzo Vecchie Vigne,2017,750,146,"Wine-Searcher average retail, vintage-specific",ws_vintage,2026-08-24,0
tenuta delle terre nere san lorenzo vecchie vigne|2018|750,Tenuta Delle Terre Nere San Lorenzo Vecchie Vigne,2018,750,79,"Wine-Searcher average retail, vintage-specific",ws_vintage,2026-08-24,0
tenuta delle terre nere san lorenzo vecchie vigne|2019|750,Tenuta Delle Terre Nere San Lorenzo Vecchie Vigne,2019,750,74,"Wine-Searcher average retail, vintage-specific",ws_vintage,2026-08-24,0
tenuta delle terre nere san lorenzo vecchie vigne|2020|750,Tenuta Delle Terre Nere San Lorenzo Vecchie Vigne,2020,750,74,"Wine-Searcher average retail, adjacent-vintage (2019 price used, no 2020-specific figure in snippet)",ws_adjacent,2026-08-24,0
tenuta di arceno chianti classico gran selezione campolupi|2021|750,Tenuta di Arceno Chianti Classico Gran Selezione Campolupi,2021,750,69.99,K&L Wines $69.99 (Good Pour $74.99) for 2021 Tenuta di Arceno Campolupi Gran Selezione 750ml,ws_single_retailer,2026-10-05,0
tenuta di arceno chianti classico gran selezione strada al sasso|2021|750,Tenuta di Arceno Chianti Classico Gran Selezione Strada Al Sasso,2021,750,,"Insufficient data - searched, only the 2018 vintage found",insufficient,2026-10-05,0
tenuta di arceno chianti classico riserva|2020|750,Tenuta di Arceno Chianti Classico Riserva,2020,750,,"Insufficient data - searched, no Riserva 2020 price found",insufficient,2026-10-05,0
tenuta di arceno toscana arcanum|2012|750,Tenuta di Arceno Toscana Arcanum,2012,750,,"Insufficient data: only unreliable-currency Flask listing ($89.99, Singapore-based retailer) (searched once, cluster query)",insufficient,2026-10-05,0
tenuta di arceno toscana valadorna|2012|750,Tenuta di Arceno Toscana Valadorna,2012,750,,"Insufficient data: only CAD price and other vintages (searched once, cluster query)",insufficient,2026-10-05,0
tenuta di biserno insoglio del cinghiale campo di sasso bibbona|2024|750,Tenuta di Biserno Insoglio del Cinghiale Campo di Sasso Bibbona,2024,750,30,"Wine-Searcher average retail, vintage-specific",ws_vintage,2026-09-07,0
tenuta di gracciano della seta vino nobile di montepulciano|2018|750,Tenuta Di Gracciano Della Seta Vino Nobile di Montepulciano,2018,750,,Stage 1: only the Riserva tier was priced ($33) -- rejected as a likely tier mismatch for the plain bottling,insufficient,2026-09-28,0
tenuta ferrata punta drago etna rosso|2022|750,Tenuta Ferrata Punta Drago Etna Rosso,2022,750,,"Insufficient data - searched, only EUR pricing found",insufficient,2026-10-05,0
tenuta san guido guidalberto|2023|750,Tenuta San Guido Guidalberto,2023,750,88,"Wine-Searcher average retail (USA), vintage-specific",ws_vintage,2026-09-07,0
tenuta san guido sassicaia|2006|750,Tenuta San Guido Sassicaia,2006,750,,"Insufficient data - searched, only EUR/GBP pricing found",insufficient,2026-10-05,0
tenuta san guido sassicaia|2014|375,Tenuta San Guido Sassicaia,2014,375,175,"Wine-Searcher average retail, vintage-specific (scaled from 750ml)",ws_vintage,2026-08-24,0
tenuta san leonardo vallagarina san leonardo|1995|750,Tenuta San Leonardo Vallagarina San Leonardo,1995,750,,"Insufficient data - searched, no price found",insufficient,2026-10-05,0
tenuta sette ponti crognolo|2018|750,Tenuta Sette Ponti Crognolo,2018,750,,"Insufficient data - searched, only conflicting low quotes",insufficient,2026-10-05,0
tenuta torciano chianti classico riserva godenzio|2019|750,Tenuta Torciano Chianti Classico Riserva Godenzio,2019,750,58,"Retailer listing (wine.com $57.99), vintage-specific",ws_single_retailer,2026-09-15,0
tenuta villa rosa chianti classico gran selezione|2016|750,Tenuta Villa Rosa Chianti Classico Gran Selezione,2016,750,52,"Wine-Searcher average retail, vintage-specific",ws_vintage,2026-08-24,0
terrabianca campaccio|2005|750,Terrabianca Campaccio,2005,750,,Insufficient data - only score 90 found,insufficient,2026-09-15,0
terralsole brunello di montalcino riserva|2010|750,Terralsole Brunello di Montalcino Riserva,2010,750,112.0,"Wine-Searcher average retail (ex-tax), all-vintage average for Terralsole Brunello di Montalcino Riserva; 2010 same cuvee, not vintage-tied",ws_allvintage,2026-09-21,0
terralsole brunello di montalcino riserva|2012|750,Terralsole Brunello di Montalcino Riserva,2012,750,110.0,Wine-Searcher 2012 vintage price (~$110) for Terralsole Riserva,ws_vintage,2026-09-21,0
terralsole trio|2010|750,Terralsole Trio,2010,750,53.0,"Wine-Searcher average retail (ex-tax), vintage-specific 2010 page (Terralsole Trio)",ws_vintage,2026-09-21,0
terredora di paolo taurasi fatica contadina|2011|750,Terredora Di Paolo Taurasi Fatica Contadina,2011,750,36.0,"wine.com, exact vintage match, regular price used (sold out, was $33.99)",ws_vintage,2026-09-01,0
terres dorees jean paul brun fleurie|2009|750,Terres Dorées (Jean-Paul Brun) Fleurie,2009,750,,Insufficient data: only EUR/ZAR prices (searched once),insufficient,2026-10-05,0
theo dancer bourgogne aligote|2021|750,Theo Dancer Bourgogne Aligoté,2021,750,153,"Wine-Searcher average retail, vintage-specific (89/100)",ws_vintage,2026-09-17,0
thibaud boudignon savennieres clos de la hutte|2018|750,Thibaud Boudignon Savennieres Clos de la Hutte,2018,750,,"Insufficient data - searched, only a two-pack bundle price found",insufficient,2026-10-05,0
thibaud boudignon savennieres clos de la hutte|2019|750,Thibaud Boudignon Savennieres Clos de la Hutte,2019,750,,"Insufficient data - searched, no 2019 price found",insufficient,2026-10-05,0
thibaud boudignon savennieres clos de la hutte|2020|750,Thibaud Boudignon Savennieres Clos de la Hutte,2020,750,109.94,SFWTC $109.94 for 2020 Clos de la Hutte 750ml,ws_single_retailer,2026-10-05,0
thibaud boudignon savennieres clos de la hutte|2021|750,Thibaud Boudignon Savennieres Clos de la Hutte,2021,750,,"Insufficient data - searched, no 2021 price found",insufficient,2026-10-05,0
thibaud boudignon savennieres clos de la hutte|2022|750,Thibaud Boudignon Savennieres Clos de la Hutte,2022,750,93.95,Saratoga Wine $93.95 (Flatiron $119.99-$134.99) for 2022 Clos de la Hutte 750ml; lowest used,ws_single_retailer,2026-10-05,0
thibault liger belair aloxe corton la toppe au vert|2016|750,Thibault Liger-Belair Aloxe-Corton La Toppe au Vert,2016,750,140,"Wine-Searcher average retail, all-vintage",ws_allvintage,2026-09-07,0
thibault liger belair nuits st georges belle croix|2020|750,Thibault Liger-Belair Nuits St. Georges Belle Croix,2020,750,,"Insufficient data - searched, Belle Croix not found",insufficient,2026-10-05,0
thibault liger belair nuits st georges la charmotte|2019|750,Thibault Liger-Belair Nuits St. Georges La Charmotte,2019,750,84,"Wine-Searcher average retail, vintage-specific",ws_vintage,2026-08-24,0
thibault liger belair nuits st georges les saint georges|2019|750,Thibault Liger-Belair Nuits-St.-Georges Les Saint-Georges,2019,750,213,"Wine-Searcher average price (ex-tax) $213/750ml, vintage-specific (2019)",ws_vintage,2026-09-28,0
thibault liger belair vosne romanee aux reas|2016|750,Thibault Liger-Belair Vosne-Romanee Aux Reas,2016,750,,Insufficient data,insufficient,2026-08-24,0
thierry bernard brussier monthelie|1989|750,Thierry Bernard-Brussier Monthelie,1989,750,,No reliable price found: no Bernard-Brussier listing found,insufficient,2026-09-21,0
thierry despres grande maison cuvee du chateau cuvee diana monbazillac|1995|750,Thierry Despres Grande Maison Cuvée du Château Cuvée Diana Monbazillac,1995,750,,"Insufficient data - only price found was the WineBid lot's own current listing (circular), and the general 'Cuvee du Chateau' line price does not reliably match the specific named 'Cuvee Diana' bottling",insufficient,2026-09-07,0
thierry et pascale matrot blagny la piece sous le bois|2020|750,Thierry et Pascale Matrot Blagny La Pièce Sous le Bois,2020,750,97.0,Wine-Searcher average retail Domaine Matrot Blagny La Piece sous le Bois ~$97/750ml (2020 Wine Spectator listing $92),ws_allvintage,2026-09-21,0
thierry et pascale matrot meursault perrieres|2020|750,Thierry et Pascale Matrot Meursault - Perrières,2020,750,139.99,"shop.klwines.com, exact vintage match",ws_vintage,2026-09-01,0
thierry et pascale matrot meursault|2022|750,Thierry et Pascale Matrot Meursault,2022,750,99.99,"shop.klwines.com, exact vintage match",ws_vintage,2026-09-01,0
thierry et pascale matrot volnay santenots|2018|750,Thierry et Pascale Matrot Volnay Santenots,2018,750,89.99,Wine.com lists 2018 Matrot Volnay Santenots at $89.99 (Total Wine $114.99); lower used,ws_single_retailer,2026-09-21,0
thierry et pascale matrot volnay santenots|2022|750,Thierry et Pascale Matrot Volnay Santenots,2022,750,84.99,"perrineswine.com, exact vintage match",ws_vintage,2026-09-01,0
thierry germain saumur champigny les roches|2022|750,Thierry Germain Saumur-Champigny Les Roches,2022,750,,no retailer price found for this specific cuvee/vintage,insufficient,2026-09-01,0
thierry triolet brut grande reserve|NV|750,Thierry Triolet Brut Grande Réserve,NV,750,41,"Wine-Searcher listing under closest name match (Cuvee Grande Reserve Blanc de Blancs), all-vintage",ws_allvintage,2026-09-15,0
thomas labaille sancerre chavignol les monts damnes|2003|750,Thomas-Labaille Sancerre Chavignol Les Monts Damnes,2003,750,,"Insufficient data - no pricing found for the 2003 vintage; only current/recent vintages listed, and Sancerre is a drink-young style with no reliable 20+ year old comp",insufficient,2026-09-07,0
thomas labille chablis|2022|750,Thomas Labille Chablis,2022,750,24,"Wine-Searcher average retail, vintage-specific",ws_vintage,2026-08-24,0
thomas morey puligny montrachet la truffiere|2017|750,Thomas Morey Puligny-Montrachet La Truffière,2017,750,156,"Wine-Searcher, $115-$197/750ml range across sources, midpoint used",ws_allvintage,2026-09-28,0
tirecul la graviere|1994|500,Tirecul La Graviere,1994,500,53,"Wine-Searcher average price $53, vintage-specific (1994), 91pt, Monbazillac",ws_vintage,2026-09-28,0
toggenburg eccellenza|2018|750,Toggenburg Eccellenza,2018,750,,candidate retailer pages blocked or timed out,insufficient,2026-09-01,0
tolaini duesanti tenuta s giovanni|2003|5000,Tolaini Duesanti Tenuta S. Giovanni,2003,5000,,"Insufficient data - WS lists a differently-named cuvee (Valdisanti), no 2003 price, unusual 5L format",insufficient,2026-09-15,0
tollot beaut et fils beaune clos du roi|2005|750,Tollot-Beaut et Fils Beaune Clos du Roi,2005,750,,Insufficient data - only scores 90/91 found,insufficient,2026-09-15,0
tommasi viticoltori poggio al tufo rompicollo|2011|750,Tommasi Viticoltori Poggio al Tufo Rompicollo,2011,750,,Insufficient data - only score 88 found,insufficient,2026-09-15,0
tornesi brunello di montalcino riserva|2004|1500,Tornesi Brunello di Montalcino Riserva,2004,1500,,"Insufficient data: no 1.5L Riserva 2004 price found (searched once, cluster query)",insufficient,2026-10-05,0
tornesi brunello di montalcino|2007|1500,Tornesi Brunello di Montalcino,2007,1500,,"Insufficient data: no 1.5L 2007 price found (searched once, cluster query)",insufficient,2026-10-05,0
torraccia del piantavigna gattinara|2015|750,Torraccia Del Piantavigna Gattinara,2015,750,,"Insufficient data - searched, only a manufacturer recommended price found",insufficient,2026-10-05,0
torre alberghieri chianti classico|2009|750,Torre Alberghieri Chianti Classico,2009,750,,Insufficient data: no Torre Alberghieri listing found (searched once),insufficient,2026-10-05,0
trediberri barolo berri|2020|750,Trediberri Barolo Berri,2020,750,64.99,US retailer $64.99 (recommended retail $66.53) for 2020 Trediberri Barolo Berri 750ml,ws_single_retailer,2026-10-05,0
trediberri barolo del comune di la morra|2018|750,Trediberri Barolo del Comune di La Morra,2018,750,64,"Wine-Searcher average retail, vintage-specific",ws_vintage,2026-08-24,0
trimbach riesling cuvee frederic emile|2015|750,Trimbach Riesling Cuvee Frederic-Emile,2015,750,111.0,"Wine-Searcher average retail (ex-tax), vintage-specific 2015 page (F E Trimbach Cuvee Frederic Emile)",ws_vintage,2026-09-21,0
trimbach riesling cuvee frederic emile|2016|750,Trimbach Riesling Cuvee Frederic-Emile,2016,750,104.0,Wine-Searcher average retail ~$104/750ml for F E Trimbach Cuvee Frederic Emile (2016 page returned; average not explicitly vintage-tied),ws_allvintage,2026-09-21,0
trimbach riesling cuvee frederic emile|2017|750,Trimbach Riesling Cuvee Frederic-Emile,2017,750,107.0,Wine-Searcher average retail 2017 F E Trimbach Cuvee Frederic Emile ~$107/750ml (Woodland Hills $89.95),ws_vintage,2026-09-21,0
trimbach riesling geisberg|2016|750,Trimbach Riesling Geisberg,2016,750,155,"Wine-Searcher average retail, vintage-specific",ws_vintage,2026-08-24,0
trimbach riesling mandelberg|2016|750,Trimbach Riesling Mandelberg,2016,750,118,"Wine-Searcher listing, found via 2016-specific search",ws_vintage,2026-08-24,0
trimbach riesling reserve|2014|750,Trimbach Riesling Reserve,2014,750,32.99,"wine.com, exact vintage match, regular price used (sold out)",ws_vintage,2026-09-01,0
trimbach riesling schlossberg|2016|750,Trimbach Riesling Schlossberg,2016,750,139,"Wine-Searcher average retail, appears to be all-vintage average",ws_allvintage,2026-08-24,0
trimbach riesling schlossberg|2017|750,Trimbach Riesling Schlossberg,2017,750,89,"Wine-Searcher average retail, vintage-specific",ws_vintage,2026-08-24,0
trimbach riesling schlossberg|2019|750,Trimbach Riesling Schlossberg,2019,750,135.0,Wine-Searcher average retail 2019 F E Trimbach Riesling Schlossberg $135/750ml (avg $133-135; Leon & Son lists $105 so discount is sensitive to benchmark),ws_vintage,2026-09-21,0
tua rita syrah|2008|750,Tua Rita Syrah,2008,750,,Insufficient data,insufficient,2026-08-24,0
uccelliera brunello di montalcino|2016|750,Uccelliera Brunello di Montalcino,2016,750,,Insufficient data,insufficient,2026-08-24,0
uccelliera brunello di montalcino|2019|750,Uccelliera Brunello di Montalcino,2019,750,81.0,Wine-Searcher average retail 2019 Uccelliera Brunello di Montalcino $81/750ml,ws_vintage,2026-09-21,0
union de saint gall brut grand cru blanc de blancs millesime|2012|750,Union de Saint-Gall Brut Grand Cru Blanc de Blancs Millésimé,2012,750,,Insufficient data - search results repeatedly conflated this with the Orpale prestige cuvee pricing ($170-198); genuinely unclear which figure belongs to the base bottling vs. Orpale,insufficient,2026-09-07,0
union de saint gall brut grand cru blanc de blancs|NV|750,Union de Saint-Gall Brut Grand Cru Blanc de Blancs,NV,750,49,Wine-Searcher average retail,ws_vintage,2026-08-24,0
union de saint gall extra brut grand cru blanc de blancs|NV|750,Union de Saint-Gall Extra Brut Grand Cru Blanc de Blancs,NV,750,49,"Wine-Searcher average retail, all-vintage",ws_allvintage,2026-09-07,0
union de saint gall grand cru orpale blanc de blancs|2004|750,Union de Saint-Gall Grand Cru Orpale Blanc de Blancs,2004,750,210,"Wine-Searcher average retail, vintage-specific",ws_vintage,2026-09-07,0
v testulat brut premier cru cuvee prestige|NV|750,V Testulat Brut Premier Cru Cuvée Préstige,NV,750,,Insufficient data: no Testulat listing found (searched once),insufficient,2026-10-05,0
valdicava brunello di montalcino|1997|750,Valdicava Brunello di Montalcino,1997,750,429.99,Cask Cartel (US) $429.99 for 1997 Valdicava Brunello 750ml; single retailer,ws_single_retailer,2026-10-05,0
valdicava brunello di montalcino|2001|750,Valdicava Brunello di Montalcino,2001,750,189,"Retailer listing, vintage-specific, direct name/format match",ws_single_retailer,2026-09-15,0
valdicava brunello di montalcino|2019|750,Valdicava Brunello di Montalcino,2019,750,,Stage 1: no price figure extracted,insufficient,2026-09-28,0
valdicava brunello di montalcino|2020|750,Valdicava Brunello di Montalcino,2020,750,113,"US retailers (CA shipping) ~$107-$119/750ml, vintage-specific (2020), midpoint used",ws_vintage,2026-09-28,0
vallisassoli michelangelo|2019|1500,Vallisassoli Michelangelo,2019,1500,,Insufficient data: no Vallisassoli listing found (searched once),insufficient,2026-10-05,0
valsacro dioro seleccion j and d rioja|2001|750,Valsacro Dioro Seleccion J & D Rioja,2001,750,75,"Wine-Searcher average retail, vintage-specific (94/100, producer now Vinsacro)",ws_vintage,2026-09-17,0
vega sicilia alion|2020|750,Vega Sicilia Alion,2020,750,132.0,Wine-Searcher average retail 2020 Vega Sicilia Alion $132/750ml,ws_vintage,2026-09-21,0
vega sicilia alion|2021|750,Vega Sicilia Alion,2021,750,146.0,Wine-Searcher average retail 2021 Vega Sicilia Alion $146/750ml (individual retailers $108-$120: JJ Buckley $119.94 Saratoga $107.93 so avg skewed by high outliers),ws_vintage,2026-09-21,0
venica and venica sauvignon blanc ronco delle mele|2021|750,Venica & Venica Sauvignon Blanc Ronco delle Mele,2021,750,,Insufficient data,insufficient,2026-08-24,0
venus la universal montsant tinto dido|2013|750,Venus La Universal Montsant Tinto Dido,2013,750,27,"Wine-Searcher average retail, all-vintage (91/100 for 2013)",ws_allvintage,2026-09-17,0
verget meursault les charmes|1996|750,Verget Meursault Les Charmes,1996,750,,"Insufficient data - only score 95 found, no price",insufficient,2026-09-15,0
veuve a devaux coeur des bar blanc de blancs|NV|750,Veuve A. Devaux Coeur des Bar Blanc de Blancs,NV,750,60.0,Wine-Searcher average retail Veuve A. Devaux Coeur des Bar Blanc de Blancs Brut NV $60/750ml,ws_allvintage,2026-09-21,0
veuve clicquot ponsardin brut 250 anniversary edition|NV|750,Veuve Clicquot Ponsardin Brut 250 Anniversary Edition,NV,750,97.0,Wine-Searcher average retail Veuve Clicquot 250th Anniversary Yellow Label NV $97/750ml (an earlier query showed $112; retailer Westhampton $79.99; special-edition gift packaging),ws_allvintage,2026-09-21,0
veuve clicquot ponsardin brut rose 1818 2018|NV|750,Veuve Clicquot Ponsardin Brut Rose 1818-2018,NV,750,70,"Wine-Searcher, 1818-2018 commemorative Vintage Brut Rose, average price $70/750ml",ws_vintage,2026-09-28,0
veuve clicquot ponsardin brut rose|NV|750,Veuve Clicquot Ponsardin Brut Rosé,NV,750,67.4,"saratogawine.com, NV exact match",ws_vintage,2026-09-01,0
veuve clicquot ponsardin brut vintage|2004|750,Veuve Clicquot Ponsardin Brut Vintage,2004,750,320,"Wine-Searcher average retail, vintage-specific",ws_vintage,2026-09-15,0
veuve clicquot ponsardin brut vintage|2015|750,Veuve Clicquot Ponsardin Brut Vintage,2015,750,107.0,Wine-Searcher average retail 2015 Veuve Clicquot Vintage Brut $107/750ml,ws_vintage,2026-09-21,0
veuve clicquot ponsardin brut|NV|1500,Veuve Clicquot Ponsardin Brut,NV,1500,,Searched twice: no reliable magnum price found (retailer pages showed no price; snippets of ~$50-55 for a magnum are implausible); no reliable price found,insufficient,2026-09-21,0
veuve clicquot ponsardin brut|NV|375,Veuve Clicquot Ponsardin Brut,NV,375,45.99,Keg N Bottle lists Veuve Clicquot Yellow Label Brut 375ml at $45.99 (single retailer; exact size; direct listing not Wine-Searcher average),ws_single_retailer,2026-09-21,0
veuve clicquot ponsardin brut|NV|750,Veuve Clicquot Ponsardin Brut,NV,750,76,Wine-Searcher average retail (Yellow Label Brut NV),ws_vintage,2026-08-24,0
veuve clicquot ponsardin extra dry|NV|375,Veuve Clicquot Ponsardin Extra Dry,NV,375,35.81,"saratogawine.com (listed as Yellow Label Brut 375ml), NV exact match",ws_vintage,2026-09-01,0
veuve clicquot ponsardin rich rose|NV|750,Veuve Clicquot Ponsardin Rich Rose,NV,750,79.0,Wine-Searcher average retail Veuve Clicquot Rich Rose NV $79/750ml,ws_allvintage,2026-09-21,0
veuve clicquot ponsardin rich|NV|750,Veuve Clicquot Ponsardin Rich,NV,750,65.99,Veuve Clicquot Rich NV 750ml: Wine-Searcher retailer range $54.99-$65.99; direct listings Lisa's $69.99 Caskers $70.99 CWSpirits $74.99; used top of the WS-listed range,ws_single_retailer,2026-09-21,0
veuve doussot brut blanc de blancs|NV|750,Veuve Doussot Brut Blanc de Blancs,NV,750,,"Insufficient data: no Blanc de Blancs listing found (searched once, cluster query)",insufficient,2026-10-05,0
veuve doussot grand cuvee brut|NV|750,Veuve Doussot Grand Cuvee Brut,NV,750,,"Insufficient data: only outlier Cask Cartel $109.99 listing, rejected (searched once)",insufficient,2026-10-05,0
veuve doussot l by vd rose|NV|750,Veuve Doussot L by VD Rose,NV,750,57.0,Wine-Searcher average retail Veuve Doussot L by VD Rose NV ~$57/750ml,ws_allvintage,2026-09-21,0
vietti barbera d alba scarrone vigna vecchia|2009|1500,Vietti Barbera d'Alba Scarrone Vigna Vecchia,2009,1500,209,"Wine-Searcher average retail, vintage-specific (scaled to magnum)",ws_vintage,2026-08-24,0
vietti barbera d alba scarrone vigna vecchia|2009|750,Vietti Barbera d'Alba Scarrone Vigna Vecchia,2009,750,95,"Wine-Searcher average retail, vintage-specific",ws_vintage,2026-08-24,0
vietti barbera d alba scarrone|2021|750,Vietti Barbera D'Alba Scarrone,2021,750,,Insufficient data,insufficient,2026-08-24,0
vietti barolo brunate|2013|750,Vietti Barolo Brunate,2013,750,207,"Wine-Searcher average retail, vintage-specific",ws_vintage,2026-08-24,0
vietti barolo brunate|2017|750,Vietti Barolo Brunate,2017,750,,Insufficient data,insufficient,2026-08-24,0
vietti barolo brunate|2019|750,Vietti Barolo Brunate,2019,750,,Insufficient data,insufficient,2026-08-24,0
vietti barolo castiglione|2004|750,Vietti Barolo Castiglione,2004,750,237,"Wine-Searcher average retail, vintage-specific",ws_vintage,2026-09-15,0
vietti barolo castiglione|2017|750,Vietti Barolo Castiglione,2017,750,56.0,Wine-Searcher average retail 2017 Vietti Castiglione Barolo $56/750ml (retailers $49.99-$54); the $160+ figures seen earlier were Rocche di Castiglione a different wine and were rejected,ws_vintage,2026-09-21,0
vietti barolo castiglione|2020|750,Vietti Barolo Castiglione,2020,750,65,"Wine-Searcher average retail, vintage-specific",ws_vintage,2026-09-07,0
vietti barolo cerequio|2019|750,Vietti Barolo Cerequio,2019,750,,Insufficient data,insufficient,2026-08-24,0
vietti barolo lazzarito|2013|750,Vietti Barolo Lazzarito,2013,750,226,"Wine-Searcher average retail, vintage-specific",ws_vintage,2026-08-24,0
vietti barolo lazzarito|2017|750,Vietti Barolo Lazzarito,2017,750,,Insufficient data,insufficient,2026-08-24,0
vietti barolo lazzarito|2019|750,Vietti Barolo Lazzarito,2019,750,,Insufficient data,insufficient,2026-08-24,0
vietti barolo monvigliero|2018|750,Vietti Barolo Monvigliero,2018,750,323.52,"Saratoga Wine $323.52 for 2018 Vietti Monvigliero 750ml (other quotes: LCBO C$249, Costco 3-pack ~$200); single US retailer, high end of range",ws_single_retailer,2026-10-05,0
vietti barolo monvigliero|2019|750,Vietti Barolo Monvigliero,2019,750,248,"Retailer listing price (wine.com), not a confirmed Wine-Searcher average",ws_single_retailer,2026-08-24,0
vietti barolo rocche di castiglione|2014|750,Vietti Barolo Rocche di Castiglione,2014,750,183,"Wine-Searcher average retail, vintage-specific",ws_vintage,2026-08-24,0
vietti barolo rocche di castiglione|2017|750,Vietti Barolo Rocche di Castiglione,2017,750,,Insufficient data,insufficient,2026-08-24,0
vietti barolo|2021|750,Vietti Barolo,2021,750,68.0,Wine-Searcher average retail 2021 Vietti Castiglione Barolo $68/750ml (lot listed as Vietti Barolo taken as the Castiglione bottling),ws_vintage,2026-09-21,0
vietti langhe nebbiolo perbacco|2020|750,Vietti Langhe Nebbiolo Perbacco,2020,750,31.0,Wine-Searcher average retail 2020 Vietti Perbacco Langhe Nebbiolo $31/750ml,ws_vintage,2026-09-21,0
vietto barolo ravera|2019|750,Vietto Barolo Ravera,2019,750,,"Insufficient data - only scores 98-100 found, no price",insufficient,2026-09-15,0
vieux chateau gaubert|2005|750,Vieux Chateau Gaubert,2005,750,,"only a 2018 vintage found in market (13-year gap, beyond adjacent-vintage threshold)",insufficient,2026-09-01,0
vignoble gibault sauvignon blanc|2019|750,Vignoble Gibault Sauvignon Blanc,2019,750,16,"Wine-Searcher average retail, all-vintage",ws_allvintage,2026-09-15,0
vignobles and compagnie cotes du rhone les combelles|2020|750,Vignobles & Compagnie Cotes Du Rhone Les Combelles,2020,750,,no retailer price found for this vintage,insufficient,2026-09-01,0
vignobles mayard chateauneuf du pape la crau de ma mere|2009|750,Vignobles Mayard Châteauneuf-du-Pape La Crau De Ma Mère,2009,750,62,"Wine-Searcher average retail, adjacent vintage (2010; 2009 not listed on Wine-Searcher)",ws_adjacent,2026-09-07,0
vincent and francois jouard chassagne montrachet les chaumees clos de la truffiere v v|2003|750,Vincent & Francois Jouard Chassagne Montrachet Les Chaumees Clos de la Truffiere V.V.,2003,750,125,"Wine-Searcher average retail, all-vintage (88/100 for 2003)",ws_allvintage,2026-09-17,0
vincent and francois jouard chassagne montrachet les chaumees clos de la truffiere v v|2023|750,Vincent & Francois Jouard Chassagne Montrachet Les Chaumees Clos de la Truffiere V.V.,2023,750,,"Insufficient data - searched, only GBP pricing found",insufficient,2026-10-05,0
vincent and francois jouard chassagne montrachet les chenevottes vieilles vignes|2023|750,Vincent & Francois Jouard Chassagne Montrachet Les Chenevottes Vieilles Vignes,2023,750,,"Insufficient data - searched, only GBP pricing found",insufficient,2026-10-05,0
vincent and sophie morey chassagne montrachet les baudines|2019|750,Vincent & Sophie Morey Chassagne-Montrachet Les Baudines,2019,750,99.99,GoodPour US retailer Vincent & Sophie Morey Chassagne-Montrachet 1er Cru Baudines 750ml $99.99; vintage not stated on listing,ws_allvintage,2026-10-05,0
vincent dureuil janthial rully vauvry|2020|750,Vincent Dureuil-Janthial Rully Vauvry,2020,750,,Insufficient data: no Vauvry listing found (searched once),insufficient,2026-10-05,0
vincent girardin puligny montrachet vieilles vignes|2022|750,Vincent Girardin Puligny-Montrachet Vieilles Vignes,2022,750,148.0,Wine-Searcher average retail 2022 Vincent Girardin Puligny-Montrachet Vieilles Vignes ~$148-150/750ml (Total Wine $142.47),ws_vintage,2026-09-21,0
vincent girardin santenay la comme|2006|750,Vincent Girardin Santenay La Comme,2006,750,,"Insufficient data - only a different Blanc variant found, not the red La Comme 2006",insufficient,2026-09-15,0
vincent girardin santenay les gravieres|1996|750,Vincent Girardin Santenay Les Gravieres,1996,750,,"Insufficient data - no pricing found for the 1996 vintage; only recent vintages (e.g. 2022) listed, too distant to substitute as adjacent",insufficient,2026-09-07,0
vinhas de xisto reserva|2019|750,Vinhas De Xisto Reserva,2019,750,13,"Wine-Searcher average retail, all-vintage",ws_allvintage,2026-09-15,0
vins auvigue pouilly fuisse les villages|2021|750,Vins Auvigue Pouilly-Fuisse Les Villages,2021,750,56.0,Wine-Searcher average retail 2021 Vins Auvigue Pouilly-Fuisse Les Villages $56/750ml (retailers $36.90-$55.99 so avg is at the high end),ws_vintage,2026-09-21,0
virginie de valandraud blanc|2024|750,Virginie de Valandraud Blanc,2024,750,40,"Wine-Searcher average retail, all-vintage",ws_allvintage,2026-09-17,0
virginie de valandraud|2016|750,Virginie de Valandraud,2016,750,65.0,Wine-Searcher average retail 2016 Virginie de Valandraud $65/750ml,ws_vintage,2026-09-21,0
virna di borgogno barolo noi|2018|750,Virna di Borgogno Barolo Noi,2018,750,40,"Wine-Searcher average retail, vintage-specific",ws_vintage,2026-08-24,0
virna di borgogno barolo sarmassa|2013|1500,Virna di Borgogno Barolo Sarmassa,2013,1500,,"Insufficient data - searched, results were Roberto Voerzio (different producer)",insufficient,2026-10-05,0
vite colte barolo riserva essenze|2008|1500,Vite Colte Barolo Riserva Essenze,2008,1500,,Insufficient data: no Essenze 2008 1.5L price found (searched once),insufficient,2026-10-05,0
viuva jose gomes da silva and filhos colares reserva tinto|1967|650,Viuva José Gomes da Silva & Filhos Colares Reserva Tinto,1967,650,,Insufficient data: only GBP prices (searched once),insufficient,2026-10-05,0
voerzio martini barolo cerequio|2018|750,Voerzio Martini Barolo Cerequio,2018,750,,"Insufficient data - searched, results were Roberto Voerzio (different producer)",insufficient,2026-10-05,0
voerzio martini barolo monvigliero|2018|750,Voerzio Martini Barolo Monvigliero,2018,750,,"Insufficient data - searched, no Voerzio Martini Monvigliero price found",insufficient,2026-10-05,0
walter lodali barolo bricco ambrogio|2019|750,Walter Lodali Barolo Bricco Ambrogio,2019,750,,candidate retailer pages showed no price or were blocked (out of stock),insufficient,2026-09-01,0
weingut schloss gobelsburg gruner veltliner lamm 1 otw kamptal|2015|750,Weingut Schloss Gobelsburg Gruner Veltliner Lamm 1 ÖTW Kamptal,2015,750,47,"Wine-Searcher average retail (ex-tax), vintage-specific",ws_vintage,2026-08-24,0
weingut schloss gobelsburg riesling zobinger heiligenstein|2015|750,Weingut Schloss Gobelsburg Riesling Zöbinger Heiligenstein,2015,750,,Insufficient data,insufficient,2026-08-24,0
william fevre chablis bougros|2020|1500,William Fevre Chablis Bougros,2020,1500,332.2,"Wine-Searcher average price $151/750ml (general, not vintage-tied), scaled x2.2 for 1.5L magnum format",ws_allvintage,2026-09-28,0
william fevre chablis bougros|2020|750,William Fevre Chablis Bougros,2020,750,151,Wine-Searcher average price $151/750ml (not clearly vintage-tied to 2020),ws_allvintage,2026-09-28,0
william fevre chablis bougros|2021|750,William Fevre Chablis Bougros,2021,750,151,Wine-Searcher average price $151/750ml (not clearly vintage-tied to 2021),ws_allvintage,2026-09-28,0
william fevre chablis champs royaux|2015|1500,William Fevre Chablis Champs Royaux,2015,1500,62,Estimate from general knowledge (entry-level Chablis retail range),estimate,2026-08-24,0
william fevre chablis fourchaume|2021|750,William Fevre Chablis Fourchaume,2021,750,88,"Wine-Searcher $88/750ml, 91pt (not clearly vintage-tied to 2021)",ws_allvintage,2026-09-28,0
william fevre chablis fourchaume|2022|750,William Fevre Chablis Fourchaume,2022,750,75,"Wine-Searcher average price $75/750ml, vintage-specific (2022), 91pt",ws_vintage,2026-09-28,0
william fevre chablis montee de tonnerre|2017|750,William Fevre Chablis Montée de Tonnerre,2017,750,150,"The Odd Wine Company (Santa Rosa, CA) $150/750ml, vintage-specific (2017)",ws_single_retailer,2026-09-28,0
william fevre chablis montmains|2016|750,William Fevre Chablis Montmains,2016,750,,"Stage 1: award mention (IWC Gold, 95pt) but no price figure",insufficient,2026-09-28,0
william fevre chablis montmains|2017|750,William Fevre Chablis Montmains,2017,750,79,"Wine-Searcher average price $79/750ml, vintage-specific (2017), 91pt",ws_vintage,2026-09-28,0
william fevre chablis montmains|2018|750,William Fevre Chablis Montmains,2018,750,94.99,"Sage Society (Los Angeles, CA) $94.99/750ml, vintage-specific (2018)",ws_single_retailer,2026-09-28,0
william fevre chablis montmains|2019|750,William Fevre Chablis Montmains,2019,750,68,"Wine-Searcher average price $68/750ml, vintage-specific (2019), 90pt",ws_vintage,2026-09-28,0
william fevre chablis montmains|2020|750,William Fevre Chablis Montmains,2020,750,74,"Wine-Searcher average price (ex-tax) $74/750ml, vintage-specific (2020), 93pt",ws_vintage,2026-09-28,0
william fevre chablis montmains|2022|750,William Fevre Chablis Montmains,2022,750,64.95,"Hi-Time Wine Cellars (CA), case of 6, $64.95/750ml, vintage-specific (2022)",ws_single_retailer,2026-09-28,0
william fevre chablis preuses|2014|750,William Fevre Chablis Preuses,2014,750,150,"Wine-Searcher $150/750ml, 93pt (not clearly vintage-tied to 2014)",ws_allvintage,2026-09-28,0
william fevre chablis preuses|2018|750,William Fevre Chablis Preuses,2018,750,109.94,"J.J. Buckley $109.94 (out of stock; Saratoga $134.35, Flatiron $149.99) for 2018 Fevre Preuses 750ml",ws_single_retailer,2026-10-05,0
william fevre chablis vaillons|2014|750,William Fevre Chablis Vaillons,2014,750,64.0,Wine-Searcher average retail 2014 William Fevre Chablis Vaillons $64/750ml,ws_vintage,2026-09-21,0
william fevre chablis vaillons|2018|750,William Fevre Chablis Vaillons,2018,750,83,Wine-Searcher average price $83/750ml (not clearly vintage-tied to 2018),ws_allvintage,2026-09-28,0
william fevre chablis vaillons|2019|750,William Fevre Chablis Vaillons,2019,750,70,"Wine-Searcher, $70/750ml, vintage-specific (2019), 90pt",ws_vintage,2026-09-28,0
william fevre chablis vaillons|2020|750,William Fevre Chablis Vaillons,2020,750,86,"Wine-Searcher $86/750ml, vintage-specific (2020), 91pt",ws_vintage,2026-09-28,0
william fevre chablis vaillons|2021|750,William Fevre Chablis Vaillons,2021,750,83,Wine-Searcher average price $83/750ml (not clearly vintage-tied to 2021),ws_allvintage,2026-09-28,0
william fevre chablis valmur|2000|750,William Fevre Chablis Valmur,2000,750,,"only 2007 and 2023 vintages found in market, no reliable price for this old vintage",insufficient,2026-09-01,0
william fevre chablis|2006|750,William Fevre Chablis,2006,750,,Insufficient data,insufficient,2026-08-24,0
william kelley bourgogne aligote|2023|750,William Kelley Bourgogne Aligoté,2023,750,,"Insufficient data - only implausible outlier figure ($4,450) found, not used",insufficient,2026-09-15,0
william kelley coteaux bourguignons escarottes|2023|750,William Kelley Coteaux Bourguignons Escarottes,2023,750,,Insufficient data,insufficient,2026-08-24,0
xavier besson givry les grands pretans vieilles vignes|1999|750,Xavier Besson Givry Les Grands Pretans Vieilles Vignes,1999,750,,Stage 1: no price figure returned,insufficient,2026-09-28,0
xavier vignon chateauneuf du pape la reserve vii ix x|NV|1500,Xavier Vignon Chateauneuf Du Pape La Reserve VII IX X,NV,1500,115.0,WineAccess lists NV Xavier Vignon CdP La Reserve VII IX X in magnum at $115 (sale price from $200 original; 750ml avg $73; used observed magnum price not scaled),ws_single_retailer,2026-09-21,0
y lancelot wanner brut grand cru chardonnay reserve|NV|750,Y. Lancelot-Wanner Brut Grand Cru Chardonnay Reserve,NV,750,32,"Wine-Searcher average retail (€30/750ml converted to USD), all-vintage",ws_allvintage,2026-09-07,0
yves cuilleron cote rotie lieu dit bonnivieres|2019|750,Yves Cuilleron Côte-Rôtie Lieu-dit Bonnivieres,2019,750,72,"Single retailer listing (Millesima), vintage-specific",ws_single_retailer,2026-08-24,0
zenato amarone della valpolicella classico|2016|750,Zenato Amarone della Valpolicella Classico,2016,750,,Stage 1: no price figure returned,insufficient,2026-09-28,0
zenato valpolicella superiore ripassa|2005|750,Zenato Valpolicella Superiore Ripassa,2005,750,,Insufficient data: no 2005 price; only current Costco vintage (searched once),insufficient,2026-10-05,0
zind humbrecht gewurztraminer|2020|750,Zind-Humbrecht Gewurztraminer,2020,750,40,"Estimate from general knowledge (base-tier Zind-Humbrecht Gewurztraminer, e.g. Turckheim bottling)",estimate,2026-08-24,0
zind humbrecht pinot gris rangen de thann clos st urbain|1996|750,Zind-Humbrecht Pinot Gris Rangen de Thann Clos St. Urbain,1996,750,,No 1996 price at any source; only current-vintage average $125; searched twice; no reliable price found,insufficient,2026-09-21,0
zind humbrecht pinot gris rangen de thann clos st urbain|2021|750,Zind-Humbrecht Pinot Gris Rangen de Thann Clos St. Urbain,2021,750,125.0,Wine-Searcher average retail Zind-Humbrecht Pinot Gris Rangen de Thann Clos St Urbain $125/750ml (2021 page not vintage-tied; Woodland Hills $104.95 on sale from $140),ws_allvintage,2026-09-21,0
zind humbrecht riesling brand turckheim|1990|750,Zind-Humbrecht Riesling Brand Turckheim,1990,750,,"only the Vendange Tardive (late harvest) bottling was found in market, not a match for our dry lot",insufficient,2026-09-01,0
zind humbrecht tokay pinot gris heimbourg turckheim selection des grains nobles|2000|375,Zind-Humbrecht Tokay Pinot Gris Heimbourg Turckheim Selection des Grains Nobles,2000,375,55,"Wine-Searcher average price $110/750ml across vintages, not clearly 2000-specific, scaled x0.5 for 375ml half-bottle",ws_allvintage,2026-09-28,0
zind humbrecht tokay pinot gris hunawihr clos windsbuhl|1993|375,Zind-Humbrecht Tokay Pinot Gris Hunawihr Clos Windsbuhl,1993,375,,Insufficient data: no 1993 375ml price; only 1994 750ml (searched twice),insufficient,2026-10-05,0
